6mer_peptide,SB,label,predicted_class,binder_prob,confidence_category,label_bootstrap_mean,label_bootstrap_sd
NNLTVP,src-1,Stimulated,1.0,0.9233462799207329,confident binder,0.5210544225752904,0.0017189457498975767
VGLTGL,src-1,Stimulated,1.0,0.7737368894556673,confident binder,0.5210544225752904,0.0017189457498975767
ELSSGE,src-1,Stimulated,0.0,0.14173158168358818,confident nonbinder,0.5210544225752904,0.0017189457498975767
GIANMR,src-1,Stimulated,1.0,0.9823006729254256,confident binder,0.5210544225752904,0.0017189457498975767
RRNIPH,src-1,Stimulated,0.0,0.1384331104190539,confident nonbinder,0.5210544225752904,0.0017189457498975767
SQVCAE,src-1,Stimulated,1.0,0.5572779225632479,low-confidence,0.5210544225752904,0.0017189457498975767
TLSQFQ,src-1,Stimulated,1.0,0.7921950045354295,confident binder,0.5210544225752904,0.0017189457498975767
LHQPAA,src-1,Stimulated,1.0,0.5548419809534696,low-confidence,0.5210544225752904,0.0017189457498975767
DDEVIP,src-1,Stimulated,1.0,0.9454004866142097,confident binder,0.5210544225752904,0.0017189457498975767
VGEGGL,src-1,Stimulated,0.0,0.2072651366729691,confident nonbinder,0.5210544225752904,0.0017189457498975767
ADEDDF,src-1,Stimulated,0.0,0.1966247296039057,confident nonbinder,0.5210544225752904,0.0017189457498975767
SLNLPR,src-1,Stimulated,1.0,0.8569324599691509,confident binder,0.5210544225752904,0.0017189457498975767
MNEGPG,src-1,Stimulated,0.0,0.06268463445951745,confident nonbinder,0.5210544225752904,0.0017189457498975767
KGALVP,src-1,Stimulated,1.0,0.8788312688945962,confident binder,0.5210544225752904,0.0017189457498975767
QNDLTE,src-1,Stimulated,0.0,0.060848520251402104,confident nonbinder,0.5210544225752904,0.0017189457498975767
ALSTAM,src-1,Stimulated,1.0,0.8602091224241862,confident binder,0.5210544225752904,0.0017189457498975767
EEDYMK,src-1,Stimulated,1.0,0.8365101128857112,confident binder,0.5210544225752904,0.0017189457498975767
GDDQSR,src-1,Stimulated,0.0,0.05299797490188358,confident nonbinder,0.5210544225752904,0.0017189457498975767
NVDQAW,src-1,Stimulated,1.0,0.8440286471000298,confident binder,0.5210544225752904,0.0017189457498975767
ENDFSS,src-1,Stimulated,0.0,0.0357510093283025,confident nonbinder,0.5210544225752904,0.0017189457498975767
TEMTPS,src-1,Stimulated,1.0,0.754350752600217,confident binder,0.5210544225752904,0.0017189457498975767
NQDNDV,src-1,Stimulated,0.0,0.26659044558323763,confident nonbinder,0.5210544225752904,0.0017189457498975767
REWSEP,src-1,Stimulated,1.0,0.7457346575652767,confident binder,0.5210544225752904,0.0017189457498975767
DEDVHE,src-1,Stimulated,0.0,0.2517276605473563,confident nonbinder,0.5210544225752904,0.0017189457498975767
FEETQR,src-1,Stimulated,1.0,0.7774503928423476,confident binder,0.5210544225752904,0.0017189457498975767
LMFSGA,src-1,Stimulated,1.0,0.699430948540308,confident binder,0.5210544225752904,0.0017189457498975767
LLSTIP,src-1,Stimulated,1.0,0.946519495958368,confident binder,0.5210544225752904,0.0017189457498975767
DSELTG,src-1,Stimulated,0.0,0.050964599674377255,confident nonbinder,0.5210544225752904,0.0017189457498975767
RATSPL,src-1,Stimulated,0.0,0.45315425895358763,low-confidence,0.5210544225752904,0.0017189457498975767
NTNQTA,src-1,Stimulated,0.0,0.16491375691304871,confident nonbinder,0.5210544225752904,0.0017189457498975767
EDIEPA,src-1,Stimulated,1.0,0.9450209319512596,confident binder,0.5210544225752904,0.0017189457498975767
STSNLY,src-1,Stimulated,1.0,0.9728332409342164,confident binder,0.5210544225752904,0.0017189457498975767
GFDTSE,src-1,Stimulated,0.0,0.16908663852868294,confident nonbinder,0.5210544225752904,0.0017189457498975767
PDWALA,src-1,Stimulated,1.0,0.9958471112037889,confident binder,0.5210544225752904,0.0017189457498975767
CPAVAL,src-1,Stimulated,1.0,0.887325749182304,confident binder,0.5210544225752904,0.0017189457498975767
DPATFV,src-1,Stimulated,1.0,0.7900816374184748,confident binder,0.5210544225752904,0.0017189457498975767
GFSGFS,src-1,Stimulated,0.0,0.3224483868222155,confident nonbinder,0.5210544225752904,0.0017189457498975767
KSSFIA,src-1,Stimulated,1.0,0.8951265701127563,confident binder,0.5210544225752904,0.0017189457498975767
VMASTE,src-1,Stimulated,0.0,0.3372932030072869,confident nonbinder,0.5210544225752904,0.0017189457498975767
PGIPIP,src-1,Stimulated,1.0,0.7945392753161031,confident binder,0.5210544225752904,0.0017189457498975767
SAATPG,src-1,Stimulated,0.0,0.5339014697339094,low-confidence,0.5210544225752904,0.0017189457498975767
HPEHCE,src-1,Stimulated,0.0,0.006958795058300854,confident nonbinder,0.5210544225752904,0.0017189457498975767
NFDTIS,src-1,Stimulated,1.0,0.9610169573427892,confident binder,0.5210544225752904,0.0017189457498975767
NTDKTA,src-1,Stimulated,0.0,0.31633180310598114,confident nonbinder,0.5210544225752904,0.0017189457498975767
ESMNLK,src-1,Stimulated,1.0,0.9741247451917157,confident binder,0.5210544225752904,0.0017189457498975767
LEEMTQ,src-1,Stimulated,1.0,0.5729041032591747,low-confidence,0.5210544225752904,0.0017189457498975767
GEEDLR,src-1,Stimulated,,,1,0.5210544225752904,0.0017189457498975767
PFEIVE,src-1,Stimulated,1.0,0.9555832169170343,confident binder,0.5210544225752904,0.0017189457498975767
GWVSVQ,src-1,Stimulated,1.0,0.9828559385143679,confident binder,0.5210544225752904,0.0017189457498975767
LQIDAI,src-1,Stimulated,1.0,0.7921089025506648,confident binder,0.5210544225752904,0.0017189457498975767
QKLSFT,src-1,Stimulated,1.0,0.7134112659001082,confident binder,0.5210544225752904,0.0017189457498975767
IEEQET,src-1,Stimulated,0.0,0.10878580798141295,confident nonbinder,0.5210544225752904,0.0017189457498975767
KLQSAG,src-1,Stimulated,0.0,0.21770060400432104,confident nonbinder,0.5210544225752904,0.0017189457498975767
TPAEYG,src-1,Stimulated,1.0,0.6612975689158287,confident binder,0.5210544225752904,0.0017189457498975767
SQAYAA,src-1,Stimulated,1.0,0.5959822224643054,low-confidence,0.5210544225752904,0.0017189457498975767
DISGGG,src-1,Stimulated,0.0,0.017209464655912755,confident nonbinder,0.5210544225752904,0.0017189457498975767
HMLPTK,src-1,Stimulated,0.0,0.5,low-confidence,0.5210544225752904,0.0017189457498975767
RDSAPV,src-1,Stimulated,0.0,0.2321163736766338,confident nonbinder,0.5210544225752904,0.0017189457498975767
ILQTVT,src-1,Stimulated,1.0,0.8856293701079797,confident binder,0.5210544225752904,0.0017189457498975767
HPELLL,src-1,Stimulated,1.0,0.9676437749809401,confident binder,0.5210544225752904,0.0017189457498975767
IDDFPS,src-1,Stimulated,0.0,0.49103150688398983,low-confidence,0.5210544225752904,0.0017189457498975767
QTAVPL,src-1,Stimulated,1.0,0.9423959248455067,confident binder,0.5210544225752904,0.0017189457498975767
PVSSPR,src-1,Stimulated,1.0,0.8489743316646401,confident binder,0.5210544225752904,0.0017189457498975767
SLSDEE,src-1,Stimulated,0.0,0.1191409253514593,confident nonbinder,0.5210544225752904,0.0017189457498975767
GEQAAV,src-1,Stimulated,0.0,0.3757250442465006,confident nonbinder,0.5210544225752904,0.0017189457498975767
ETALPA,src-1,Stimulated,1.0,0.9371058686719007,confident binder,0.5210544225752904,0.0017189457498975767
RLQVLE,src-1,Stimulated,1.0,0.9162797489093107,confident binder,0.5210544225752904,0.0017189457498975767
GDVFDT,src-1,Stimulated,0.0,0.13559081808577259,confident nonbinder,0.5210544225752904,0.0017189457498975767
SDDGIG,src-1,Stimulated,0.0,0.35506443340495836,confident nonbinder,0.5210544225752904,0.0017189457498975767
ENDFPV,src-1,Stimulated,1.0,0.6447872956029101,confident binder,0.5210544225752904,0.0017189457498975767
DRDSDR,src-1,Stimulated,0.0,0.019080031647122925,confident nonbinder,0.5210544225752904,0.0017189457498975767
QISDGS,src-1,Stimulated,0.0,0.13631125808533226,confident nonbinder,0.5210544225752904,0.0017189457498975767
YSETSD,src-1,Stimulated,0.0,0.07423063753550063,confident nonbinder,0.5210544225752904,0.0017189457498975767
SGAEPA,src-1,Stimulated,1.0,0.9119178920490398,confident binder,0.5210544225752904,0.0017189457498975767
DFESEH,src-1,Stimulated,0.0,0.3068636590869118,confident nonbinder,0.5210544225752904,0.0017189457498975767
STTSDK,src-1,Stimulated,,,0,0.5210544225752904,0.0017189457498975767
EDLHMV,src-1,Stimulated,0.0,0.0804498434552829,confident nonbinder,0.5210544225752904,0.0017189457498975767
DEKVTI,src-1,Stimulated,0.0,0.21263268845323247,confident nonbinder,0.5210544225752904,0.0017189457498975767
PSFEIP,src-1,Stimulated,1.0,0.851177941189138,confident binder,0.5210544225752904,0.0017189457498975767
AAVQHV,src-1,Stimulated,1.0,0.7811916925535833,confident binder,0.5210544225752904,0.0017189457498975767
NEDDNG,src-1,Stimulated,0.0,0.020388879731731195,confident nonbinder,0.5210544225752904,0.0017189457498975767
KEVTVK,src-1,Stimulated,1.0,0.9333797740091327,confident binder,0.5210544225752904,0.0017189457498975767
DQSLVE,src-1,Stimulated,1.0,0.6893354616813511,confident binder,0.5210544225752904,0.0017189457498975767
EMDDVH,src-1,Stimulated,1.0,0.9063545149592571,confident binder,0.5210544225752904,0.0017189457498975767
FATGTE,src-1,Stimulated,0.0,0.19867999180112977,confident nonbinder,0.5210544225752904,0.0017189457498975767
DLERER,src-1,Stimulated,1.0,0.801042027113054,confident binder,0.5210544225752904,0.0017189457498975767
VFKDVA,src-1,Stimulated,1.0,0.8825585269669179,confident binder,0.5210544225752904,0.0017189457498975767
SEESPF,src-1,Stimulated,1.0,0.8572086238370314,confident binder,0.5210544225752904,0.0017189457498975767
HLLPLE,src-1,Stimulated,1.0,0.9134248787844103,confident binder,0.5210544225752904,0.0017189457498975767
DGNYTL,src-1,Stimulated,0.0,0.1031646844672047,confident nonbinder,0.5210544225752904,0.0017189457498975767
ELTVVQ,src-1,Stimulated,1.0,0.9486129202633483,confident binder,0.5210544225752904,0.0017189457498975767
PNEMLK,src-1,Stimulated,1.0,0.9661206651695944,confident binder,0.5210544225752904,0.0017189457498975767
TGIESL,src-1,Stimulated,1.0,0.7516931204281381,confident binder,0.5210544225752904,0.0017189457498975767
YPSDAI,src-1,Stimulated,0.0,0.4164334177773771,low-confidence,0.5210544225752904,0.0017189457498975767
ELDLPA,src-1,Stimulated,1.0,0.9605484539088965,confident binder,0.5210544225752904,0.0017189457498975767
LMESEK,src-1,Stimulated,1.0,0.5579284521447413,low-confidence,0.5210544225752904,0.0017189457498975767
DETSSV,src-1,Stimulated,0.0,0.0893476264828336,confident nonbinder,0.5210544225752904,0.0017189457498975767
TDIPLL,src-1,Stimulated,1.0,0.8633987304303334,confident binder,0.5210544225752904,0.0017189457498975767
LHIHSD,src-1,Stimulated,0.0,0.01698827002718984,confident nonbinder,0.5210544225752904,0.0017189457498975767
SSAQLP,src-1,Stimulated,1.0,0.815021244964718,confident binder,0.5210544225752904,0.0017189457498975767
SPGETI,src-1,Stimulated,0.0,0.03190493086606886,confident nonbinder,0.5210544225752904,0.0017189457498975767
PQAPAP,src-1,Stimulated,0.0,0.08149217581610091,confident nonbinder,0.5210544225752904,0.0017189457498975767
SDDNPI,src-1,Stimulated,1.0,0.8748940101681202,confident binder,0.5210544225752904,0.0017189457498975767
GYSYLK,src-1,Stimulated,1.0,0.9449079121088925,confident binder,0.5210544225752904,0.0017189457498975767
GEAVHV,src-1,Stimulated,1.0,0.7175647973585488,confident binder,0.5210544225752904,0.0017189457498975767
GLSYIR,src-1,Stimulated,1.0,0.9461948338976434,confident binder,0.5210544225752904,0.0017189457498975767
DHNNLS,src-1,Stimulated,1.0,0.9287620509532161,confident binder,0.5210544225752904,0.0017189457498975767
TKILPT,src-1,Stimulated,1.0,0.8271135423952878,confident binder,0.5210544225752904,0.0017189457498975767
DDSSSR,src-1,Stimulated,0.0,0.036734126836198304,confident nonbinder,0.5210544225752904,0.0017189457498975767
SGSYEK,src-1,Stimulated,0.0,0.06634348487563874,confident nonbinder,0.5210544225752904,0.0017189457498975767
YYSDGS,src-1,Stimulated,0.0,0.14859175577865114,confident nonbinder,0.5210544225752904,0.0017189457498975767
KMQDMA,src-1,Stimulated,1.0,0.8947204474063435,confident binder,0.5210544225752904,0.0017189457498975767
KVEQLD,src-1,Stimulated,1.0,0.916900220715366,confident binder,0.5210544225752904,0.0017189457498975767
DQATVT,src-1,Stimulated,1.0,0.8320537363575599,confident binder,0.5210544225752904,0.0017189457498975767
DPYDYE,src-1,Stimulated,1.0,0.5775517817567613,low-confidence,0.5210544225752904,0.0017189457498975767
NLNHPQ,src-1,Stimulated,0.0,0.014672622946976624,confident nonbinder,0.5210544225752904,0.0017189457498975767
TIETAA,src-1,Stimulated,1.0,0.9103061844108922,confident binder,0.5210544225752904,0.0017189457498975767
VGETIL,src-1,Stimulated,1.0,0.9553177501557866,confident binder,0.5210544225752904,0.0017189457498975767
DAVQLD,src-1,Stimulated,1.0,0.8853569343718515,confident binder,0.5210544225752904,0.0017189457498975767
PAELDP,src-1,Stimulated,0.0,0.1464491213394011,confident nonbinder,0.5210544225752904,0.0017189457498975767
TTSVSA,src-1,Stimulated,0.0,0.43297718627332044,low-confidence,0.5210544225752904,0.0017189457498975767
DLSSGR,src-1,Stimulated,0.0,0.319570246127493,confident nonbinder,0.5210544225752904,0.0017189457498975767
CLSSAY,src-1,Stimulated,1.0,0.8179519941277243,confident binder,0.5210544225752904,0.0017189457498975767
DKATVS,src-1,Stimulated,1.0,0.8074588589258067,confident binder,0.5210544225752904,0.0017189457498975767
SSEDYA,src-1,Stimulated,1.0,0.7644166824772191,confident binder,0.5210544225752904,0.0017189457498975767
QNQNSE,src-1,Stimulated,0.0,0.12699470402033278,confident nonbinder,0.5210544225752904,0.0017189457498975767
DLAEQM,src-1,Stimulated,1.0,0.9060057378067481,confident binder,0.5210544225752904,0.0017189457498975767
ADESGR,src-1,Stimulated,0.0,0.143020692642536,confident nonbinder,0.5210544225752904,0.0017189457498975767
EEIEGL,src-1,Stimulated,1.0,0.680122962166315,confident binder,0.5210544225752904,0.0017189457498975767
KPHPLV,src-1,Stimulated,0.0,0.5,low-confidence,0.5210544225752904,0.0017189457498975767
AHNELQ,src-1,Stimulated,1.0,0.8761449669213441,confident binder,0.5210544225752904,0.0017189457498975767
FISPII,src-1,Stimulated,1.0,0.8024322361866271,confident binder,0.5210544225752904,0.0017189457498975767
EADQRQ,src-1,Stimulated,0.0,0.07243522646704602,confident nonbinder,0.5210544225752904,0.0017189457498975767
ENQTMS,src-1,Stimulated,1.0,0.6067689600434075,confident binder,0.5210544225752904,0.0017189457498975767
QQSRPQ,src-1,Stimulated,1.0,0.6050188816455916,confident binder,0.5210544225752904,0.0017189457498975767
PSENLK,src-1,Stimulated,1.0,0.9806230205838655,confident binder,0.5210544225752904,0.0017189457498975767
DDEEEE,src-1,Stimulated,0.0,0.04512033869993694,confident nonbinder,0.5210544225752904,0.0017189457498975767
SAVSPS,src-1,Stimulated,1.0,0.6534690459160581,confident binder,0.5210544225752904,0.0017189457498975767
AFEECK,src-1,Stimulated,1.0,0.9440670212166793,confident binder,0.5210544225752904,0.0017189457498975767
GVEAFV,src-1,Stimulated,1.0,0.8070143644307655,confident binder,0.5210544225752904,0.0017189457498975767
SPGDPI,src-1,Stimulated,0.0,0.16205796720785565,confident nonbinder,0.5210544225752904,0.0017189457498975767
LEDSGS,src-1,Stimulated,0.0,0.07754853351307503,confident nonbinder,0.5210544225752904,0.0017189457498975767
PDLECL,src-1,Stimulated,1.0,0.8609418660536191,confident binder,0.5210544225752904,0.0017189457498975767
IEDKLR,src-1,Stimulated,1.0,0.9168165460681758,confident binder,0.5210544225752904,0.0017189457498975767
ADESHL,src-1,Stimulated,0.0,0.5,low-confidence,0.5210544225752904,0.0017189457498975767
TAEDYY,src-1,Stimulated,1.0,0.8830291373511054,confident binder,0.5210544225752904,0.0017189457498975767
AQTNAV,src-1,Stimulated,1.0,0.8454090593398346,confident binder,0.5210544225752904,0.0017189457498975767
LKSEPR,src-1,Stimulated,1.0,0.855816112792604,confident binder,0.5210544225752904,0.0017189457498975767
EQERED,src-1,Stimulated,0.0,0.08033170762746901,confident nonbinder,0.5210544225752904,0.0017189457498975767
ESFTTR,src-1,Stimulated,0.0,0.24598870474846204,confident nonbinder,0.5210544225752904,0.0017189457498975767
SGSTAS,src-1,Stimulated,0.0,0.19522070928578072,confident nonbinder,0.5210544225752904,0.0017189457498975767
SFSQDV,src-1,Stimulated,0.0,0.24883457186787672,confident nonbinder,0.5210544225752904,0.0017189457498975767
KISLSS,src-1,Stimulated,0.0,0.21081330033778004,confident nonbinder,0.5210544225752904,0.0017189457498975767
NPSGDL,src-1,Stimulated,0.0,0.029623937566231506,confident nonbinder,0.5210544225752904,0.0017189457498975767
SPATSL,src-1,Stimulated,0.0,0.36159878904328435,confident nonbinder,0.5210544225752904,0.0017189457498975767
VLERPQ,src-1,Stimulated,1.0,0.9731433465000372,confident binder,0.5210544225752904,0.0017189457498975767
SGVPPP,src-1,Stimulated,0.0,0.41615248535648536,low-confidence,0.5210544225752904,0.0017189457498975767
SPATLT,src-1,Stimulated,,,1,0.5210544225752904,0.0017189457498975767
QTITLK,src-1,Stimulated,1.0,0.9745705888490266,confident binder,0.5210544225752904,0.0017189457498975767
KAQLER,src-1,Stimulated,0.0,0.13375997445348267,confident nonbinder,0.5210544225752904,0.0017189457498975767
DRVCSG,src-1,Stimulated,0.0,0.1524528480114208,confident nonbinder,0.5210544225752904,0.0017189457498975767
DDEEED,src-1,Stimulated,0.0,0.03944612952642415,confident nonbinder,0.5210544225752904,0.0017189457498975767
AQDAAH,src-1,Stimulated,0.0,0.38814910768051303,confident nonbinder,0.5210544225752904,0.0017189457498975767
ETQENT,src-1,Stimulated,0.0,0.07511881632205432,confident nonbinder,0.5210544225752904,0.0017189457498975767
NDGYGG,src-1,Stimulated,0.0,0.0024713613044077924,confident nonbinder,0.5210544225752904,0.0017189457498975767
YGEKPE,src-1,Stimulated,1.0,0.6725035965206075,confident binder,0.5210544225752904,0.0017189457498975767
SVAVSS,src-1,Stimulated,0.0,0.5307065673822279,low-confidence,0.5210544225752904,0.0017189457498975767
AVTYHE,src-1,Stimulated,1.0,0.6571523340057237,confident binder,0.5210544225752904,0.0017189457498975767
GVRELV,src-1,Stimulated,0.0,0.04894873727562119,confident nonbinder,0.5210544225752904,0.0017189457498975767
HTELLA,src-1,Stimulated,1.0,0.9845192356425039,confident binder,0.5210544225752904,0.0017189457498975767
GDSGGP,src-1,Stimulated,0.0,0.006215172633018473,confident nonbinder,0.5210544225752904,0.0017189457498975767
VEEGDL,src-1,Stimulated,0.0,0.14142468202808917,confident nonbinder,0.5210544225752904,0.0017189457498975767
PSISDV,src-1,Stimulated,0.0,0.27216418221408345,confident nonbinder,0.5210544225752904,0.0017189457498975767
DEDKAM,src-1,Stimulated,0.0,0.4663812175049519,low-confidence,0.5210544225752904,0.0017189457498975767
QELILE,src-1,Stimulated,,,1,0.5210544225752904,0.0017189457498975767
EGEAGL,src-1,Stimulated,0.0,0.3533806978629904,confident nonbinder,0.5210544225752904,0.0017189457498975767
VNVQHN,src-1,Stimulated,0.0,0.48466791765252853,low-confidence,0.5210544225752904,0.0017189457498975767
KDEIES,src-1,Stimulated,0.0,0.04397244953888024,confident nonbinder,0.5210544225752904,0.0017189457498975767
DASSFG,src-1,Stimulated,0.0,0.22791413883392492,confident nonbinder,0.5210544225752904,0.0017189457498975767
AADAAD,src-1,Stimulated,0.0,0.30567697234245667,confident nonbinder,0.5210544225752904,0.0017189457498975767
ALDATY,src-1,Stimulated,1.0,0.6287535131451322,confident binder,0.5210544225752904,0.0017189457498975767
GGKEPA,src-1,Stimulated,1.0,0.7133807561062646,confident binder,0.5210544225752904,0.0017189457498975767
EEDDPF,src-1,Stimulated,1.0,0.8517973740246239,confident binder,0.5210544225752904,0.0017189457498975767
HLEQPK,src-1,Stimulated,1.0,0.9673674904412728,confident binder,0.5210544225752904,0.0017189457498975767
DDEKHF,src-1,Stimulated,1.0,0.5815476707425589,low-confidence,0.5210544225752904,0.0017189457498975767
NVELFE,src-1,Stimulated,1.0,0.9300069101473398,confident binder,0.5210544225752904,0.0017189457498975767
KLDMIA,src-1,Stimulated,1.0,0.9778376895618793,confident binder,0.5210544225752904,0.0017189457498975767
AVEDRP,src-1,Stimulated,0.0,0.4818690578185696,low-confidence,0.5210544225752904,0.0017189457498975767
KDEETE,src-1,Stimulated,0.0,0.06094647574414273,confident nonbinder,0.5210544225752904,0.0017189457498975767
TEQPIL,src-1,Stimulated,1.0,0.8568226561862688,confident binder,0.5210544225752904,0.0017189457498975767
THRPVS,src-1,Stimulated,0.0,0.0034561524533719993,confident nonbinder,0.5210544225752904,0.0017189457498975767
SFSHGL,src-1,Stimulated,0.0,0.006055422565643506,confident nonbinder,0.5210544225752904,0.0017189457498975767
GIVSEK,src-1,Stimulated,0.0,0.4718362520740959,low-confidence,0.5210544225752904,0.0017189457498975767
ELGELE,src-1,Stimulated,1.0,0.8363552529571894,confident binder,0.5210544225752904,0.0017189457498975767
PDLPYA,src-1,Stimulated,1.0,0.6717027848446518,confident binder,0.5210544225752904,0.0017189457498975767
EIGFDL,src-1,Stimulated,0.0,0.25892336598259874,confident nonbinder,0.5210544225752904,0.0017189457498975767
KKSSLN,src-1,Stimulated,0.0,0.5369566402092183,low-confidence,0.5210544225752904,0.0017189457498975767
AQVLAK,src-1,Stimulated,1.0,0.8245585165761838,confident binder,0.5210544225752904,0.0017189457498975767
SDSVIR,src-1,Stimulated,1.0,0.9327920442689666,confident binder,0.5210544225752904,0.0017189457498975767
RTTYIS,src-1,Stimulated,1.0,0.7070809191810297,confident binder,0.5210544225752904,0.0017189457498975767
DILANI,src-1,Stimulated,1.0,0.7714099268610107,confident binder,0.5210544225752904,0.0017189457498975767
AKNTGG,src-1,Stimulated,0.0,0.00789806300232909,confident nonbinder,0.5210544225752904,0.0017189457498975767
NSLSLP,src-1,Stimulated,1.0,0.9153031505410744,confident binder,0.5210544225752904,0.0017189457498975767
DRDSLL,src-1,Stimulated,,,1,0.5210544225752904,0.0017189457498975767
RYEYNH,src-1,Stimulated,0.0,0.16961641741049407,confident nonbinder,0.5210544225752904,0.0017189457498975767
TDASTS,src-1,Stimulated,0.0,0.07597201575272144,confident nonbinder,0.5210544225752904,0.0017189457498975767
SDFNYG,src-1,Stimulated,1.0,0.686451492030727,confident binder,0.5210544225752904,0.0017189457498975767
NIHHGR,src-1,Stimulated,0.0,0.007259656349858228,confident nonbinder,0.5210544225752904,0.0017189457498975767
PVEDAA,src-1,Stimulated,1.0,0.8582697863409793,confident binder,0.5210544225752904,0.0017189457498975767
TGDDLT,src-1,Stimulated,1.0,0.8792747538317757,confident binder,0.5210544225752904,0.0017189457498975767
LLKPVD,src-1,Stimulated,1.0,0.7591206230988545,confident binder,0.5210544225752904,0.0017189457498975767
EINDLP,src-1,Stimulated,1.0,0.8093727112787727,confident binder,0.5210544225752904,0.0017189457498975767
RNVTPV,src-1,Stimulated,1.0,0.6329629718103302,confident binder,0.5210544225752904,0.0017189457498975767
SQIESF,src-1,Stimulated,1.0,0.6318514222151784,confident binder,0.5210544225752904,0.0017189457498975767
TIQILL,src-1,Stimulated,,,1,0.5210544225752904,0.0017189457498975767
NPALLG,src-1,Stimulated,1.0,0.8980881248868865,confident binder,0.5210544225752904,0.0017189457498975767
TASNWN,src-1,Stimulated,1.0,0.9955710842702995,confident binder,0.5210544225752904,0.0017189457498975767
PKATPQ,src-1,Stimulated,1.0,0.6182532548843929,confident binder,0.5210544225752904,0.0017189457498975767
AALGLK,src-1,Stimulated,1.0,0.8993769819070462,confident binder,0.5210544225752904,0.0017189457498975767
DNGPGP,src-1,Stimulated,0.0,0.0008099537945107208,confident nonbinder,0.5210544225752904,0.0017189457498975767
SAYQVG,src-1,Stimulated,1.0,0.6280691712825495,confident binder,0.5210544225752904,0.0017189457498975767
VATIPK,src-1,Stimulated,1.0,0.8456223211268721,confident binder,0.5210544225752904,0.0017189457498975767
PLVALA,src-1,Stimulated,,,1,0.5210544225752904,0.0017189457498975767
ELSELQ,src-1,Stimulated,1.0,0.9486262225762735,confident binder,0.5210544225752904,0.0017189457498975767
AHEEQP,src-1,Stimulated,0.0,0.42061816464100704,low-confidence,0.5210544225752904,0.0017189457498975767
NRKDIL,src-1,Stimulated,1.0,0.9279395426457296,confident binder,0.5210544225752904,0.0017189457498975767
GNATVI,src-1,Stimulated,1.0,0.8152641302588497,confident binder,0.5210544225752904,0.0017189457498975767
SIGEKF,src-1,Stimulated,0.0,0.46587206196349906,low-confidence,0.5210544225752904,0.0017189457498975767
SSCSVI,src-1,Stimulated,1.0,0.7174764758480895,confident binder,0.5210544225752904,0.0017189457498975767
IDDSLK,src-1,Stimulated,1.0,0.8586384631608576,confident binder,0.5210544225752904,0.0017189457498975767
TIDLLK,src-1,Stimulated,1.0,0.9721924144287435,confident binder,0.5210544225752904,0.0017189457498975767
MKIETE,src-1,Stimulated,0.0,0.2664396360216604,confident nonbinder,0.5210544225752904,0.0017189457498975767
PSGSLS,src-1,Stimulated,0.0,0.24307955529097666,confident nonbinder,0.5210544225752904,0.0017189457498975767
QIGDIK,src-1,Stimulated,1.0,0.834416789929655,confident binder,0.5210544225752904,0.0017189457498975767
PACTQE,src-1,Stimulated,0.0,0.3768152633529382,confident nonbinder,0.5210544225752904,0.0017189457498975767
EATGLS,src-1,Stimulated,1.0,0.6385327050772913,confident binder,0.5210544225752904,0.0017189457498975767
MLNPGL,src-1,Stimulated,0.0,0.1773208487101138,confident nonbinder,0.5210544225752904,0.0017189457498975767
KTAICG,src-1,Stimulated,0.0,0.3766496394384973,confident nonbinder,0.5210544225752904,0.0017189457498975767
EPCADI,src-1,Stimulated,0.0,0.3152331859308578,confident nonbinder,0.5210544225752904,0.0017189457498975767
GLINFN,src-1,Stimulated,1.0,0.9480633208882243,confident binder,0.5210544225752904,0.0017189457498975767
SDINAN,src-1,Stimulated,1.0,0.8283196089943956,confident binder,0.5210544225752904,0.0017189457498975767
DAPEIE,src-1,Stimulated,1.0,0.7640646676487916,confident binder,0.5210544225752904,0.0017189457498975767
AHSHTM,src-1,Stimulated,0.0,0.009064535538424295,confident nonbinder,0.5210544225752904,0.0017189457498975767
PHVLSQ,src-1,Stimulated,0.0,0.443521082662455,low-confidence,0.5210544225752904,0.0017189457498975767
ENEGSE,src-1,Stimulated,0.0,0.011402641125410366,confident nonbinder,0.5210544225752904,0.0017189457498975767
TLSCAA,src-1,Stimulated,1.0,0.8979337205065234,confident binder,0.5210544225752904,0.0017189457498975767
DLDDKD,src-1,Stimulated,0.0,0.434906728754977,low-confidence,0.5210544225752904,0.0017189457498975767
HSIDLQ,src-1,Stimulated,1.0,0.8856216519848267,confident binder,0.5210544225752904,0.0017189457498975767
VQQAPQ,src-1,Stimulated,0.0,0.4207932463659459,low-confidence,0.5210544225752904,0.0017189457498975767
NISLQR,src-1,Stimulated,1.0,0.6747557233020097,confident binder,0.5210544225752904,0.0017189457498975767
GNNNQS,src-1,Stimulated,0.0,0.05810819546175725,confident nonbinder,0.5210544225752904,0.0017189457498975767
NHSPNS,src-1,Stimulated,0.0,0.015592983332661027,confident nonbinder,0.5210544225752904,0.0017189457498975767
ELGDFE,src-1,Stimulated,0.0,0.4924473339557406,low-confidence,0.5210544225752904,0.0017189457498975767
NSSNIP,src-1,Stimulated,1.0,0.9523590806990386,confident binder,0.5210544225752904,0.0017189457498975767
HTGIAS,src-1,Stimulated,0.0,0.08438723190879596,confident nonbinder,0.5210544225752904,0.0017189457498975767
TVHSPV,src-1,Stimulated,1.0,0.8020663740675564,confident binder,0.5210544225752904,0.0017189457498975767
GPEVEV,src-1,Stimulated,0.0,0.3038911374363994,confident nonbinder,0.5210544225752904,0.0017189457498975767
EDEPTK,src-1,Stimulated,0.0,0.037516455854306935,confident nonbinder,0.5210544225752904,0.0017189457498975767
ALEYQP,src-1,Stimulated,1.0,0.6972239529963336,confident binder,0.5210544225752904,0.0017189457498975767
PDGALY,src-1,Stimulated,0.0,0.5309158172305166,low-confidence,0.5210544225752904,0.0017189457498975767
VHELTE,src-1,Stimulated,0.0,0.39490918815090503,confident nonbinder,0.5210544225752904,0.0017189457498975767
LEGPVP,src-1,Stimulated,0.0,0.21256642747047833,confident nonbinder,0.5210544225752904,0.0017189457498975767
DILPIA,src-1,Stimulated,1.0,0.8849785728346191,confident binder,0.5210544225752904,0.0017189457498975767
DPEQDI,src-1,Stimulated,0.0,0.08163023827645331,confident nonbinder,0.5210544225752904,0.0017189457498975767
GTHGDS,src-1,Stimulated,0.0,0.003931206701949118,confident nonbinder,0.5210544225752904,0.0017189457498975767
KDWETE,src-1,Stimulated,1.0,0.9106834038669918,confident binder,0.5210544225752904,0.0017189457498975767
EKSFMA,src-1,Stimulated,1.0,0.8652494365028435,confident binder,0.5210544225752904,0.0017189457498975767
ASTTAS,src-1,Stimulated,0.0,0.2549540494678301,confident nonbinder,0.5210544225752904,0.0017189457498975767
DAGPPS,src-1,Stimulated,0.0,0.027638238551317335,confident nonbinder,0.5210544225752904,0.0017189457498975767
ETEYPQ,src-1,Stimulated,1.0,0.6821513517698788,confident binder,0.5210544225752904,0.0017189457498975767
EPASSQ,src-1,Stimulated,0.0,0.05980829321141761,confident nonbinder,0.5210544225752904,0.0017189457498975767
QLDTLN,src-1,Stimulated,,,1,0.5210544225752904,0.0017189457498975767
GSQFSF,src-1,Stimulated,0.0,0.2954975026316547,confident nonbinder,0.5210544225752904,0.0017189457498975767
DQEEGH,src-1,Stimulated,0.0,0.14984738690048607,confident nonbinder,0.5210544225752904,0.0017189457498975767
PGLGIS,src-1,Stimulated,1.0,0.8305373368378017,confident binder,0.5210544225752904,0.0017189457498975767
RIANMF,src-1,Stimulated,1.0,0.9645888040107182,confident binder,0.5210544225752904,0.0017189457498975767
DDSNFV,src-1,Stimulated,1.0,0.8865197540837739,confident binder,0.5210544225752904,0.0017189457498975767
ATDKAP,src-1,Stimulated,0.0,0.30708092308937407,confident nonbinder,0.5210544225752904,0.0017189457498975767
ETLDIF,src-1,Stimulated,1.0,0.9688394234493121,confident binder,0.5210544225752904,0.0017189457498975767
LATDDL,src-1,Stimulated,0.0,0.4758713680233645,low-confidence,0.5210544225752904,0.0017189457498975767
KVQLPE,src-1,Stimulated,1.0,0.7625714444751748,confident binder,0.5210544225752904,0.0017189457498975767
TLATPP,src-1,Stimulated,1.0,0.9557804984305167,confident binder,0.5210544225752904,0.0017189457498975767
DDFQER,src-1,Stimulated,0.0,0.07572408121126714,confident nonbinder,0.5210544225752904,0.0017189457498975767
RISYVV,src-1,Stimulated,1.0,0.7473703581620197,confident binder,0.5210544225752904,0.0017189457498975767
DPSSAE,src-1,Stimulated,0.0,0.09387485695337754,confident nonbinder,0.5210544225752904,0.0017189457498975767
GHELEH,src-1,Stimulated,0.0,0.23625838628989448,confident nonbinder,0.5210544225752904,0.0017189457498975767
NLAHIQ,src-1,Stimulated,0.0,0.2940806641995925,confident nonbinder,0.5210544225752904,0.0017189457498975767
PEDESD,src-1,Stimulated,0.0,0.04550442324747869,confident nonbinder,0.5210544225752904,0.0017189457498975767
TPVVTR,src-1,Stimulated,,,0,0.5210544225752904,0.0017189457498975767
VHNIPE,src-1,Stimulated,0.0,0.45486328938928977,low-confidence,0.5210544225752904,0.0017189457498975767
FNNVQQ,src-1,Stimulated,0.0,0.24266048079020008,confident nonbinder,0.5210544225752904,0.0017189457498975767
RLLPQE,src-1,Stimulated,0.0,0.2244942473919323,confident nonbinder,0.5210544225752904,0.0017189457498975767
GEDMTV,src-1,Stimulated,0.0,0.2939899875221976,confident nonbinder,0.5210544225752904,0.0017189457498975767
RQGLIL,src-1,Stimulated,0.0,0.4929742681828602,low-confidence,0.5210544225752904,0.0017189457498975767
EAEELL,src-1,Stimulated,1.0,0.977054390870294,confident binder,0.5210544225752904,0.0017189457498975767
GGSYDI,src-1,Stimulated,,,0,0.5210544225752904,0.0017189457498975767
EQAEGK,src-1,Stimulated,0.0,0.25777800882296936,confident nonbinder,0.5210544225752904,0.0017189457498975767
AIQKDE,src-1,Stimulated,0.0,0.10949202664608304,confident nonbinder,0.5210544225752904,0.0017189457498975767
PAQSSP,src-1,Stimulated,0.0,0.039648476869812994,confident nonbinder,0.5210544225752904,0.0017189457498975767
DPEEAW,src-1,Stimulated,1.0,0.7211397135711672,confident binder,0.5210544225752904,0.0017189457498975767
HLEEYV,src-1,Stimulated,1.0,0.9676339316643221,confident binder,0.5210544225752904,0.0017189457498975767
DALNSP,src-1,Stimulated,1.0,0.7662418953324707,confident binder,0.5210544225752904,0.0017189457498975767
NPLHVE,src-1,Stimulated,0.0,0.10025838992907045,confident nonbinder,0.5210544225752904,0.0017189457498975767
GLKDLL,src-1,Stimulated,1.0,0.9191984493137395,confident binder,0.5210544225752904,0.0017189457498975767
DEGEII,src-1,Stimulated,1.0,0.7889512071218838,confident binder,0.5210544225752904,0.0017189457498975767
VQECEG,src-1,Stimulated,0.0,0.122507160320815,confident nonbinder,0.5210544225752904,0.0017189457498975767
PPQEAC,src-1,Stimulated,1.0,0.9927585014864849,confident binder,0.5210544225752904,0.0017189457498975767
LHAIVT,src-1,Stimulated,1.0,0.9466699774686544,confident binder,0.5210544225752904,0.0017189457498975767
DIGESI,src-1,Stimulated,0.0,0.11878861199741524,confident nonbinder,0.5210544225752904,0.0017189457498975767
AVTQDC,src-1,Stimulated,1.0,0.9672586923808504,confident binder,0.5210544225752904,0.0017189457498975767
ELKPIF,src-1,Stimulated,1.0,0.8980504149919369,confident binder,0.5210544225752904,0.0017189457498975767
YSETTE,src-1,Stimulated,0.0,0.1293323809683203,confident nonbinder,0.5210544225752904,0.0017189457498975767
FPVEFT,src-1,Stimulated,1.0,0.8820008449013818,confident binder,0.5210544225752904,0.0017189457498975767
SDDHAE,src-1,Stimulated,0.0,0.0008509506644937307,confident nonbinder,0.5210544225752904,0.0017189457498975767
VPVNAV,src-1,Stimulated,1.0,0.8998563588282658,confident binder,0.5210544225752904,0.0017189457498975767
SKSTLS,src-1,Stimulated,1.0,0.7235337580232205,confident binder,0.5210544225752904,0.0017189457498975767
GEVELL,src-1,Stimulated,1.0,0.9632168095725426,confident binder,0.5210544225752904,0.0017189457498975767
QQNSFV,src-1,Stimulated,0.0,0.3393819670363285,confident nonbinder,0.5210544225752904,0.0017189457498975767
KVELQA,src-1,Stimulated,1.0,0.7706048216580673,confident binder,0.5210544225752904,0.0017189457498975767
ANLTSN,src-1,Stimulated,0.0,0.3317651649555334,confident nonbinder,0.5210544225752904,0.0017189457498975767
LDDFQR,src-1,Stimulated,0.0,0.4155430829731834,low-confidence,0.5210544225752904,0.0017189457498975767
SDSVPC,src-1,Stimulated,1.0,0.992896918951691,confident binder,0.5210544225752904,0.0017189457498975767
ERQEAA,src-1,Stimulated,0.0,0.54352910441157,low-confidence,0.5210544225752904,0.0017189457498975767
TETAAE,src-1,Stimulated,0.0,0.31932043635019347,confident nonbinder,0.5210544225752904,0.0017189457498975767
LAQELQ,src-1,Stimulated,1.0,0.9428321410994024,confident binder,0.5210544225752904,0.0017189457498975767
RDAEIQ,src-1,Stimulated,1.0,0.7935704084763698,confident binder,0.5210544225752904,0.0017189457498975767
SPWVSP,src-1,Stimulated,1.0,0.9428954522150396,confident binder,0.5210544225752904,0.0017189457498975767
PIIQFS,src-1,Stimulated,1.0,0.7431591261883915,confident binder,0.5210544225752904,0.0017189457498975767
NRVDIL,src-1,Stimulated,1.0,0.9675987733831186,confident binder,0.5210544225752904,0.0017189457498975767
GFEYGK,src-1,Stimulated,0.0,0.5302104891408707,low-confidence,0.5210544225752904,0.0017189457498975767
GKDSSR,src-1,Stimulated,0.0,0.03592380917753157,confident nonbinder,0.5210544225752904,0.0017189457498975767
RMVDPS,src-1,Stimulated,1.0,0.6845332842034031,confident binder,0.5210544225752904,0.0017189457498975767
PKQAVL,src-1,Stimulated,1.0,0.8491274278668954,confident binder,0.5210544225752904,0.0017189457498975767
STSLAN,src-1,Stimulated,0.0,0.31469638669836164,confident nonbinder,0.5210544225752904,0.0017189457498975767
FTINED,src-1,Stimulated,1.0,0.8978647419656417,confident binder,0.5210544225752904,0.0017189457498975767
MGESSA,src-1,Stimulated,0.0,0.22160416276635525,confident nonbinder,0.5210544225752904,0.0017189457498975767
KREPIQ,src-1,Stimulated,1.0,0.565198617293377,low-confidence,0.5210544225752904,0.0017189457498975767
TTQSQE,src-1,Stimulated,0.0,0.07276319911440186,confident nonbinder,0.5210544225752904,0.0017189457498975767
SVNYHL,src-1,Stimulated,0.0,0.5173818716267428,low-confidence,0.5210544225752904,0.0017189457498975767
HRSVLQ,src-1,Stimulated,,,0,0.5210544225752904,0.0017189457498975767
IKQQIT,src-1,Stimulated,1.0,0.7801535291862919,confident binder,0.5210544225752904,0.0017189457498975767
NANCEE,src-1,Stimulated,0.0,0.06142929186585342,confident nonbinder,0.5210544225752904,0.0017189457498975767
KILDGA,src-1,Stimulated,1.0,0.7047105511702612,confident binder,0.5210544225752904,0.0017189457498975767
HDLPQE,src-1,Stimulated,0.0,0.07486578315979152,confident nonbinder,0.5210544225752904,0.0017189457498975767
AGAILE,src-1,Stimulated,1.0,0.9391989298573602,confident binder,0.5210544225752904,0.0017189457498975767
DASIQG,src-1,Stimulated,0.0,0.0755609912127262,confident nonbinder,0.5210544225752904,0.0017189457498975767
TEMAFP,src-1,Stimulated,1.0,0.7302559267227944,confident binder,0.5210544225752904,0.0017189457498975767
GDPLNN,src-1,Stimulated,,,0,0.5210544225752904,0.0017189457498975767
DTDDRA,src-1,Stimulated,0.0,0.1657480230430808,confident nonbinder,0.5210544225752904,0.0017189457498975767
AMDIIS,src-1,Stimulated,1.0,0.9203004017086854,confident binder,0.5210544225752904,0.0017189457498975767
QTSALN,src-1,Stimulated,1.0,0.8861888275844195,confident binder,0.5210544225752904,0.0017189457498975767
EVKDMP,src-1,Stimulated,1.0,0.8138163455046272,confident binder,0.5210544225752904,0.0017189457498975767
DIDVPP,src-1,Stimulated,,,1,0.5210544225752904,0.0017189457498975767
DVSYVL,src-1,Stimulated,1.0,0.898424708283432,confident binder,0.5210544225752904,0.0017189457498975767
SHENSQ,src-1,Stimulated,0.0,0.4253109562147944,low-confidence,0.5210544225752904,0.0017189457498975767
QVDAMG,src-1,Stimulated,1.0,0.797593414492685,confident binder,0.5210544225752904,0.0017189457498975767
ITEELR,src-1,Stimulated,,,1,0.5210544225752904,0.0017189457498975767
AHENLN,src-1,Stimulated,1.0,0.9914458770274094,confident binder,0.5210544225752904,0.0017189457498975767
WLGVVS,src-1,Stimulated,0.0,0.053436717068047326,confident nonbinder,0.5210544225752904,0.0017189457498975767
GQENFR,src-1,Stimulated,1.0,0.9486241887137782,confident binder,0.5210544225752904,0.0017189457498975767
LQEVGD,src-1,Stimulated,0.0,0.2696695049724357,confident nonbinder,0.5210544225752904,0.0017189457498975767
DDAVPP,src-1,Stimulated,,,1,0.5210544225752904,0.0017189457498975767
DEDQPW,src-1,Stimulated,1.0,0.7278648580110907,confident binder,0.5210544225752904,0.0017189457498975767
SEQTIP,src-1,Stimulated,1.0,0.8908613037111209,confident binder,0.5210544225752904,0.0017189457498975767
VSSHIQ,src-1,Stimulated,0.0,0.02691951106086221,confident nonbinder,0.5210544225752904,0.0017189457498975767
PYVKPV,src-1,Stimulated,1.0,0.912020171026548,confident binder,0.5210544225752904,0.0017189457498975767
QLQQQY,src-1,Stimulated,1.0,0.5952867922986199,low-confidence,0.5210544225752904,0.0017189457498975767
RIDEIL,src-1,Stimulated,1.0,0.9192488746529615,confident binder,0.5210544225752904,0.0017189457498975767
QQDAPE,src-1,Stimulated,0.0,0.36531124266346987,confident nonbinder,0.5210544225752904,0.0017189457498975767
LVVDLL,src-1,Stimulated,1.0,0.8880799795654795,confident binder,0.5210544225752904,0.0017189457498975767
PWGITP,src-1,Stimulated,1.0,0.8280927522571888,confident binder,0.5210544225752904,0.0017189457498975767
KKFSLK,src-1,Stimulated,1.0,0.789529338680441,confident binder,0.5210544225752904,0.0017189457498975767
SSQIPT,src-1,Stimulated,0.0,0.37572384895294686,confident nonbinder,0.5210544225752904,0.0017189457498975767
DRDSLG,src-1,Stimulated,1.0,0.5534008525687812,low-confidence,0.5210544225752904,0.0017189457498975767
DDEDDS,src-1,Stimulated,0.0,0.014820053433076585,confident nonbinder,0.5210544225752904,0.0017189457498975767
MPDSNR,src-1,Stimulated,0.0,0.04728958146652757,confident nonbinder,0.5210544225752904,0.0017189457498975767
DLVSDK,src-1,Stimulated,0.0,0.5253145369623492,low-confidence,0.5210544225752904,0.0017189457498975767
STLASN,src-1,Stimulated,0.0,0.34082211841071924,confident nonbinder,0.5210544225752904,0.0017189457498975767
DIANIP,src-1,Stimulated,1.0,0.9761574481765791,confident binder,0.5210544225752904,0.0017189457498975767
DDTPVN,src-1,Stimulated,0.0,0.3194043152322044,confident nonbinder,0.5210544225752904,0.0017189457498975767
VADVPN,src-1,Stimulated,1.0,0.7520180947263211,confident binder,0.5210544225752904,0.0017189457498975767
IRESAS,src-1,Stimulated,0.0,0.255408806277303,confident nonbinder,0.5210544225752904,0.0017189457498975767
KEEGEA,src-1,Stimulated,0.0,0.03861705360370415,confident nonbinder,0.5210544225752904,0.0017189457498975767
DFCEIP,src-1,Stimulated,1.0,0.9543658074707988,confident binder,0.5210544225752904,0.0017189457498975767
STAHLS,src-1,Stimulated,0.0,0.03859829646510305,confident nonbinder,0.5210544225752904,0.0017189457498975767
SLSDPL,src-1,Stimulated,1.0,0.891628055629684,confident binder,0.5210544225752904,0.0017189457498975767
PGVGFA,src-1,Stimulated,1.0,0.6526521451950588,confident binder,0.5210544225752904,0.0017189457498975767
ITESPQ,src-1,Stimulated,1.0,0.6374474393804916,confident binder,0.5210544225752904,0.0017189457498975767
DFSEFG,src-1,Stimulated,1.0,0.6630894163382001,confident binder,0.5210544225752904,0.0017189457498975767
KVNGIL,src-1,Stimulated,1.0,0.686457657830353,confident binder,0.5210544225752904,0.0017189457498975767
TADAPA,src-1,Stimulated,1.0,0.8164651210004072,confident binder,0.5210544225752904,0.0017189457498975767
GVASSK,src-1,Stimulated,0.0,0.40267417489158586,low-confidence,0.5210544225752904,0.0017189457498975767
KKQEYI,src-1,Stimulated,0.0,0.5435344044787951,low-confidence,0.5210544225752904,0.0017189457498975767
NTTPAK,src-1,Stimulated,0.0,0.2483515664498611,confident nonbinder,0.5210544225752904,0.0017189457498975767
DLEHAQ,src-1,Stimulated,0.0,0.015596399080288304,confident nonbinder,0.5210544225752904,0.0017189457498975767
MLSPEL,src-1,Stimulated,0.0,0.3895306018138679,confident nonbinder,0.5210544225752904,0.0017189457498975767
AIEVVS,src-1,Stimulated,1.0,0.9412899141034929,confident binder,0.5210544225752904,0.0017189457498975767
ADLVYK,src-1,Stimulated,1.0,0.9367999931415781,confident binder,0.5210544225752904,0.0017189457498975767
RGSSLL,src-1,Stimulated,1.0,0.7258398030918278,confident binder,0.5210544225752904,0.0017189457498975767
AHTGDK,src-1,Stimulated,0.0,0.046767629160790004,confident nonbinder,0.5210544225752904,0.0017189457498975767
SIEESP,src-1,Stimulated,0.0,0.38578380325684775,confident nonbinder,0.5210544225752904,0.0017189457498975767
EINVYD,src-1,Stimulated,1.0,0.6201049990862997,confident binder,0.5210544225752904,0.0017189457498975767
DHEATA,src-1,Stimulated,0.0,0.46627935331468806,low-confidence,0.5210544225752904,0.0017189457498975767
EKNVPL,src-1,Stimulated,0.0,0.5,low-confidence,0.5210544225752904,0.0017189457498975767
DRMEVS,src-1,Stimulated,1.0,0.8348092626704384,confident binder,0.5210544225752904,0.0017189457498975767
LLSHPT,src-1,Stimulated,0.0,0.04723204908943549,confident nonbinder,0.5210544225752904,0.0017189457498975767
TTDSSL,src-1,Stimulated,0.0,0.19053097488053922,confident nonbinder,0.5210544225752904,0.0017189457498975767
EIQSSQ,src-1,Stimulated,0.0,0.10847410457107437,confident nonbinder,0.5210544225752904,0.0017189457498975767
ATGTGS,src-1,Stimulated,0.0,0.019591595336752803,confident nonbinder,0.5210544225752904,0.0017189457498975767
LAALDL,src-1,Stimulated,1.0,0.8394512671920646,confident binder,0.5210544225752904,0.0017189457498975767
SAPSEE,src-1,Stimulated,0.0,0.006110370208790845,confident nonbinder,0.5210544225752904,0.0017189457498975767
SPDVHD,src-1,Stimulated,0.0,0.17694431534527746,confident nonbinder,0.5210544225752904,0.0017189457498975767
NPTEFK,src-1,Stimulated,1.0,0.8540918557084745,confident binder,0.5210544225752904,0.0017189457498975767
PMEEQW,src-1,Stimulated,1.0,0.7414210443275133,confident binder,0.5210544225752904,0.0017189457498975767
QQLQPL,src-1,Stimulated,1.0,0.9137258436262523,confident binder,0.5210544225752904,0.0017189457498975767
QAEPPP,src-1,Stimulated,0.0,0.36113509651349884,confident nonbinder,0.5210544225752904,0.0017189457498975767
DQTSSS,src-1,Stimulated,0.0,0.015890613500249732,confident nonbinder,0.5210544225752904,0.0017189457498975767
DISSQQ,src-1,Stimulated,0.0,0.13805159050878626,confident nonbinder,0.5210544225752904,0.0017189457498975767
HHVAAA,src-1,Stimulated,1.0,0.8890878482727386,confident binder,0.5210544225752904,0.0017189457498975767
CADKTA,src-1,Stimulated,0.0,0.5284255445942125,low-confidence,0.5210544225752904,0.0017189457498975767
NIEAVK,src-1,Stimulated,,,1,0.5210544225752904,0.0017189457498975767
DDVELK,src-1,Stimulated,1.0,0.9583961689215834,confident binder,0.5210544225752904,0.0017189457498975767
AEMWME,src-1,Stimulated,1.0,0.9819357238846064,confident binder,0.5210544225752904,0.0017189457498975767
VVADIR,src-1,Stimulated,1.0,0.9278010818368319,confident binder,0.5210544225752904,0.0017189457498975767
SGDAYW,src-1,Stimulated,1.0,0.7628309628283426,confident binder,0.5210544225752904,0.0017189457498975767
SAEAGI,src-1,Stimulated,0.0,0.28940939955585443,confident nonbinder,0.5210544225752904,0.0017189457498975767
DDEVLE,src-1,Stimulated,1.0,0.9199924666019341,confident binder,0.5210544225752904,0.0017189457498975767
LDVELS,src-1,Stimulated,1.0,0.9555828516667917,confident binder,0.5210544225752904,0.0017189457498975767
HVELLE,src-1,Stimulated,1.0,0.9754053557154111,confident binder,0.5210544225752904,0.0017189457498975767
PLGQPS,src-1,Stimulated,0.0,0.3918023540655652,confident nonbinder,0.5210544225752904,0.0017189457498975767
PDSWSA,src-1,Stimulated,1.0,0.9550101667916869,confident binder,0.5210544225752904,0.0017189457498975767
TVSEVR,src-1,Stimulated,,,1,0.5210544225752904,0.0017189457498975767
EVESLP,src-1,Stimulated,1.0,0.9485689752519716,confident binder,0.5210544225752904,0.0017189457498975767
QIHNPT,src-1,Stimulated,1.0,0.9463276590776272,confident binder,0.5210544225752904,0.0017189457498975767
TEDNVV,src-1,Stimulated,1.0,0.9818940289524282,confident binder,0.5210544225752904,0.0017189457498975767
FGATLK,src-1,Stimulated,1.0,0.987600051283178,confident binder,0.5210544225752904,0.0017189457498975767
PESQIK,src-1,Stimulated,1.0,0.9087059402726093,confident binder,0.5210544225752904,0.0017189457498975767
SHEEAL,src-1,Stimulated,1.0,0.8302055365877858,confident binder,0.5210544225752904,0.0017189457498975767
RLDLEL,src-1,Stimulated,0.0,0.4742486995222666,low-confidence,0.5210544225752904,0.0017189457498975767
DLLRPG,src-1,Stimulated,1.0,0.9677638346056894,confident binder,0.5210544225752904,0.0017189457498975767
DDFADV,src-1,Stimulated,0.0,0.13564927169263988,confident nonbinder,0.5210544225752904,0.0017189457498975767
AISVHV,src-1,Stimulated,1.0,0.8409244061487435,confident binder,0.5210544225752904,0.0017189457498975767
GHEEEE,src-1,Stimulated,0.0,0.09846082026264721,confident nonbinder,0.5210544225752904,0.0017189457498975767
GEQESL,src-1,Stimulated,0.0,0.1822458894093351,confident nonbinder,0.5210544225752904,0.0017189457498975767
SNCLPS,src-1,Stimulated,1.0,0.6243624402124907,confident binder,0.5210544225752904,0.0017189457498975767
SVDGPE,src-1,Stimulated,0.0,0.4286349534075193,low-confidence,0.5210544225752904,0.0017189457498975767
TLEAVR,src-1,Stimulated,1.0,0.9829787600979267,confident binder,0.5210544225752904,0.0017189457498975767
INEAFV,src-1,Stimulated,1.0,0.6729617189624046,confident binder,0.5210544225752904,0.0017189457498975767
SVTGGT,src-1,Stimulated,0.0,0.05923353400364921,confident nonbinder,0.5210544225752904,0.0017189457498975767
DRREPP,src-1,Stimulated,0.0,0.0012276030411626333,confident nonbinder,0.5210544225752904,0.0017189457498975767
PVQIQN,src-1,Stimulated,0.0,0.45868649200953154,low-confidence,0.5210544225752904,0.0017189457498975767
GFDPPR,src-1,Stimulated,1.0,0.6478614255641569,confident binder,0.5210544225752904,0.0017189457498975767
DASNGQ,src-1,Stimulated,0.0,0.2525848961703816,confident nonbinder,0.5210544225752904,0.0017189457498975767
ALDICF,src-1,Stimulated,1.0,0.8982682728457678,confident binder,0.5210544225752904,0.0017189457498975767
ANTIQS,src-1,Stimulated,0.0,0.17167707597231738,confident nonbinder,0.5210544225752904,0.0017189457498975767
GPAEVK,src-1,Stimulated,1.0,0.9191200363473889,confident binder,0.5210544225752904,0.0017189457498975767
NAEEEA,src-1,Stimulated,0.0,0.48404217430507396,low-confidence,0.5210544225752904,0.0017189457498975767
-MTAIP,src-1,Stimulated,,,,0.5210544225752904,0.0017189457498975767
EDVSIL,src-1,Stimulated,1.0,0.9352882312632448,confident binder,0.5210544225752904,0.0017189457498975767
VNEEFV,src-1,Stimulated,1.0,0.7954270697865428,confident binder,0.5210544225752904,0.0017189457498975767
NLAWGQ,src-1,Stimulated,1.0,0.9867408256838267,confident binder,0.5210544225752904,0.0017189457498975767
LNSPTC,src-1,Stimulated,1.0,0.9186153287149017,confident binder,0.5210544225752904,0.0017189457498975767
DTIEDA,src-1,Stimulated,0.0,0.5,low-confidence,0.5210544225752904,0.0017189457498975767
FIVDVI,src-1,Stimulated,1.0,0.8492164236069663,confident binder,0.5210544225752904,0.0017189457498975767
AVKVPP,src-1,Stimulated,1.0,0.8346567537800159,confident binder,0.5210544225752904,0.0017189457498975767
PVSGAV,src-1,Stimulated,0.0,0.3731637905824208,confident nonbinder,0.5210544225752904,0.0017189457498975767
YQALAN,src-1,Stimulated,1.0,0.635169641201629,confident binder,0.5210544225752904,0.0017189457498975767
KADHLF,src-1,Stimulated,0.0,0.10517270246944709,confident nonbinder,0.5210544225752904,0.0017189457498975767
GKQDAE,src-1,Stimulated,0.0,0.09776335246198249,confident nonbinder,0.5210544225752904,0.0017189457498975767
QDIITP,src-1,Stimulated,0.0,0.3921266200498027,confident nonbinder,0.5210544225752904,0.0017189457498975767
PVEPTP,src-1,Stimulated,0.0,0.12611455059052476,confident nonbinder,0.5210544225752904,0.0017189457498975767
PLDVPN,src-1,Stimulated,1.0,0.9185826909222435,confident binder,0.5210544225752904,0.0017189457498975767
FEIEEN,src-1,Stimulated,1.0,0.7441006080563328,confident binder,0.5210544225752904,0.0017189457498975767
QLASGS,src-1,Stimulated,0.0,0.3961633430007781,confident nonbinder,0.5210544225752904,0.0017189457498975767
EFQDTF,src-1,Stimulated,1.0,0.6749151829628316,confident binder,0.5210544225752904,0.0017189457498975767
KPISWP,src-1,Stimulated,1.0,0.9875553887884293,confident binder,0.5210544225752904,0.0017189457498975767
KSSFPK,src-1,Stimulated,0.0,0.5144345309715578,low-confidence,0.5210544225752904,0.0017189457498975767
LINLLK,src-1,Stimulated,1.0,0.9227698126178993,confident binder,0.5210544225752904,0.0017189457498975767
DPSDLS,src-1,Stimulated,1.0,0.7466859900138935,confident binder,0.5210544225752904,0.0017189457498975767
LVEADG,src-1,Stimulated,0.0,0.4201998762835562,low-confidence,0.5210544225752904,0.0017189457498975767
VDEQIK,src-1,Stimulated,,,1,0.5210544225752904,0.0017189457498975767
PYVAPE,src-1,Stimulated,1.0,0.9150932641151208,confident binder,0.5210544225752904,0.0017189457498975767
ARQGLV,src-1,Stimulated,1.0,0.7907131855455082,confident binder,0.5210544225752904,0.0017189457498975767
NNSVPQ,src-1,Stimulated,0.0,0.47957789864258277,low-confidence,0.5210544225752904,0.0017189457498975767
SISPAF,src-1,Stimulated,0.0,0.4379738345484926,low-confidence,0.5210544225752904,0.0017189457498975767
LSSLGS,src-1,Stimulated,0.0,0.2125098966093396,confident nonbinder,0.5210544225752904,0.0017189457498975767
YDEDLK,src-1,Stimulated,1.0,0.9293475523305079,confident binder,0.5210544225752904,0.0017189457498975767
AESTWN,src-1,Stimulated,1.0,0.9950142833406551,confident binder,0.5210544225752904,0.0017189457498975767
EDQWLR,src-1,Stimulated,1.0,0.993210218809235,confident binder,0.5210544225752904,0.0017189457498975767
VHARPS,src-1,Stimulated,1.0,0.9298041792594911,confident binder,0.5210544225752904,0.0017189457498975767
NSEPIK,src-1,Stimulated,1.0,0.8549319105193176,confident binder,0.5210544225752904,0.0017189457498975767
ILQNLN,src-1,Stimulated,1.0,0.9804168519871851,confident binder,0.5210544225752904,0.0017189457498975767
SVITLK,src-1,Stimulated,1.0,0.9545666762433831,confident binder,0.5210544225752904,0.0017189457498975767
ALEAGE,src-1,Stimulated,0.0,0.5370953379657589,low-confidence,0.5210544225752904,0.0017189457498975767
RAFDLQ,src-1,Stimulated,1.0,0.663781372107688,confident binder,0.5210544225752904,0.0017189457498975767
EIMLPR,src-1,Stimulated,1.0,0.9440081253473088,confident binder,0.5210544225752904,0.0017189457498975767
HFTDGP,src-1,Stimulated,0.0,0.2703975504002599,confident nonbinder,0.5210544225752904,0.0017189457498975767
SKAPLH,src-1,Stimulated,1.0,0.716498111934236,confident binder,0.5210544225752904,0.0017189457498975767
TQVSTR,src-1,Stimulated,0.0,0.34924370918885606,confident nonbinder,0.5210544225752904,0.0017189457498975767
SQGWSG,src-1,Stimulated,0.0,0.48199934926713195,low-confidence,0.5210544225752904,0.0017189457498975767
DAGSLD,src-1,Stimulated,0.0,0.4096060202105963,low-confidence,0.5210544225752904,0.0017189457498975767
TVEYDS,src-1,Stimulated,0.0,0.28178577779811814,confident nonbinder,0.5210544225752904,0.0017189457498975767
NEVEVT,src-1,Stimulated,1.0,0.9438581060962347,confident binder,0.5210544225752904,0.0017189457498975767
LTETPQ,src-1,Stimulated,1.0,0.8995437623209276,confident binder,0.5210544225752904,0.0017189457498975767
DIAVPI,src-1,Stimulated,1.0,0.9330608264854667,confident binder,0.5210544225752904,0.0017189457498975767
DEHPEE,src-1,Stimulated,0.0,0.004469416826825309,confident nonbinder,0.5210544225752904,0.0017189457498975767
QTDEEF,src-1,Stimulated,0.0,0.3950041145253156,confident nonbinder,0.5210544225752904,0.0017189457498975767
GIERPV,src-1,Stimulated,1.0,0.9617372973807703,confident binder,0.5210544225752904,0.0017189457498975767
NQAVLE,src-1,Stimulated,,,1,0.5210544225752904,0.0017189457498975767
ILSQCG,src-1,Stimulated,0.0,0.441880502854356,low-confidence,0.5210544225752904,0.0017189457498975767
NQLKPP,src-1,Stimulated,1.0,0.8046948452757035,confident binder,0.5210544225752904,0.0017189457498975767
SHEEQL,src-1,Stimulated,1.0,0.5751665697313622,low-confidence,0.5210544225752904,0.0017189457498975767
DNAEPI,src-1,Stimulated,1.0,0.8231969161399156,confident binder,0.5210544225752904,0.0017189457498975767
IKHDIP,src-1,Stimulated,1.0,0.7296118389744387,confident binder,0.5210544225752904,0.0017189457498975767
GGMTLN,src-1,Stimulated,,,1,0.5210544225752904,0.0017189457498975767
PEVKPD,src-1,Stimulated,1.0,0.6961246003530254,confident binder,0.5210544225752904,0.0017189457498975767
AFAGSR,src-1,Stimulated,0.0,0.4228938391728526,low-confidence,0.5210544225752904,0.0017189457498975767
TDVEIL,src-1,Stimulated,1.0,0.9627284688448069,confident binder,0.5210544225752904,0.0017189457498975767
SVLSTP,src-1,Stimulated,0.0,0.5083637364758555,low-confidence,0.5210544225752904,0.0017189457498975767
DMTNGS,src-1,Stimulated,0.0,0.5157443646495831,low-confidence,0.5210544225752904,0.0017189457498975767
DMTDNR,src-1,Stimulated,0.0,0.2853881546573343,confident nonbinder,0.5210544225752904,0.0017189457498975767
STDITR,src-1,Stimulated,0.0,0.23384986750720846,confident nonbinder,0.5210544225752904,0.0017189457498975767
DPQPEI,src-1,Stimulated,0.0,0.02445091477560673,confident nonbinder,0.5210544225752904,0.0017189457498975767
QDKNTF,src-1,Stimulated,1.0,0.6081772639491297,confident binder,0.5210544225752904,0.0017189457498975767
QQLLPR,src-1,Stimulated,1.0,0.9407881128703494,confident binder,0.5210544225752904,0.0017189457498975767
HQVSSG,src-1,Stimulated,0.0,0.047718017161674176,confident nonbinder,0.5210544225752904,0.0017189457498975767
DDSEDE,src-1,Stimulated,0.0,0.010972455501353012,confident nonbinder,0.5210544225752904,0.0017189457498975767
VDDGIN,src-1,Stimulated,1.0,0.6558900864772212,confident binder,0.5210544225752904,0.0017189457498975767
TEATLR,src-1,Stimulated,1.0,0.9777855555983875,confident binder,0.5210544225752904,0.0017189457498975767
IPIESE,src-1,Stimulated,0.0,0.37536535566744506,confident nonbinder,0.5210544225752904,0.0017189457498975767
PDGTAT,src-1,Stimulated,0.0,0.025969621306298502,confident nonbinder,0.5210544225752904,0.0017189457498975767
SEIMET,src-1,Stimulated,0.0,0.42308498774007997,low-confidence,0.5210544225752904,0.0017189457498975767
ERHSLA,src-1,Stimulated,1.0,0.8814003845531155,confident binder,0.5210544225752904,0.0017189457498975767
RDDHLF,src-1,Stimulated,0.0,0.031940802760238036,confident nonbinder,0.5210544225752904,0.0017189457498975767
SLTNAK,src-1,Stimulated,1.0,0.9536739338710623,confident binder,0.5210544225752904,0.0017189457498975767
GHDLPP,src-1,Stimulated,1.0,0.6105501776891633,confident binder,0.5210544225752904,0.0017189457498975767
KDSEAD,src-1,Stimulated,0.0,0.07860522073600085,confident nonbinder,0.5210544225752904,0.0017189457498975767
SDGRPL,src-1,Stimulated,0.0,0.39345332612207395,confident nonbinder,0.5210544225752904,0.0017189457498975767
DILDDL,src-1,Stimulated,1.0,0.6834020039668043,confident binder,0.5210544225752904,0.0017189457498975767
PDAAGL,src-1,Stimulated,0.0,0.2807784238500493,confident nonbinder,0.5210544225752904,0.0017189457498975767
LDDEEV,src-1,Stimulated,0.0,0.2974009423246861,confident nonbinder,0.5210544225752904,0.0017189457498975767
EGGYGH,src-1,Stimulated,0.0,0.017808084063427262,confident nonbinder,0.5210544225752904,0.0017189457498975767
DNIPIF,src-1,Stimulated,1.0,0.8673651261532614,confident binder,0.5210544225752904,0.0017189457498975767
QVADTQ,src-1,Stimulated,0.0,0.5,low-confidence,0.5210544225752904,0.0017189457498975767
EGETVS,src-1,Stimulated,1.0,0.8866389969257329,confident binder,0.5210544225752904,0.0017189457498975767
YDSEPG,src-1,Stimulated,0.0,0.24809684467514903,confident nonbinder,0.5210544225752904,0.0017189457498975767
PNSIPQ,src-1,Stimulated,0.0,0.30902735340586945,confident nonbinder,0.5210544225752904,0.0017189457498975767
TNSFTH,src-1,Stimulated,0.0,0.17281274371508834,confident nonbinder,0.5210544225752904,0.0017189457498975767
DAFQVS,src-1,Stimulated,1.0,0.7292408157280206,confident binder,0.5210544225752904,0.0017189457498975767
IVCVTS,src-1,Stimulated,1.0,0.7344339028957894,confident binder,0.5210544225752904,0.0017189457498975767
VEEQLK,src-1,Stimulated,1.0,0.9678996057706805,confident binder,0.5210544225752904,0.0017189457498975767
LCTAEK,src-1,Stimulated,1.0,0.6091457306686497,confident binder,0.5210544225752904,0.0017189457498975767
SKVSLI,src-1,Stimulated,1.0,0.8561509932198834,confident binder,0.5210544225752904,0.0017189457498975767
PLEPEP,src-1,Stimulated,0.0,0.11899097625808824,confident nonbinder,0.5210544225752904,0.0017189457498975767
SQSPWS,src-1,Stimulated,1.0,0.9648386929554311,confident binder,0.5210544225752904,0.0017189457498975767
DMEHET,src-1,Stimulated,0.0,0.0017116948060639965,confident nonbinder,0.5210544225752904,0.0017189457498975767
LAVAPT,src-1,Stimulated,1.0,0.8894865894473588,confident binder,0.5210544225752904,0.0017189457498975767
HAVSFK,src-1,Stimulated,1.0,0.8282936283924603,confident binder,0.5210544225752904,0.0017189457498975767
PAALSS,src-1,Stimulated,0.0,0.3100655155719953,confident nonbinder,0.5210544225752904,0.0017189457498975767
MVDSPL,src-1,Stimulated,1.0,0.8070563966338609,confident binder,0.5210544225752904,0.0017189457498975767
RIDLNI,src-1,Stimulated,0.0,0.3709072638267727,confident nonbinder,0.5210544225752904,0.0017189457498975767
SSTVPL,src-1,Stimulated,1.0,0.7522754462801498,confident binder,0.5210544225752904,0.0017189457498975767
EVDSSQ,src-1,Stimulated,0.0,0.11282880737954618,confident nonbinder,0.5210544225752904,0.0017189457498975767
EDRDTV,src-1,Stimulated,0.0,0.00024815164492892353,confident nonbinder,0.5210544225752904,0.0017189457498975767
NTQSLV,src-1,Stimulated,1.0,0.9289447507887888,confident binder,0.5210544225752904,0.0017189457498975767
DDSDPF,src-1,Stimulated,1.0,0.7011805339012164,confident binder,0.5210544225752904,0.0017189457498975767
SQSLTR,src-1,Stimulated,0.0,0.11670489409780571,confident nonbinder,0.5210544225752904,0.0017189457498975767
IDIDSC,src-1,Stimulated,1.0,0.9711527046702098,confident binder,0.5210544225752904,0.0017189457498975767
SIESVR,src-1,Stimulated,1.0,0.9370539622256284,confident binder,0.5210544225752904,0.0017189457498975767
QVLPGR,src-1,Stimulated,0.0,0.52919820294519,low-confidence,0.5210544225752904,0.0017189457498975767
SKTDLV,src-1,Stimulated,1.0,0.8439930152518755,confident binder,0.5210544225752904,0.0017189457498975767
VNVPSR,src-1,Stimulated,0.0,0.10806844805349135,confident nonbinder,0.5210544225752904,0.0017189457498975767
VMVGAK,src-1,Stimulated,1.0,0.653636272297589,confident binder,0.5210544225752904,0.0017189457498975767
RTGEPE,src-1,Stimulated,0.0,0.06647420208659645,confident nonbinder,0.5210544225752904,0.0017189457498975767
MAEPQG,src-1,Stimulated,0.0,0.034470334537337145,confident nonbinder,0.5210544225752904,0.0017189457498975767
EDVPYT,src-1,Stimulated,0.0,0.3285570705293674,confident nonbinder,0.5210544225752904,0.0017189457498975767
TPMVNG,src-1,Stimulated,0.0,0.18186506673993524,confident nonbinder,0.5210544225752904,0.0017189457498975767
RAEFAE,src-1,Stimulated,0.0,0.2761957239183704,confident nonbinder,0.5210544225752904,0.0017189457498975767
DLCNTR,src-1,Stimulated,1.0,0.9578523189251779,confident binder,0.5210544225752904,0.0017189457498975767
RTMDVM,src-1,Stimulated,1.0,0.809346222291271,confident binder,0.5210544225752904,0.0017189457498975767
ALDYAG,src-1,Stimulated,0.0,0.5426620759459325,low-confidence,0.5210544225752904,0.0017189457498975767
QPLEMD,src-1,Stimulated,1.0,0.9242785977386461,confident binder,0.5210544225752904,0.0017189457498975767
PHELFS,src-1,Stimulated,1.0,0.8320937185970745,confident binder,0.5210544225752904,0.0017189457498975767
EERVPD,src-1,Stimulated,0.0,0.0010974146308167444,confident nonbinder,0.5210544225752904,0.0017189457498975767
PLLQPD,src-1,Stimulated,1.0,0.9488765367142943,confident binder,0.5210544225752904,0.0017189457498975767
EIVVPD,src-1,Stimulated,1.0,0.9378923358472181,confident binder,0.5210544225752904,0.0017189457498975767
GECPEV,src-1,Stimulated,0.0,0.10299910125778544,confident nonbinder,0.5210544225752904,0.0017189457498975767
TVSNSE,src-1,Stimulated,1.0,0.6338868075681323,confident binder,0.5210544225752904,0.0017189457498975767
EQGAVR,src-1,Stimulated,0.0,0.5301538982450256,low-confidence,0.5210544225752904,0.0017189457498975767
QVQAPL,src-1,Stimulated,1.0,0.917688440464233,confident binder,0.5210544225752904,0.0017189457498975767
KKEDVK,src-1,Stimulated,1.0,0.7648266342020346,confident binder,0.5210544225752904,0.0017189457498975767
EDGDIE,src-1,Stimulated,0.0,0.531637976404819,low-confidence,0.5210544225752904,0.0017189457498975767
QNTSAV,src-1,Stimulated,0.0,0.27476912050209396,confident nonbinder,0.5210544225752904,0.0017189457498975767
ASYGGR,src-1,Stimulated,0.0,0.0677228686199889,confident nonbinder,0.5210544225752904,0.0017189457498975767
EELEQS,src-1,Stimulated,0.0,0.4880726140658194,low-confidence,0.5210544225752904,0.0017189457498975767
ISTGPS,src-1,Stimulated,0.0,0.1587676762219828,confident nonbinder,0.5210544225752904,0.0017189457498975767
GLELWK,src-1,Stimulated,1.0,0.9999828321228323,confident binder,0.5210544225752904,0.0017189457498975767
NVATTV,src-1,Stimulated,1.0,0.7740903538070113,confident binder,0.5210544225752904,0.0017189457498975767
SNITPV,src-1,Stimulated,1.0,0.8250027308253051,confident binder,0.5210544225752904,0.0017189457498975767
VGLEFT,src-1,Stimulated,1.0,0.8118615283547131,confident binder,0.5210544225752904,0.0017189457498975767
EVGMMP,src-1,Stimulated,1.0,0.7198990189196021,confident binder,0.5210544225752904,0.0017189457498975767
FLDTHQ,src-1,Stimulated,1.0,0.8956544723973745,confident binder,0.5210544225752904,0.0017189457498975767
PASFSS,src-1,Stimulated,0.0,0.12256390730486458,confident nonbinder,0.5210544225752904,0.0017189457498975767
LDFSDK,src-1,Stimulated,0.0,0.16864547321598247,confident nonbinder,0.5210544225752904,0.0017189457498975767
IIEPHP,src-1,Stimulated,0.0,0.40977474859834895,low-confidence,0.5210544225752904,0.0017189457498975767
DDDYLQ,src-1,Stimulated,1.0,0.7185417902257154,confident binder,0.5210544225752904,0.0017189457498975767
NNEVQS,src-1,Stimulated,0.0,0.17625018234536544,confident nonbinder,0.5210544225752904,0.0017189457498975767
QDLIAL,src-1,Stimulated,1.0,0.869138701285084,confident binder,0.5210544225752904,0.0017189457498975767
EKIQPP,src-1,Stimulated,1.0,0.7206831296752816,confident binder,0.5210544225752904,0.0017189457498975767
SAESFL,src-1,Stimulated,1.0,0.7346703786802592,confident binder,0.5210544225752904,0.0017189457498975767
AAADEL,src-1,Stimulated,0.0,0.5,low-confidence,0.5210544225752904,0.0017189457498975767
KDQDCS,src-1,Stimulated,0.0,0.08825483318794122,confident nonbinder,0.5210544225752904,0.0017189457498975767
EPEPIS,src-1,Stimulated,1.0,0.7113555622583828,confident binder,0.5210544225752904,0.0017189457498975767
RHVVCS,src-1,Stimulated,1.0,0.5879918164339379,low-confidence,0.5210544225752904,0.0017189457498975767
NNGYGN,src-1,Stimulated,0.0,0.0074343536401786205,confident nonbinder,0.5210544225752904,0.0017189457498975767
KVDITE,src-1,Stimulated,0.0,0.23946092944590955,confident nonbinder,0.5210544225752904,0.0017189457498975767
QFQPPR,src-1,Stimulated,1.0,0.7221964315095204,confident binder,0.5210544225752904,0.0017189457498975767
ACAGAA,src-1,Stimulated,1.0,0.5934767340568905,low-confidence,0.5210544225752904,0.0017189457498975767
QAAISA,src-1,Stimulated,1.0,0.6646269110669376,confident binder,0.5210544225752904,0.0017189457498975767
AHEPAD,src-1,Stimulated,0.0,0.17808338167914778,confident nonbinder,0.5210544225752904,0.0017189457498975767
PLSEID,src-1,Stimulated,1.0,0.9377608039811527,confident binder,0.5210544225752904,0.0017189457498975767
SDAQMD,src-1,Stimulated,1.0,0.6824314887543848,confident binder,0.5210544225752904,0.0017189457498975767
IDVIPK,src-1,Stimulated,1.0,0.8757432599310768,confident binder,0.5210544225752904,0.0017189457498975767
TVGGSD,src-1,Stimulated,0.0,0.009956284779760488,confident nonbinder,0.5210544225752904,0.0017189457498975767
RDLVSL,src-1,Stimulated,0.0,0.4534458896414694,low-confidence,0.5210544225752904,0.0017189457498975767
TPFDAG,src-1,Stimulated,0.0,0.18262664000374731,confident nonbinder,0.5210544225752904,0.0017189457498975767
SDSEMA,src-1,Stimulated,1.0,0.8266147384963209,confident binder,0.5210544225752904,0.0017189457498975767
SAVAGE,src-1,Stimulated,0.0,0.19422516608948312,confident nonbinder,0.5210544225752904,0.0017189457498975767
EDSEGG,src-1,Stimulated,0.0,0.01638757827765973,confident nonbinder,0.5210544225752904,0.0017189457498975767
DFCLVS,src-1,Stimulated,1.0,0.9285730411470761,confident binder,0.5210544225752904,0.0017189457498975767
SLASSQ,src-1,Stimulated,0.0,0.3157307359090671,confident nonbinder,0.5210544225752904,0.0017189457498975767
AETHFY,src-1,Stimulated,0.0,0.032510875287819645,confident nonbinder,0.5210544225752904,0.0017189457498975767
RNFQPS,src-1,Stimulated,0.0,0.14520400825887445,confident nonbinder,0.5210544225752904,0.0017189457498975767
YPSQSD,src-1,Stimulated,0.0,0.03515868129304805,confident nonbinder,0.5210544225752904,0.0017189457498975767
CLELPE,src-1,Stimulated,,,1,0.5210544225752904,0.0017189457498975767
YTNNWS,src-1,Stimulated,1.0,0.9907470822966329,confident binder,0.5210544225752904,0.0017189457498975767
GKVSFE,src-1,Stimulated,0.0,0.519549220364314,low-confidence,0.5210544225752904,0.0017189457498975767
KTEDLK,src-1,Stimulated,1.0,0.9220187906576256,confident binder,0.5210544225752904,0.0017189457498975767
ESEDGP,src-1,Stimulated,0.0,0.05386960255818785,confident nonbinder,0.5210544225752904,0.0017189457498975767
VLSTAM,src-1,Stimulated,1.0,0.8429946496189301,confident binder,0.5210544225752904,0.0017189457498975767
TQSALK,src-1,Stimulated,1.0,0.9145135942324933,confident binder,0.5210544225752904,0.0017189457498975767
ENQALD,src-1,Stimulated,1.0,0.7322846093419589,confident binder,0.5210544225752904,0.0017189457498975767
LSDSRP,src-1,Stimulated,0.0,0.10066110687144107,confident nonbinder,0.5210544225752904,0.0017189457498975767
DKVGVS,src-1,Stimulated,1.0,0.5730021149333346,low-confidence,0.5210544225752904,0.0017189457498975767
QAQGPA,src-1,Stimulated,1.0,0.5515062047094043,low-confidence,0.5210544225752904,0.0017189457498975767
PAEPPA,src-1,Stimulated,1.0,0.6078712167052829,confident binder,0.5210544225752904,0.0017189457498975767
VVTTLP,src-1,Stimulated,1.0,0.8976524201855961,confident binder,0.5210544225752904,0.0017189457498975767
KQVGFA,src-1,Stimulated,1.0,0.5544665579324618,low-confidence,0.5210544225752904,0.0017189457498975767
EIIAPS,src-1,Stimulated,1.0,0.9143064991935623,confident binder,0.5210544225752904,0.0017189457498975767
VDAPAG,src-1,Stimulated,0.0,0.06118155531057628,confident nonbinder,0.5210544225752904,0.0017189457498975767
TLDTAP,src-1,Stimulated,1.0,0.7630206956733747,confident binder,0.5210544225752904,0.0017189457498975767
PSHTDG,src-1,Stimulated,0.0,0.006759369997813039,confident nonbinder,0.5210544225752904,0.0017189457498975767
QDNRPV,src-1,Stimulated,1.0,0.6314275904873857,confident binder,0.5210544225752904,0.0017189457498975767
GVSSTN,src-1,Stimulated,0.0,0.11896850401983736,confident nonbinder,0.5210544225752904,0.0017189457498975767
GEEDVS,src-1,Stimulated,,,1,0.5210544225752904,0.0017189457498975767
KMITCA,src-1,Stimulated,1.0,0.861608370017535,confident binder,0.5210544225752904,0.0017189457498975767
ARSGSY,src-1,Stimulated,0.0,0.0303652477494465,confident nonbinder,0.5210544225752904,0.0017189457498975767
ELTTIK,src-1,Stimulated,1.0,0.9746368727534205,confident binder,0.5210544225752904,0.0017189457498975767
SEIEPA,src-1,Stimulated,1.0,0.9532644111116998,confident binder,0.5210544225752904,0.0017189457498975767
PNEEKP,src-1,Stimulated,0.0,0.18311915430147888,confident nonbinder,0.5210544225752904,0.0017189457498975767
QFDTQV,src-1,Stimulated,1.0,0.668957006029276,confident binder,0.5210544225752904,0.0017189457498975767
AEATHF,src-1,Stimulated,1.0,0.8711636933070367,confident binder,0.5210544225752904,0.0017189457498975767
GHELVM,src-1,Stimulated,1.0,0.9700100989977024,confident binder,0.5210544225752904,0.0017189457498975767
NFDNIE,src-1,Stimulated,1.0,0.983569117837011,confident binder,0.5210544225752904,0.0017189457498975767
RLDLNM,src-1,Stimulated,0.0,0.4664255348677764,low-confidence,0.5210544225752904,0.0017189457498975767
RFFHPI,src-1,Stimulated,0.0,0.06024821901305351,confident nonbinder,0.5210544225752904,0.0017189457498975767
HHTGLL,src-1,Stimulated,1.0,0.891080214945105,confident binder,0.5210544225752904,0.0017189457498975767
PVTEST,src-1,Stimulated,0.0,0.3291404188583505,confident nonbinder,0.5210544225752904,0.0017189457498975767
AVCIED,src-1,Stimulated,1.0,0.6715274308826816,confident binder,0.5210544225752904,0.0017189457498975767
CGEAED,src-1,Stimulated,0.0,0.2218259432791059,confident nonbinder,0.5210544225752904,0.0017189457498975767
DEEETK,src-1,Stimulated,0.0,0.35897609658889584,confident nonbinder,0.5210544225752904,0.0017189457498975767
DPQGTI,src-1,Stimulated,0.0,0.040057750099652706,confident nonbinder,0.5210544225752904,0.0017189457498975767
DLVTAT,src-1,Stimulated,1.0,0.8438780557889834,confident binder,0.5210544225752904,0.0017189457498975767
KLESVK,src-1,Stimulated,1.0,0.9489569403261815,confident binder,0.5210544225752904,0.0017189457498975767
TIVDSQ,src-1,Stimulated,0.0,0.5116398774496923,low-confidence,0.5210544225752904,0.0017189457498975767
NPSYAM,src-1,Stimulated,1.0,0.5813385784056964,low-confidence,0.5210544225752904,0.0017189457498975767
NFSSPS,src-1,Stimulated,1.0,0.7472656006480325,confident binder,0.5210544225752904,0.0017189457498975767
KLRVPG,src-1,Stimulated,0.0,0.004065002264606689,confident nonbinder,0.5210544225752904,0.0017189457498975767
DGGFTT,src-1,Stimulated,0.0,0.021441244210093368,confident nonbinder,0.5210544225752904,0.0017189457498975767
KFEEVH,src-1,Stimulated,1.0,0.9548887562934772,confident binder,0.5210544225752904,0.0017189457498975767
VVDLSI,src-1,Stimulated,1.0,0.7646261391209097,confident binder,0.5210544225752904,0.0017189457498975767
PDSAAW,src-1,Stimulated,0.0,0.35313444543639344,confident nonbinder,0.5210544225752904,0.0017189457498975767
SQYLAE,src-1,Stimulated,0.0,0.3380669016778053,confident nonbinder,0.5210544225752904,0.0017189457498975767
SHWMPK,src-1,Stimulated,1.0,0.9910458087900643,confident binder,0.5210544225752904,0.0017189457498975767
VDCQIL,src-1,Stimulated,1.0,0.8929108601763773,confident binder,0.5210544225752904,0.0017189457498975767
NLAEAS,src-1,Stimulated,1.0,0.8810355676617516,confident binder,0.5210544225752904,0.0017189457498975767
PLEPAK,src-1,Stimulated,1.0,0.6453160614306093,confident binder,0.5210544225752904,0.0017189457498975767
EDKDIE,src-1,Stimulated,1.0,0.6985394044214946,confident binder,0.5210544225752904,0.0017189457498975767
NFQHNV,src-1,Stimulated,0.0,0.024654658449686968,confident nonbinder,0.5210544225752904,0.0017189457498975767
SLELHR,src-1,Stimulated,1.0,0.9146279532914733,confident binder,0.5210544225752904,0.0017189457498975767
VIDGSD,src-1,Stimulated,0.0,0.06559318124536591,confident nonbinder,0.5210544225752904,0.0017189457498975767
AYNPGN,src-1,Stimulated,0.0,0.025862855112647524,confident nonbinder,0.5210544225752904,0.0017189457498975767
FLDEVH,src-1,Stimulated,,,1,0.5210544225752904,0.0017189457498975767
HISTVD,src-1,Stimulated,1.0,0.8519221555759674,confident binder,0.5210544225752904,0.0017189457498975767
VVCRPV,src-1,Stimulated,1.0,0.928099469378867,confident binder,0.5210544225752904,0.0017189457498975767
ACKPIG,src-1,Stimulated,0.0,0.4946056486348677,low-confidence,0.5210544225752904,0.0017189457498975767
SLQDKQ,src-1,Stimulated,0.0,0.4590778440364123,low-confidence,0.5210544225752904,0.0017189457498975767
AIGPNT,src-1,Stimulated,0.0,0.01758668105941005,confident nonbinder,0.5210544225752904,0.0017189457498975767
QSQAVK,src-1,Stimulated,1.0,0.8461876628563638,confident binder,0.5210544225752904,0.0017189457498975767
TVEEQL,src-1,Stimulated,1.0,0.864663718844857,confident binder,0.5210544225752904,0.0017189457498975767
RDDENE,src-1,Stimulated,0.0,0.00836966704265781,confident nonbinder,0.5210544225752904,0.0017189457498975767
RVALPE,src-1,Stimulated,1.0,0.803798842015675,confident binder,0.5210544225752904,0.0017189457498975767
PSESVD,src-1,Stimulated,1.0,0.6434639980740829,confident binder,0.5210544225752904,0.0017189457498975767
MDESLE,src-1,Stimulated,1.0,0.7732539851092959,confident binder,0.5210544225752904,0.0017189457498975767
DWEQHR,src-1,Stimulated,1.0,0.9828801637289902,confident binder,0.5210544225752904,0.0017189457498975767
DICTLN,src-1,Stimulated,1.0,0.9456634591939389,confident binder,0.5210544225752904,0.0017189457498975767
DQSHLL,src-1,Stimulated,0.0,0.03217393063969144,confident nonbinder,0.5210544225752904,0.0017189457498975767
DPEFLQ,src-1,Stimulated,1.0,0.9278675243305907,confident binder,0.5210544225752904,0.0017189457498975767
KLYGLS,src-1,Stimulated,1.0,0.8356905179404459,confident binder,0.5210544225752904,0.0017189457498975767
EEEEQP,src-1,Stimulated,0.0,0.19092421293913514,confident nonbinder,0.5210544225752904,0.0017189457498975767
EIGGSD,src-1,Stimulated,0.0,0.0064660790480245,confident nonbinder,0.5210544225752904,0.0017189457498975767
FLSGFQ,src-1,Stimulated,1.0,0.7634345600797924,confident binder,0.5210544225752904,0.0017189457498975767
YLTLVI,src-1,Stimulated,1.0,0.893327162011358,confident binder,0.5210544225752904,0.0017189457498975767
SEGNIT,src-1,Stimulated,1.0,0.8449690872344855,confident binder,0.5210544225752904,0.0017189457498975767
TDAEEK,src-1,Stimulated,0.0,0.2254300277725785,confident nonbinder,0.5210544225752904,0.0017189457498975767
NADKTA,src-1,Stimulated,0.0,0.3451918147421472,confident nonbinder,0.5210544225752904,0.0017189457498975767
KAHEQL,src-1,Stimulated,0.0,0.2782840408929241,confident nonbinder,0.5210544225752904,0.0017189457498975767
THGQSL,src-1,Stimulated,0.0,0.0616541077089579,confident nonbinder,0.5210544225752904,0.0017189457498975767
THELVT,src-1,Stimulated,1.0,0.9546153113946599,confident binder,0.5210544225752904,0.0017189457498975767
TISTIN,src-1,Stimulated,1.0,0.9214939851700967,confident binder,0.5210544225752904,0.0017189457498975767
SSTDQF,src-1,Stimulated,0.0,0.24400654323195706,confident nonbinder,0.5210544225752904,0.0017189457498975767
QEEVVT,src-1,Stimulated,1.0,0.9427870197801075,confident binder,0.5210544225752904,0.0017189457498975767
VHATMA,src-1,Stimulated,1.0,0.9455570511988463,confident binder,0.5210544225752904,0.0017189457498975767
KYSNLT,src-1,Stimulated,1.0,0.9681761857172324,confident binder,0.5210544225752904,0.0017189457498975767
QPAVAR,src-1,Stimulated,1.0,0.8061366466793464,confident binder,0.5210544225752904,0.0017189457498975767
LEEDQY,src-1,Stimulated,0.0,0.5210025772833978,low-confidence,0.5210544225752904,0.0017189457498975767
RTVISA,src-1,Stimulated,0.0,0.48344883594687754,low-confidence,0.5210544225752904,0.0017189457498975767
RDEPPS,src-1,Stimulated,0.0,0.03527851395141787,confident nonbinder,0.5210544225752904,0.0017189457498975767
TPYVAP,src-1,Stimulated,1.0,0.5973917774074959,low-confidence,0.5210544225752904,0.0017189457498975767
SLSGWS,src-1,Stimulated,1.0,0.9862722563285261,confident binder,0.5210544225752904,0.0017189457498975767
PYYGYG,src-1,Stimulated,0.0,0.3868340895131193,confident nonbinder,0.5210544225752904,0.0017189457498975767
ASLHSW,src-1,Stimulated,0.0,0.017638962250713902,confident nonbinder,0.5210544225752904,0.0017189457498975767
SQDSGI,src-1,Stimulated,0.0,0.04176780496828512,confident nonbinder,0.5210544225752904,0.0017189457498975767
PYQSPT,src-1,Stimulated,1.0,0.6280937840437624,confident binder,0.5210544225752904,0.0017189457498975767
TTSTFS,src-1,Stimulated,1.0,0.6214243580684241,confident binder,0.5210544225752904,0.0017189457498975767
SFETGE,src-1,Stimulated,0.0,0.34059619561412685,confident nonbinder,0.5210544225752904,0.0017189457498975767
RDTGCS,src-1,Stimulated,,,0,0.5210544225752904,0.0017189457498975767
EVAPGL,src-1,Stimulated,0.0,0.3723898142389376,confident nonbinder,0.5210544225752904,0.0017189457498975767
RGFEYI,src-1,Stimulated,1.0,0.6103374705282232,confident binder,0.5210544225752904,0.0017189457498975767
SSSSIP,src-1,Stimulated,1.0,0.6431883344591482,confident binder,0.5210544225752904,0.0017189457498975767
SITQSG,src-1,Stimulated,0.0,0.07548770958684117,confident nonbinder,0.5210544225752904,0.0017189457498975767
EGEVVT,src-1,Stimulated,1.0,0.9327310184454265,confident binder,0.5210544225752904,0.0017189457498975767
PGSSFP,src-1,Stimulated,0.0,0.404345925022556,low-confidence,0.5210544225752904,0.0017189457498975767
RPENFQ,src-1,Stimulated,1.0,0.7392157158936318,confident binder,0.5210544225752904,0.0017189457498975767
GDASEI,src-1,Stimulated,0.0,0.09984316561029523,confident nonbinder,0.5210544225752904,0.0017189457498975767
NTTSYL,src-1,Stimulated,1.0,0.7945659872026086,confident binder,0.5210544225752904,0.0017189457498975767
KIAYPS,src-1,Stimulated,1.0,0.8159804203975087,confident binder,0.5210544225752904,0.0017189457498975767
ENDDPH,src-1,Stimulated,0.0,0.4530292924514109,low-confidence,0.5210544225752904,0.0017189457498975767
SDAVHP,src-1,Stimulated,0.0,0.38561312370111983,confident nonbinder,0.5210544225752904,0.0017189457498975767
VVTYTG,src-1,Stimulated,0.0,0.3195187800966962,confident nonbinder,0.5210544225752904,0.0017189457498975767
AEGYVS,src-1,Stimulated,0.0,0.37416461803773615,confident nonbinder,0.5210544225752904,0.0017189457498975767
ELSSAV,src-1,Stimulated,1.0,0.6796538621285253,confident binder,0.5210544225752904,0.0017189457498975767
DFDSTA,src-1,Stimulated,0.0,0.413800162683271,low-confidence,0.5210544225752904,0.0017189457498975767
AIEPTE,src-1,Stimulated,0.0,0.15143898791784988,confident nonbinder,0.5210544225752904,0.0017189457498975767
FAAWVL,src-1,Stimulated,1.0,0.9465547111455737,confident binder,0.5210544225752904,0.0017189457498975767
HIDMST,src-1,Stimulated,0.0,0.4502571853877385,low-confidence,0.5210544225752904,0.0017189457498975767
KDNDLF,src-1,Stimulated,1.0,0.7791210195619891,confident binder,0.5210544225752904,0.0017189457498975767
YCETAE,src-1,Stimulated,1.0,0.7428970139215866,confident binder,0.5210544225752904,0.0017189457498975767
NLATWE,src-1,Stimulated,1.0,0.9969284251481226,confident binder,0.5210544225752904,0.0017189457498975767
QHQMIQ,src-1,Stimulated,1.0,0.9519147861786122,confident binder,0.5210544225752904,0.0017189457498975767
MDVNPR,src-1,Stimulated,1.0,0.9686331033399256,confident binder,0.5210544225752904,0.0017189457498975767
KEVAAQ,src-1,Stimulated,0.0,0.4504979314799052,low-confidence,0.5210544225752904,0.0017189457498975767
AGVDFE,src-1,Stimulated,1.0,0.7622887846884675,confident binder,0.5210544225752904,0.0017189457498975767
QNICNT,src-1,Stimulated,0.0,0.3742503569873486,confident nonbinder,0.5210544225752904,0.0017189457498975767
NEEVLP,src-1,Stimulated,1.0,0.9732641104289095,confident binder,0.5210544225752904,0.0017189457498975767
SPQQVI,src-1,Stimulated,1.0,0.7693819476134296,confident binder,0.5210544225752904,0.0017189457498975767
LKNAPT,src-1,Stimulated,0.0,0.3302057980024873,confident nonbinder,0.5210544225752904,0.0017189457498975767
VELDLD,src-1,Stimulated,1.0,0.9398104361915346,confident binder,0.5210544225752904,0.0017189457498975767
DPGEEV,src-1,Stimulated,0.0,0.018515416010352483,confident nonbinder,0.5210544225752904,0.0017189457498975767
EVDGPK,src-1,Stimulated,1.0,0.751716232566037,confident binder,0.5210544225752904,0.0017189457498975767
VGGILR,src-1,Stimulated,1.0,0.7550567051153478,confident binder,0.5210544225752904,0.0017189457498975767
RIVYEN,src-1,Stimulated,0.0,0.2753661260084438,confident nonbinder,0.5210544225752904,0.0017189457498975767
VVTVPN,src-1,Stimulated,1.0,0.8865370870671512,confident binder,0.5210544225752904,0.0017189457498975767
GPSTFL,src-1,Stimulated,1.0,0.6035254415996484,confident binder,0.5210544225752904,0.0017189457498975767
RAEDTA,src-1,Stimulated,0.0,0.15365611429553946,confident nonbinder,0.5210544225752904,0.0017189457498975767
KIDLFQ,src-1,Stimulated,1.0,0.7188711738464225,confident binder,0.5210544225752904,0.0017189457498975767
PVTVAP,src-1,Stimulated,1.0,0.7322259217358219,confident binder,0.5210544225752904,0.0017189457498975767
DLQQAS,src-1,Stimulated,1.0,0.5676412368005049,low-confidence,0.5210544225752904,0.0017189457498975767
DTGALD,src-1,Stimulated,0.0,0.5,low-confidence,0.5210544225752904,0.0017189457498975767
ESDSLE,src-1,Stimulated,1.0,0.6998415993330854,confident binder,0.5210544225752904,0.0017189457498975767
NFDNIG,src-1,Stimulated,1.0,0.9768334924213194,confident binder,0.5210544225752904,0.0017189457498975767
LAELQG,src-1,Stimulated,0.0,0.5425444006155697,low-confidence,0.5210544225752904,0.0017189457498975767
APISIA,src-1,Stimulated,1.0,0.9067511011084136,confident binder,0.5210544225752904,0.0017189457498975767
AVELDT,src-1,Stimulated,0.0,0.5203355201191675,low-confidence,0.5210544225752904,0.0017189457498975767
GLLAIH,src-1,Stimulated,1.0,0.9505776731068584,confident binder,0.5210544225752904,0.0017189457498975767
GGQTIT,src-1,Stimulated,1.0,0.8692091204354623,confident binder,0.5210544225752904,0.0017189457498975767
EEFATY,src-1,Stimulated,0.0,0.2933048865704106,confident nonbinder,0.5210544225752904,0.0017189457498975767
FEEYSQ,src-1,Stimulated,0.0,0.4418377044935826,low-confidence,0.5210544225752904,0.0017189457498975767
GNGYAN,src-1,Stimulated,0.0,0.0182185320211057,confident nonbinder,0.5210544225752904,0.0017189457498975767
SGQEAG,src-1,Stimulated,0.0,0.14529919045831316,confident nonbinder,0.5210544225752904,0.0017189457498975767
RDALNT,src-1,Stimulated,0.0,0.04815749329377096,confident nonbinder,0.5210544225752904,0.0017189457498975767
SSEIVI,src-1,Stimulated,1.0,0.8788544633242057,confident binder,0.5210544225752904,0.0017189457498975767
EDLPLK,src-1,Stimulated,1.0,0.8755081742091753,confident binder,0.5210544225752904,0.0017189457498975767
QGTQPG,src-1,Stimulated,0.0,0.36452721918567177,confident nonbinder,0.5210544225752904,0.0017189457498975767
ESDLVV,src-1,Stimulated,1.0,0.8666311798767742,confident binder,0.5210544225752904,0.0017189457498975767
LQALTC,src-1,Stimulated,1.0,0.9679795953070567,confident binder,0.5210544225752904,0.0017189457498975767
WIEDVE,src-1,Stimulated,0.0,0.13515760587122588,confident nonbinder,0.5210544225752904,0.0017189457498975767
QQEEMV,src-1,Stimulated,1.0,0.941892816161113,confident binder,0.5210544225752904,0.0017189457498975767
GPSGPF,src-1,Stimulated,0.0,0.3857766551297373,confident nonbinder,0.5210544225752904,0.0017189457498975767
NFVSSE,src-1,Stimulated,0.0,0.5167592161896238,low-confidence,0.5210544225752904,0.0017189457498975767
ALAEPL,src-1,Stimulated,1.0,0.9703337586220533,confident binder,0.5210544225752904,0.0017189457498975767
FNIEFT,src-1,Stimulated,1.0,0.874203266418812,confident binder,0.5210544225752904,0.0017189457498975767
QDINLD,src-1,Stimulated,1.0,0.9751891710354809,confident binder,0.5210544225752904,0.0017189457498975767
KLEQLS,src-1,Stimulated,1.0,0.9472401505590109,confident binder,0.5210544225752904,0.0017189457498975767
DSVELS,src-1,Stimulated,1.0,0.902165538530239,confident binder,0.5210544225752904,0.0017189457498975767
PQQLNR,src-1,Stimulated,0.0,0.10382407301854878,confident nonbinder,0.5210544225752904,0.0017189457498975767
EDMPIK,src-1,Stimulated,1.0,0.7817999302497434,confident binder,0.5210544225752904,0.0017189457498975767
ADSAQK,src-1,Stimulated,0.0,0.14257289084703417,confident nonbinder,0.5210544225752904,0.0017189457498975767
DGEAAA,src-1,Stimulated,1.0,0.6879125084309614,confident binder,0.5210544225752904,0.0017189457498975767
LEGVAR,src-1,Stimulated,0.0,0.40869205182820567,low-confidence,0.5210544225752904,0.0017189457498975767
QTLDDV,src-1,Stimulated,0.0,0.47027833388110374,low-confidence,0.5210544225752904,0.0017189457498975767
SDDDLT,src-1,Stimulated,1.0,0.7418670175748495,confident binder,0.5210544225752904,0.0017189457498975767
NNLNLT,src-1,Stimulated,1.0,0.9835234185126006,confident binder,0.5210544225752904,0.0017189457498975767
ESDFSK,src-1,Stimulated,0.0,0.107803462008268,confident nonbinder,0.5210544225752904,0.0017189457498975767
ADDTLS,src-1,Stimulated,1.0,0.8565770625516661,confident binder,0.5210544225752904,0.0017189457498975767
KQQDST,src-1,Stimulated,0.0,0.014596459295755294,confident nonbinder,0.5210544225752904,0.0017189457498975767
PDTFPS,src-1,Stimulated,0.0,0.4623624383467463,low-confidence,0.5210544225752904,0.0017189457498975767
HETNIK,src-1,Stimulated,1.0,0.9800236791935846,confident binder,0.5210544225752904,0.0017189457498975767
QIQPGR,src-1,Stimulated,0.0,0.12284287398373668,confident nonbinder,0.5210544225752904,0.0017189457498975767
AALESL,src-1,Stimulated,1.0,0.7920841309088474,confident binder,0.5210544225752904,0.0017189457498975767
TLSDPH,src-1,Stimulated,1.0,0.9265167373775909,confident binder,0.5210544225752904,0.0017189457498975767
MPQYPA,src-1,Stimulated,1.0,0.6426602921268197,confident binder,0.5210544225752904,0.0017189457498975767
INHQHN,src-1,Stimulated,,,0,0.5210544225752904,0.0017189457498975767
ELAQWG,src-1,Stimulated,1.0,0.9942561444144051,confident binder,0.5210544225752904,0.0017189457498975767
GFVEAN,src-1,Stimulated,1.0,0.8177289768140724,confident binder,0.5210544225752904,0.0017189457498975767
TPLVSR,src-1,Stimulated,1.0,0.7014006526484587,confident binder,0.5210544225752904,0.0017189457498975767
TENPTE,src-1,Stimulated,0.0,0.006643926549434134,confident nonbinder,0.5210544225752904,0.0017189457498975767
EAEDDE,src-1,Stimulated,0.0,0.03880288501723744,confident nonbinder,0.5210544225752904,0.0017189457498975767
TLSNNS,src-1,Stimulated,1.0,0.7040266119140384,confident binder,0.5210544225752904,0.0017189457498975767
EWSAQE,src-1,Stimulated,1.0,0.9451751090917275,confident binder,0.5210544225752904,0.0017189457498975767
PSVNVQ,src-1,Stimulated,1.0,0.9448793469298437,confident binder,0.5210544225752904,0.0017189457498975767
PTTEVD,src-1,Stimulated,1.0,0.810256286123038,confident binder,0.5210544225752904,0.0017189457498975767
AIHLQL,src-1,Stimulated,1.0,0.7701201914227435,confident binder,0.5210544225752904,0.0017189457498975767
REEGHE,src-1,Stimulated,0.0,0.030273489745203278,confident nonbinder,0.5210544225752904,0.0017189457498975767
LYGLSE,src-1,Stimulated,0.0,0.18554890436301152,confident nonbinder,0.5210544225752904,0.0017189457498975767
KEYTVK,src-1,Stimulated,1.0,0.8799413637459451,confident binder,0.5210544225752904,0.0017189457498975767
NMEVLN,src-1,Stimulated,1.0,0.9832777438533106,confident binder,0.5210544225752904,0.0017189457498975767
SHNINC,src-1,Stimulated,1.0,0.9121506653183022,confident binder,0.5210544225752904,0.0017189457498975767
GLEDLS,src-1,Stimulated,1.0,0.9497842692947532,confident binder,0.5210544225752904,0.0017189457498975767
LNNIVS,src-1,Stimulated,1.0,0.6536854995331071,confident binder,0.5210544225752904,0.0017189457498975767
QQESVA,src-1,Stimulated,1.0,0.911882391439147,confident binder,0.5210544225752904,0.0017189457498975767
KPAAPV,src-1,Stimulated,1.0,0.745567853420198,confident binder,0.5210544225752904,0.0017189457498975767
GDDNDC,src-1,Stimulated,1.0,0.9635397300051338,confident binder,0.5210544225752904,0.0017189457498975767
VREGSY,src-1,Stimulated,0.0,0.07829090572289012,confident nonbinder,0.5210544225752904,0.0017189457498975767
KVTQVE,src-1,Stimulated,1.0,0.8041902455663319,confident binder,0.5210544225752904,0.0017189457498975767
DQYWAP,src-1,Stimulated,1.0,0.9600260003818132,confident binder,0.5210544225752904,0.0017189457498975767
DVLVIE,src-1,Stimulated,1.0,0.9594783240528734,confident binder,0.5210544225752904,0.0017189457498975767
EEDDGE,src-1,Stimulated,0.0,0.04606794896701427,confident nonbinder,0.5210544225752904,0.0017189457498975767
EDDDDP,src-1,Stimulated,0.0,0.008640094691371236,confident nonbinder,0.5210544225752904,0.0017189457498975767
ALFPQS,src-1,Stimulated,0.0,0.38212590499589166,confident nonbinder,0.5210544225752904,0.0017189457498975767
KEEEEE,src-1,Stimulated,0.0,0.0449096895742209,confident nonbinder,0.5210544225752904,0.0017189457498975767
WLEQEG,src-1,Stimulated,0.0,0.007797599552849722,confident nonbinder,0.5210544225752904,0.0017189457498975767
EDGLDE,src-1,Stimulated,0.0,0.0030657789453313257,confident nonbinder,0.5210544225752904,0.0017189457498975767
TESEVR,src-1,Stimulated,,,1,0.5210544225752904,0.0017189457498975767
GSEDAV,src-1,Stimulated,0.0,0.37432218099031667,confident nonbinder,0.5210544225752904,0.0017189457498975767
PAELLI,src-1,Stimulated,1.0,0.9465804881396529,confident binder,0.5210544225752904,0.0017189457498975767
MVSALR,src-1,Stimulated,1.0,0.9121869875864524,confident binder,0.5210544225752904,0.0017189457498975767
LNNLDT,src-1,Stimulated,0.0,0.09865465987807914,confident nonbinder,0.5210544225752904,0.0017189457498975767
QPQPLR,src-1,Stimulated,1.0,0.7194189536468871,confident binder,0.5210544225752904,0.0017189457498975767
DPALVR,src-1,Stimulated,1.0,0.9457400231965356,confident binder,0.5210544225752904,0.0017189457498975767
KVEELR,src-1,Stimulated,1.0,0.9737097532960078,confident binder,0.5210544225752904,0.0017189457498975767
SLESFV,src-1,Stimulated,1.0,0.8497196050754574,confident binder,0.5210544225752904,0.0017189457498975767
THSNIE,src-1,Stimulated,1.0,0.9751608216610719,confident binder,0.5210544225752904,0.0017189457498975767
IEENKE,src-1,Stimulated,1.0,0.7187454689988169,confident binder,0.5210544225752904,0.0017189457498975767
EISDTQ,src-1,Stimulated,0.0,0.18512633740615836,confident nonbinder,0.5210544225752904,0.0017189457498975767
LLEHWK,src-1,Stimulated,1.0,0.8651764782490948,confident binder,0.5210544225752904,0.0017189457498975767
TDTFPL,src-1,Stimulated,1.0,0.814441637525109,confident binder,0.5210544225752904,0.0017189457498975767
GDYTLD,src-1,Stimulated,1.0,0.8293822561347025,confident binder,0.5210544225752904,0.0017189457498975767
TYWPRP,src-1,Stimulated,1.0,0.8260651628833383,confident binder,0.5210544225752904,0.0017189457498975767
PRAAPE,src-1,Stimulated,1.0,0.6281078588028732,confident binder,0.5210544225752904,0.0017189457498975767
RPEEPP,src-1,Stimulated,0.0,0.36139055285642824,confident nonbinder,0.5210544225752904,0.0017189457498975767
EDIRDW,src-1,Stimulated,0.0,0.4855641130228565,low-confidence,0.5210544225752904,0.0017189457498975767
SVYNEA,src-1,Stimulated,1.0,0.8673451419140261,confident binder,0.5210544225752904,0.0017189457498975767
KGYSPY,src-1,Stimulated,1.0,0.6237723817469275,confident binder,0.5210544225752904,0.0017189457498975767
NLTAEG,src-1,Stimulated,0.0,0.22051762664333083,confident nonbinder,0.5210544225752904,0.0017189457498975767
EQNVGM,src-1,Stimulated,0.0,0.09975226643148406,confident nonbinder,0.5210544225752904,0.0017189457498975767
DDEDDK,src-1,Stimulated,0.0,0.0380282590502346,confident nonbinder,0.5210544225752904,0.0017189457498975767
AIQDIR,src-1,Stimulated,,,1,0.5210544225752904,0.0017189457498975767
QQQQAD,src-1,Stimulated,0.0,0.131905878093116,confident nonbinder,0.5210544225752904,0.0017189457498975767
NSGSHR,src-1,Stimulated,0.0,0.06253116730642187,confident nonbinder,0.5210544225752904,0.0017189457498975767
MAIEQR,src-1,Stimulated,1.0,0.6984213737302819,confident binder,0.5210544225752904,0.0017189457498975767
PQFSDA,src-1,Stimulated,0.0,0.10259674182726626,confident nonbinder,0.5210544225752904,0.0017189457498975767
TEENLF,src-1,Stimulated,1.0,0.9967341492670745,confident binder,0.5210544225752904,0.0017189457498975767
DIVTVS,src-1,Stimulated,1.0,0.8915884090998988,confident binder,0.5210544225752904,0.0017189457498975767
KTENVL,src-1,Stimulated,1.0,0.9848037644529093,confident binder,0.5210544225752904,0.0017189457498975767
PLSFPG,src-1,Stimulated,1.0,0.7641278372709348,confident binder,0.5210544225752904,0.0017189457498975767
RRWCDA,src-1,Stimulated,1.0,0.862880436968015,confident binder,0.5210544225752904,0.0017189457498975767
KVYSYS,src-1,Stimulated,1.0,0.6705099203138309,confident binder,0.5210544225752904,0.0017189457498975767
GLGWTA,src-1,Stimulated,1.0,0.9445590654113238,confident binder,0.5210544225752904,0.0017189457498975767
LTAELE,src-1,Stimulated,1.0,0.967395772457011,confident binder,0.5210544225752904,0.0017189457498975767
EHKIPP,src-1,Stimulated,0.0,0.5109755197808021,low-confidence,0.5210544225752904,0.0017189457498975767
GDVPST,src-1,Stimulated,0.0,0.02009253051348662,confident nonbinder,0.5210544225752904,0.0017189457498975767
AKSDMS,src-1,Stimulated,1.0,0.5869194951225297,low-confidence,0.5210544225752904,0.0017189457498975767
SENVTN,src-1,Stimulated,0.0,0.041114846678744765,confident nonbinder,0.5210544225752904,0.0017189457498975767
EESGLS,src-1,Stimulated,1.0,0.5837374999817615,low-confidence,0.5210544225752904,0.0017189457498975767
TILQHA,src-1,Stimulated,1.0,0.9110872199220412,confident binder,0.5210544225752904,0.0017189457498975767
ITQPSV,src-1,Stimulated,0.0,0.16237239004605508,confident nonbinder,0.5210544225752904,0.0017189457498975767
DELVSP,src-1,Stimulated,0.0,0.45277608482165066,low-confidence,0.5210544225752904,0.0017189457498975767
ASDDPY,src-1,Stimulated,1.0,0.6430341567493099,confident binder,0.5210544225752904,0.0017189457498975767
ETETFD,src-1,Stimulated,1.0,0.7801399094248742,confident binder,0.5210544225752904,0.0017189457498975767
EDDSVE,src-1,Stimulated,0.0,0.5399614308352103,low-confidence,0.5210544225752904,0.0017189457498975767
DLGDLK,src-1,Stimulated,1.0,0.8655493285955134,confident binder,0.5210544225752904,0.0017189457498975767
EDFPCC,src-1,Stimulated,1.0,0.9685789805319797,confident binder,0.5210544225752904,0.0017189457498975767
GIQGFE,src-1,Stimulated,0.0,0.3926261932938991,confident nonbinder,0.5210544225752904,0.0017189457498975767
GDEVSV,src-1,Stimulated,0.0,0.2380310227933303,confident nonbinder,0.5210544225752904,0.0017189457498975767
EPGLSF,src-1,Stimulated,0.0,0.09835999573875849,confident nonbinder,0.5210544225752904,0.0017189457498975767
DQATIT,src-1,Stimulated,1.0,0.9135575847854541,confident binder,0.5210544225752904,0.0017189457498975767
VSICSR,src-1,Stimulated,,,1,0.5210544225752904,0.0017189457498975767
PVEEQD,src-1,Stimulated,0.0,0.51508687693379,low-confidence,0.5210544225752904,0.0017189457498975767
NPSLLD,src-1,Stimulated,1.0,0.8727035286831556,confident binder,0.5210544225752904,0.0017189457498975767
EEEQIQ,src-1,Stimulated,1.0,0.9096094468082841,confident binder,0.5210544225752904,0.0017189457498975767
QNVEIM,src-1,Stimulated,1.0,0.964957181473507,confident binder,0.5210544225752904,0.0017189457498975767
NPGLVA,src-1,Stimulated,1.0,0.7022715739360702,confident binder,0.5210544225752904,0.0017189457498975767
VIDFIE,src-1,Stimulated,1.0,0.9013047561395843,confident binder,0.5210544225752904,0.0017189457498975767
PREGSF,src-1,Stimulated,0.0,0.12840832315777226,confident nonbinder,0.5210544225752904,0.0017189457498975767
GINDNI,src-1,Stimulated,0.0,0.12049865529170248,confident nonbinder,0.5210544225752904,0.0017189457498975767
DGDWGR,src-1,Stimulated,1.0,0.9644764269242083,confident binder,0.5210544225752904,0.0017189457498975767
AIMNLA,src-1,Stimulated,1.0,0.9608423582255703,confident binder,0.5210544225752904,0.0017189457498975767
RQTSPE,src-1,Stimulated,0.0,0.07896092384312196,confident nonbinder,0.5210544225752904,0.0017189457498975767
DKEPAA,src-1,Stimulated,0.0,0.15510915146604032,confident nonbinder,0.5210544225752904,0.0017189457498975767
NHGMTH,src-1,Stimulated,0.0,0.16147771099410813,confident nonbinder,0.5210544225752904,0.0017189457498975767
LPVLPW,src-1,Stimulated,1.0,0.9073814970796195,confident binder,0.5210544225752904,0.0017189457498975767
LDETEK,src-1,Stimulated,0.0,0.29492294330341806,confident nonbinder,0.5210544225752904,0.0017189457498975767
KRESHP,src-1,Stimulated,0.0,0.10653339741536348,confident nonbinder,0.5210544225752904,0.0017189457498975767
DPAHLS,src-1,Stimulated,0.0,0.039521335644265854,confident nonbinder,0.5210544225752904,0.0017189457498975767
DSNEGV,src-1,Stimulated,0.0,0.036969442721978864,confident nonbinder,0.5210544225752904,0.0017189457498975767
LIVSER,src-1,Stimulated,1.0,0.7727081485299927,confident binder,0.5210544225752904,0.0017189457498975767
TTYQTA,src-1,Stimulated,0.0,0.5260783610298247,low-confidence,0.5210544225752904,0.0017189457498975767
SHSGLK,src-1,Stimulated,1.0,0.8108436007431492,confident binder,0.5210544225752904,0.0017189457498975767
SVITPG,src-1,Stimulated,1.0,0.8408047865608415,confident binder,0.5210544225752904,0.0017189457498975767
WLGGPW,src-1,Stimulated,0.0,0.015075072872422598,confident nonbinder,0.5210544225752904,0.0017189457498975767
EDVMAV,src-1,Stimulated,1.0,0.8323740450418262,confident binder,0.5210544225752904,0.0017189457498975767
VNSGCQ,src-1,Stimulated,0.0,0.05925259371664599,confident nonbinder,0.5210544225752904,0.0017189457498975767
EIEDVE,src-1,Stimulated,1.0,0.9123506731438156,confident binder,0.5210544225752904,0.0017189457498975767
YSEKTE,src-1,Stimulated,0.0,0.09426857988628368,confident nonbinder,0.5210544225752904,0.0017189457498975767
QNGELG,src-1,Stimulated,0.0,0.3111202424842389,confident nonbinder,0.5210544225752904,0.0017189457498975767
QLEEPD,src-1,Stimulated,,,1,0.5210544225752904,0.0017189457498975767
EAEDDV,src-1,Stimulated,0.0,0.14057275158135388,confident nonbinder,0.5210544225752904,0.0017189457498975767
SRQESL,src-1,Stimulated,0.0,0.15691235911921714,confident nonbinder,0.5210544225752904,0.0017189457498975767
PALAPE,src-1,Stimulated,1.0,0.8678713162052816,confident binder,0.5210544225752904,0.0017189457498975767
EESTFV,src-1,Stimulated,1.0,0.7543094644533103,confident binder,0.5210544225752904,0.0017189457498975767
EKSGLT,src-1,Stimulated,0.0,0.46779036690916304,low-confidence,0.5210544225752904,0.0017189457498975767
MLGDSG,src-1,Stimulated,0.0,0.021147963195056987,confident nonbinder,0.5210544225752904,0.0017189457498975767
LLWELR,src-1,Stimulated,1.0,0.9868699174670952,confident binder,0.5210544225752904,0.0017189457498975767
AHCVPC,src-1,Stimulated,1.0,0.9871344867096258,confident binder,0.5210544225752904,0.0017189457498975767
SVWENT,src-1,Stimulated,1.0,0.9669469942525315,confident binder,0.5210544225752904,0.0017189457498975767
IQSNHR,src-1,Stimulated,1.0,0.7465472599150645,confident binder,0.5210544225752904,0.0017189457498975767
GHEVTG,src-1,Stimulated,0.0,0.12122318576098845,confident nonbinder,0.5210544225752904,0.0017189457498975767
SGAGEL,src-1,Stimulated,0.0,0.13069811382654162,confident nonbinder,0.5210544225752904,0.0017189457498975767
PIQAGL,src-1,Stimulated,0.0,0.5109711074430829,low-confidence,0.5210544225752904,0.0017189457498975767
SIFGLD,src-1,Stimulated,1.0,0.6652626501302487,confident binder,0.5210544225752904,0.0017189457498975767
EEDEGS,src-1,Stimulated,0.0,0.06426358617008415,confident nonbinder,0.5210544225752904,0.0017189457498975767
PDLGAD,src-1,Stimulated,0.0,0.16240556384020755,confident nonbinder,0.5210544225752904,0.0017189457498975767
SDLDLD,src-1,Stimulated,1.0,0.8870574048998193,confident binder,0.5210544225752904,0.0017189457498975767
NTILRP,src-1,Stimulated,1.0,0.6184824623646583,confident binder,0.5210544225752904,0.0017189457498975767
LTEPQL,src-1,Stimulated,0.0,0.5063656538831298,low-confidence,0.5210544225752904,0.0017189457498975767
SMSTDS,src-1,Stimulated,0.0,0.058233840134654956,confident nonbinder,0.5210544225752904,0.0017189457498975767
KIAGVG,src-1,Stimulated,0.0,0.5,low-confidence,0.5210544225752904,0.0017189457498975767
LVDQSP,src-1,Stimulated,0.0,0.4556810724797806,low-confidence,0.5210544225752904,0.0017189457498975767
GYWEVP,src-1,Stimulated,1.0,0.9934584224432985,confident binder,0.5210544225752904,0.0017189457498975767
GLSTVP,src-1,Stimulated,1.0,0.864731879834871,confident binder,0.5210544225752904,0.0017189457498975767
PGEVGQ,src-1,Stimulated,0.0,0.17873400372790982,confident nonbinder,0.5210544225752904,0.0017189457498975767
EDSSSS,src-1,Stimulated,0.0,0.012874389975528483,confident nonbinder,0.5210544225752904,0.0017189457498975767
LPAIPA,src-1,Stimulated,1.0,0.9379004737353835,confident binder,0.5210544225752904,0.0017189457498975767
DDDNEE,src-1,Stimulated,0.0,0.07108060638907221,confident nonbinder,0.5210544225752904,0.0017189457498975767
GHSQGP,src-1,Stimulated,0.0,0.04119665033465901,confident nonbinder,0.5210544225752904,0.0017189457498975767
ETDVPP,src-1,Stimulated,1.0,0.6861643169782566,confident binder,0.5210544225752904,0.0017189457498975767
ALIADR,src-1,Stimulated,1.0,0.7954890775789709,confident binder,0.5210544225752904,0.0017189457498975767
VNEEDA,src-1,Stimulated,0.0,0.19058969637320103,confident nonbinder,0.5210544225752904,0.0017189457498975767
IEEDLG,src-1,Stimulated,1.0,0.8359174793102783,confident binder,0.5210544225752904,0.0017189457498975767
GNDAFR,src-1,Stimulated,1.0,0.6526119128896058,confident binder,0.5210544225752904,0.0017189457498975767
PLLEDQ,src-1,Stimulated,1.0,0.6507078884947516,confident binder,0.5210544225752904,0.0017189457498975767
SALLGV,src-1,Stimulated,1.0,0.7229577193926724,confident binder,0.5210544225752904,0.0017189457498975767
MTQVPE,src-1,Stimulated,1.0,0.5988348029320903,low-confidence,0.5210544225752904,0.0017189457498975767
KIESIE,src-1,Stimulated,1.0,0.9109351627928665,confident binder,0.5210544225752904,0.0017189457498975767
NTDAQY,src-1,Stimulated,0.0,0.28234905040612457,confident nonbinder,0.5210544225752904,0.0017189457498975767
RWHPGC,src-1,Stimulated,1.0,0.901442314338062,confident binder,0.5210544225752904,0.0017189457498975767
ENKEAL,src-1,Stimulated,0.0,0.3348194869034156,confident nonbinder,0.5210544225752904,0.0017189457498975767
RVELHG,src-1,Stimulated,0.0,0.34757520576090606,confident nonbinder,0.5210544225752904,0.0017189457498975767
YQIQSR,src-1,Stimulated,0.0,0.42955860163495685,low-confidence,0.5210544225752904,0.0017189457498975767
AREMAS,src-1,Stimulated,1.0,0.6550403161902898,confident binder,0.5210544225752904,0.0017189457498975767
ATSNLG,src-1,Stimulated,1.0,0.9331890060526332,confident binder,0.5210544225752904,0.0017189457498975767
DEFILE,src-1,Stimulated,1.0,0.9080094470838722,confident binder,0.5210544225752904,0.0017189457498975767
PQISYI,src-1,Stimulated,1.0,0.7163428993068498,confident binder,0.5210544225752904,0.0017189457498975767
VLISPP,src-1,Stimulated,1.0,0.9065073768145429,confident binder,0.5210544225752904,0.0017189457498975767
TINDEF,src-1,Stimulated,0.0,0.347578917985767,confident nonbinder,0.5210544225752904,0.0017189457498975767
VQTLPK,src-1,Stimulated,1.0,0.7670983370414589,confident binder,0.5210544225752904,0.0017189457498975767
NISVPH,src-1,Stimulated,,,1,0.5210544225752904,0.0017189457498975767
NTSSGS,src-1,Stimulated,0.0,0.04076963930769899,confident nonbinder,0.5210544225752904,0.0017189457498975767
DHIAAQ,src-1,Stimulated,1.0,0.7085328524366579,confident binder,0.5210544225752904,0.0017189457498975767
SLIANH,src-1,Stimulated,1.0,0.7464860282095618,confident binder,0.5210544225752904,0.0017189457498975767
RMSYPA,src-1,Stimulated,1.0,0.6606993668222931,confident binder,0.5210544225752904,0.0017189457498975767
KISYMS,src-1,Stimulated,1.0,0.732486506758338,confident binder,0.5210544225752904,0.0017189457498975767
GLMEAN,src-1,Stimulated,1.0,0.7771426448349902,confident binder,0.5210544225752904,0.0017189457498975767
SLDEVA,src-1,Stimulated,1.0,0.9622315733972158,confident binder,0.5210544225752904,0.0017189457498975767
PCEQLN,src-1,Stimulated,,,1,0.5210544225752904,0.0017189457498975767
SSSDAP,src-1,Stimulated,0.0,0.09358524458220323,confident nonbinder,0.5210544225752904,0.0017189457498975767
EAVIQK,src-1,Stimulated,1.0,0.7138385697577989,confident binder,0.5210544225752904,0.0017189457498975767
LSCLSG,src-1,Stimulated,0.0,0.4560800404109833,low-confidence,0.5210544225752904,0.0017189457498975767
DHVMQE,src-1,Stimulated,1.0,0.5980854512663581,low-confidence,0.5210544225752904,0.0017189457498975767
GTATQS,src-1,Stimulated,0.0,0.21493264207083085,confident nonbinder,0.5210544225752904,0.0017189457498975767
ATQDKR,src-1,Stimulated,0.0,0.4767693209049217,low-confidence,0.5210544225752904,0.0017189457498975767
STISSA,src-1,Stimulated,0.0,0.4420215454840925,low-confidence,0.5210544225752904,0.0017189457498975767
SFTSHL,src-1,Stimulated,1.0,0.6803299743111213,confident binder,0.5210544225752904,0.0017189457498975767
PVSVYS,src-1,Stimulated,1.0,0.7914004131051653,confident binder,0.5210544225752904,0.0017189457498975767
QLQVQL,src-1,Stimulated,1.0,0.8185215259432168,confident binder,0.5210544225752904,0.0017189457498975767
EVGPEV,src-1,Stimulated,0.0,0.03251258970766545,confident nonbinder,0.5210544225752904,0.0017189457498975767
KVVDDI,src-1,Stimulated,0.0,0.5281623952059341,low-confidence,0.5210544225752904,0.0017189457498975767
TLSGTG,src-1,Stimulated,0.0,0.06082206900722633,confident nonbinder,0.5210544225752904,0.0017189457498975767
HLENLC,src-1,Stimulated,,,1,0.5210544225752904,0.0017189457498975767
ITSLLM,src-1,Stimulated,,,1,0.5210544225752904,0.0017189457498975767
GLASVC,src-1,Stimulated,1.0,0.9857572569700831,confident binder,0.5210544225752904,0.0017189457498975767
NVSDLG,src-1,Stimulated,1.0,0.8408357991343064,confident binder,0.5210544225752904,0.0017189457498975767
PLSPTF,src-1,Stimulated,0.0,0.39000393981725034,confident nonbinder,0.5210544225752904,0.0017189457498975767
EDSSFQ,src-1,Stimulated,0.0,0.33244854714494826,confident nonbinder,0.5210544225752904,0.0017189457498975767
PLIEGG,src-1,Stimulated,1.0,0.5711090043188615,low-confidence,0.5210544225752904,0.0017189457498975767
KKFPLT,src-1,Stimulated,0.0,0.41986291357064665,low-confidence,0.5210544225752904,0.0017189457498975767
QPELNT,src-1,Stimulated,0.0,0.1554894171752268,confident nonbinder,0.5210544225752904,0.0017189457498975767
PLGVPE,src-1,Stimulated,1.0,0.5830979058747843,low-confidence,0.5210544225752904,0.0017189457498975767
DATFPQ,src-1,Stimulated,1.0,0.6915369408132632,confident binder,0.5210544225752904,0.0017189457498975767
DPCHPV,src-1,Stimulated,0.0,0.022627680575789583,confident nonbinder,0.5210544225752904,0.0017189457498975767
NIEDNG,src-1,Stimulated,0.0,0.16150520392931442,confident nonbinder,0.5210544225752904,0.0017189457498975767
EIDFEP,src-1,Stimulated,0.0,0.2781047518049222,confident nonbinder,0.5210544225752904,0.0017189457498975767
TLDFPG,src-1,Stimulated,1.0,0.8320292949439926,confident binder,0.5210544225752904,0.0017189457498975767
VISTPL,src-1,Stimulated,1.0,0.8850080553960483,confident binder,0.5210544225752904,0.0017189457498975767
TIENEG,src-1,Stimulated,1.0,0.5819451394395131,low-confidence,0.5210544225752904,0.0017189457498975767
KESGFA,src-1,Stimulated,0.0,0.34925094152464553,confident nonbinder,0.5210544225752904,0.0017189457498975767
YSEIIE,src-1,Stimulated,1.0,0.9349997935748835,confident binder,0.5210544225752904,0.0017189457498975767
VSQLAF,src-1,Stimulated,1.0,0.7360052899413198,confident binder,0.5210544225752904,0.0017189457498975767
LPQVPT,src-1,Stimulated,1.0,0.7711789093399397,confident binder,0.5210544225752904,0.0017189457498975767
APAPVQ,src-1,Stimulated,1.0,0.588976236905036,low-confidence,0.5210544225752904,0.0017189457498975767
DEDYLF,src-1,Stimulated,1.0,0.9625790116581492,confident binder,0.5210544225752904,0.0017189457498975767
QVDVPT,src-1,Stimulated,1.0,0.8853896684451255,confident binder,0.5210544225752904,0.0017189457498975767
KSEDPT,src-1,Stimulated,0.0,0.3582096639401939,confident nonbinder,0.5210544225752904,0.0017189457498975767
PYLQTQ,src-1,Stimulated,1.0,0.5990978662308881,low-confidence,0.5210544225752904,0.0017189457498975767
PLTEAD,src-1,Stimulated,1.0,0.7026399419924073,confident binder,0.5210544225752904,0.0017189457498975767
GVISEE,src-1,Stimulated,0.0,0.3309336811122256,confident nonbinder,0.5210544225752904,0.0017189457498975767
DNSQSR,src-1,Stimulated,0.0,0.045156067728304314,confident nonbinder,0.5210544225752904,0.0017189457498975767
QLVLGH,src-1,Stimulated,1.0,0.8556913173948336,confident binder,0.5210544225752904,0.0017189457498975767
SDSPHI,src-1,Stimulated,0.0,0.061706153938552444,confident nonbinder,0.5210544225752904,0.0017189457498975767
NPNYSD,src-1,Stimulated,0.0,0.017179980405167508,confident nonbinder,0.5210544225752904,0.0017189457498975767
DDSLCG,src-1,Stimulated,0.0,0.09277685684676795,confident nonbinder,0.5210544225752904,0.0017189457498975767
DAEELR,src-1,Stimulated,,,1,0.5210544225752904,0.0017189457498975767
SNTDLA,src-1,Stimulated,1.0,0.8684366690461206,confident binder,0.5210544225752904,0.0017189457498975767
ADEEVK,src-1,Stimulated,1.0,0.9489882750402333,confident binder,0.5210544225752904,0.0017189457498975767
CCSSLP,src-1,Stimulated,1.0,0.8923817153110456,confident binder,0.5210544225752904,0.0017189457498975767
GSQGAQ,src-1,Stimulated,0.0,0.03407578573692736,confident nonbinder,0.5210544225752904,0.0017189457498975767
VTDDVP,src-1,Stimulated,1.0,0.7884356040622976,confident binder,0.5210544225752904,0.0017189457498975767
FQLAVH,src-1,Stimulated,1.0,0.9683603641717432,confident binder,0.5210544225752904,0.0017189457498975767
SKAEYS,src-1,Stimulated,1.0,0.664554255090166,confident binder,0.5210544225752904,0.0017189457498975767
SLEDLE,src-1,Stimulated,1.0,0.9574349581691146,confident binder,0.5210544225752904,0.0017189457498975767
GLATAT,src-1,Stimulated,1.0,0.7327956447204976,confident binder,0.5210544225752904,0.0017189457498975767
SISGLE,src-1,Stimulated,1.0,0.6652040207748607,confident binder,0.5210544225752904,0.0017189457498975767
HELGNL,src-1,Stimulated,0.0,0.364829370867051,confident nonbinder,0.5210544225752904,0.0017189457498975767
FGGVEE,src-1,Stimulated,0.0,0.1316203201272976,confident nonbinder,0.5210544225752904,0.0017189457498975767
EDIHIR,src-1,Stimulated,0.0,0.22109955417220714,confident nonbinder,0.5210544225752904,0.0017189457498975767
QRLQHH,src-1,Stimulated,1.0,0.7326178699972268,confident binder,0.5210544225752904,0.0017189457498975767
LAINPD,src-1,Stimulated,1.0,0.9786271111607815,confident binder,0.5210544225752904,0.0017189457498975767
QLEWQQ,src-1,Stimulated,1.0,0.9797956348023226,confident binder,0.5210544225752904,0.0017189457498975767
DHENPR,src-1,Stimulated,1.0,0.9684258411183655,confident binder,0.5210544225752904,0.0017189457498975767
ALSGVH,src-1,Stimulated,1.0,0.8247209373852339,confident binder,0.5210544225752904,0.0017189457498975767
SQIDNR,src-1,Stimulated,0.0,0.2345835977964103,confident nonbinder,0.5210544225752904,0.0017189457498975767
GDEHAD,src-1,Stimulated,0.0,0.0012731280314532299,confident nonbinder,0.5210544225752904,0.0017189457498975767
EVMTPL,src-1,Stimulated,1.0,0.9350739847986322,confident binder,0.5210544225752904,0.0017189457498975767
GLVTEE,src-1,Stimulated,0.0,0.5483618500396152,low-confidence,0.5210544225752904,0.0017189457498975767
KLDGFQ,src-1,Stimulated,0.0,0.5167450140759988,low-confidence,0.5210544225752904,0.0017189457498975767
TSSTTS,src-1,Stimulated,0.0,0.05435438502656967,confident nonbinder,0.5210544225752904,0.0017189457498975767
STLQSR,src-1,Stimulated,0.0,0.48699987871717026,low-confidence,0.5210544225752904,0.0017189457498975767
QELEVQ,src-1,Stimulated,1.0,0.9441851843743029,confident binder,0.5210544225752904,0.0017189457498975767
EEFEAH,src-1,Stimulated,1.0,0.631141146627487,confident binder,0.5210544225752904,0.0017189457498975767
TNVDFY,src-1,Stimulated,1.0,0.7829836100892923,confident binder,0.5210544225752904,0.0017189457498975767
PCTANF,src-1,Stimulated,1.0,0.61187527879495,confident binder,0.5210544225752904,0.0017189457498975767
PATQIA,src-1,Stimulated,1.0,0.9118034879375019,confident binder,0.5210544225752904,0.0017189457498975767
SQGTPV,src-1,Stimulated,0.0,0.17329125609748802,confident nonbinder,0.5210544225752904,0.0017189457498975767
DHQTPA,src-1,Stimulated,1.0,0.8495888753758725,confident binder,0.5210544225752904,0.0017189457498975767
VHEDIR,src-1,Stimulated,1.0,0.9773414177740277,confident binder,0.5210544225752904,0.0017189457498975767
NDETAD,src-1,Stimulated,0.0,0.2877714602060914,confident nonbinder,0.5210544225752904,0.0017189457498975767
ESEALP,src-1,Stimulated,1.0,0.8886986571936153,confident binder,0.5210544225752904,0.0017189457498975767
RFAGGS,src-1,Stimulated,0.0,0.04790831679552248,confident nonbinder,0.5210544225752904,0.0017189457498975767
SAEQVK,src-1,Stimulated,1.0,0.9112844124816544,confident binder,0.5210544225752904,0.0017189457498975767
LDYENP,src-1,Stimulated,0.0,0.2511990189557848,confident nonbinder,0.5210544225752904,0.0017189457498975767
TPNTPQ,src-1,Stimulated,0.0,0.28382995404369843,confident nonbinder,0.5210544225752904,0.0017189457498975767
RDEDGM,src-1,Stimulated,0.0,0.04890248073256426,confident nonbinder,0.5210544225752904,0.0017189457498975767
LNQHYK,src-1,Stimulated,0.0,0.026051065027058368,confident nonbinder,0.5210544225752904,0.0017189457498975767
QHHQGY,src-1,Stimulated,0.0,0.1724040847854988,confident nonbinder,0.5210544225752904,0.0017189457498975767
PGIGIP,src-1,Stimulated,1.0,0.8178307369287487,confident binder,0.5210544225752904,0.0017189457498975767
EIVPEA,src-1,Stimulated,0.0,0.4681271843636645,low-confidence,0.5210544225752904,0.0017189457498975767
QSSQAG,src-1,Stimulated,0.0,0.057785835856088916,confident nonbinder,0.5210544225752904,0.0017189457498975767
EHDPPF,src-1,Stimulated,1.0,0.6259235176446263,confident binder,0.5210544225752904,0.0017189457498975767
NADSNH,src-1,Stimulated,0.0,0.10148175687123479,confident nonbinder,0.5210544225752904,0.0017189457498975767
DLHLQK,src-1,Stimulated,1.0,0.6124247984613245,confident binder,0.5210544225752904,0.0017189457498975767
EGEHEE,src-1,Stimulated,0.0,0.0004452284440599412,confident nonbinder,0.5210544225752904,0.0017189457498975767
SQSMVA,src-1,Stimulated,1.0,0.892991788056834,confident binder,0.5210544225752904,0.0017189457498975767
KDSDIT,src-1,Stimulated,1.0,0.6725251308372255,confident binder,0.5210544225752904,0.0017189457498975767
SASSFV,src-1,Stimulated,0.0,0.42630348821467073,low-confidence,0.5210544225752904,0.0017189457498975767
GTGVVY,src-1,Stimulated,,,0,0.5210544225752904,0.0017189457498975767
RKISIT,src-1,Stimulated,1.0,0.7325995097648337,confident binder,0.5210544225752904,0.0017189457498975767
KFDSNT,src-1,Stimulated,0.0,0.08343090611033215,confident nonbinder,0.5210544225752904,0.0017189457498975767
PASPAS,src-1,Stimulated,0.0,0.05085497068698027,confident nonbinder,0.5210544225752904,0.0017189457498975767
ARVDVL,src-1,Stimulated,1.0,0.9275740169364941,confident binder,0.5210544225752904,0.0017189457498975767
EPSCSK,src-1,Stimulated,0.0,0.15496057149122797,confident nonbinder,0.5210544225752904,0.0017189457498975767
SVEDVA,src-1,Stimulated,1.0,0.9488355229349845,confident binder,0.5210544225752904,0.0017189457498975767
HFVVTA,src-1,Stimulated,1.0,0.8636665244254303,confident binder,0.5210544225752904,0.0017189457498975767
VEETLK,src-1,Stimulated,1.0,0.9788120430799548,confident binder,0.5210544225752904,0.0017189457498975767
ANSFHK,src-1,Stimulated,0.0,0.4332746136633509,low-confidence,0.5210544225752904,0.0017189457498975767
DHEALR,src-1,Stimulated,1.0,0.9746896444467724,confident binder,0.5210544225752904,0.0017189457498975767
EAAIGK,src-1,Stimulated,0.0,0.46956543038303844,low-confidence,0.5210544225752904,0.0017189457498975767
SSGNIR,src-1,Stimulated,1.0,0.8831133283825962,confident binder,0.5210544225752904,0.0017189457498975767
GGEIPA,src-1,Stimulated,1.0,0.8651363543388746,confident binder,0.5210544225752904,0.0017189457498975767
GYEAHP,src-1,Stimulated,1.0,0.5773795420942543,low-confidence,0.5210544225752904,0.0017189457498975767
LADLNP,src-1,Stimulated,0.0,0.4223858509548928,low-confidence,0.5210544225752904,0.0017189457498975767
GPSISV,src-1,Stimulated,0.0,0.1979573570359384,confident nonbinder,0.5210544225752904,0.0017189457498975767
RDDDMS,src-1,Stimulated,0.0,0.24188075967382522,confident nonbinder,0.5210544225752904,0.0017189457498975767
EEGEFY,src-1,Stimulated,0.0,0.4682063809173327,low-confidence,0.5210544225752904,0.0017189457498975767
AVEEFA,src-1,Stimulated,1.0,0.9437053280920353,confident binder,0.5210544225752904,0.0017189457498975767
KLQEPR,src-1,Stimulated,1.0,0.9329016857059454,confident binder,0.5210544225752904,0.0017189457498975767
SDTNEK,src-1,Stimulated,0.0,0.21863126675845562,confident nonbinder,0.5210544225752904,0.0017189457498975767
KLSIIL,src-1,Stimulated,1.0,0.9300510255011533,confident binder,0.5210544225752904,0.0017189457498975767
AFEFTF,src-1,Stimulated,1.0,0.8479620231284173,confident binder,0.5210544225752904,0.0017189457498975767
KRQDTP,src-1,Stimulated,0.0,0.02763236959578178,confident nonbinder,0.5210544225752904,0.0017189457498975767
TDGPEE,src-1,Stimulated,0.0,0.0008819327114259558,confident nonbinder,0.5210544225752904,0.0017189457498975767
TDTELH,src-1,Stimulated,1.0,0.9327625285424319,confident binder,0.5210544225752904,0.0017189457498975767
AIDNPN,src-1,Stimulated,1.0,0.9742783169248828,confident binder,0.5210544225752904,0.0017189457498975767
NQNNPA,src-1,Stimulated,1.0,0.862970500072306,confident binder,0.5210544225752904,0.0017189457498975767
QEGCVQ,src-1,Stimulated,1.0,0.5655252948136464,low-confidence,0.5210544225752904,0.0017189457498975767
VESTVA,src-1,Stimulated,1.0,0.9041960537377081,confident binder,0.5210544225752904,0.0017189457498975767
PSSLFR,src-1,Stimulated,1.0,0.6838818434519226,confident binder,0.5210544225752904,0.0017189457498975767
DIVIPQ,src-1,Stimulated,1.0,0.9175368767895424,confident binder,0.5210544225752904,0.0017189457498975767
GNGNYG,src-1,Stimulated,0.0,0.1495962847620012,confident nonbinder,0.5210544225752904,0.0017189457498975767
NVQPTE,src-1,Stimulated,0.0,0.09123651546304569,confident nonbinder,0.5210544225752904,0.0017189457498975767
ENSFLP,src-1,Stimulated,1.0,0.8098141494716865,confident binder,0.5210544225752904,0.0017189457498975767
GSALTS,src-1,Stimulated,0.0,0.13075048038937082,confident nonbinder,0.5210544225752904,0.0017189457498975767
SLSGIE,src-1,Stimulated,1.0,0.7827463468014042,confident binder,0.5210544225752904,0.0017189457498975767
AEAPLE,src-1,Stimulated,1.0,0.7831523655553321,confident binder,0.5210544225752904,0.0017189457498975767
SQQENR,src-1,Stimulated,0.0,0.0789825629292006,confident nonbinder,0.5210544225752904,0.0017189457498975767
STVPLA,src-1,Stimulated,1.0,0.8474110164130475,confident binder,0.5210544225752904,0.0017189457498975767
TISQTL,src-1,Stimulated,0.0,0.5089831653004865,low-confidence,0.5210544225752904,0.0017189457498975767
SGSYET,src-1,Stimulated,0.0,0.03527336810239946,confident nonbinder,0.5210544225752904,0.0017189457498975767
PSIPFL,src-1,Stimulated,0.0,0.5269080903959836,low-confidence,0.5210544225752904,0.0017189457498975767
YTEELL,src-1,Stimulated,1.0,0.9813448421130686,confident binder,0.5210544225752904,0.0017189457498975767
SPTTSA,src-1,Stimulated,0.0,0.16402865044386838,confident nonbinder,0.5210544225752904,0.0017189457498975767
EIALNR,src-1,Stimulated,1.0,0.7077792874549268,confident binder,0.5210544225752904,0.0017189457498975767
NNGCVP,src-1,Stimulated,0.0,0.43814719056458884,low-confidence,0.5210544225752904,0.0017189457498975767
DDQPVR,src-1,Stimulated,0.0,0.4714854720913894,low-confidence,0.5210544225752904,0.0017189457498975767
DENPFS,src-1,Stimulated,0.0,0.07929038638699121,confident nonbinder,0.5210544225752904,0.0017189457498975767
GDYEVD,src-1,Stimulated,1.0,0.7570462058338847,confident binder,0.5210544225752904,0.0017189457498975767
EPLSPQ,src-1,Stimulated,1.0,0.7590657222124587,confident binder,0.5210544225752904,0.0017189457498975767
PDENIT,src-1,Stimulated,1.0,0.9745398431132284,confident binder,0.5210544225752904,0.0017189457498975767
QPEFTT,src-1,Stimulated,0.0,0.2461404594984884,confident nonbinder,0.5210544225752904,0.0017189457498975767
PGDTHG,src-1,Stimulated,0.0,0.11712367768778568,confident nonbinder,0.5210544225752904,0.0017189457498975767
DSATHN,src-1,Stimulated,0.0,0.3666173214645546,confident nonbinder,0.5210544225752904,0.0017189457498975767
FPEEDS,src-1,Stimulated,0.0,0.2783279280865898,confident nonbinder,0.5210544225752904,0.0017189457498975767
NEIAST,src-1,Stimulated,0.0,0.37440832961756454,confident nonbinder,0.5210544225752904,0.0017189457498975767
GDDNLE,src-1,Stimulated,1.0,0.9245954506271123,confident binder,0.5210544225752904,0.0017189457498975767
YNSDSI,src-1,Stimulated,0.0,0.09471530143496354,confident nonbinder,0.5210544225752904,0.0017189457498975767
SPVVAV,src-1,Stimulated,1.0,0.7671164219953404,confident binder,0.5210544225752904,0.0017189457498975767
GTDLDF,src-1,Stimulated,0.0,0.295935294166847,confident nonbinder,0.5210544225752904,0.0017189457498975767
PMQEAE,src-1,Stimulated,0.0,0.5264523396096523,low-confidence,0.5210544225752904,0.0017189457498975767
DWDCHR,src-1,Stimulated,1.0,0.9817759843700471,confident binder,0.5210544225752904,0.0017189457498975767
ALEDEG,src-1,Stimulated,0.0,0.2538345350182378,confident nonbinder,0.5210544225752904,0.0017189457498975767
LEDSEH,src-1,Stimulated,0.0,0.1286598020725919,confident nonbinder,0.5210544225752904,0.0017189457498975767
PVENKY,src-1,Stimulated,,,1,0.5210544225752904,0.0017189457498975767
MPSVGF,src-1,Stimulated,0.0,0.46418721194578283,low-confidence,0.5210544225752904,0.0017189457498975767
SSYSGM,src-1,Stimulated,0.0,0.1356793915842517,confident nonbinder,0.5210544225752904,0.0017189457498975767
DLVEGL,src-1,Stimulated,1.0,0.8525084363813067,confident binder,0.5210544225752904,0.0017189457498975767
ELGEPR,src-1,Stimulated,1.0,0.8301562327526929,confident binder,0.5210544225752904,0.0017189457498975767
SQEVMA,src-1,Stimulated,1.0,0.9301317334889649,confident binder,0.5210544225752904,0.0017189457498975767
RHTGPG,src-1,Stimulated,0.0,0.03881802116723283,confident nonbinder,0.5210544225752904,0.0017189457498975767
RNQQNY,src-1,Stimulated,,,0,0.5210544225752904,0.0017189457498975767
KNALPS,src-1,Stimulated,0.0,0.5,low-confidence,0.5210544225752904,0.0017189457498975767
RPDGAA,src-1,Stimulated,0.0,0.04898858532571405,confident nonbinder,0.5210544225752904,0.0017189457498975767
SIYITG,src-1,Stimulated,0.0,0.3422277769306821,confident nonbinder,0.5210544225752904,0.0017189457498975767
TIQPPE,src-1,Stimulated,0.0,0.4502976641375708,low-confidence,0.5210544225752904,0.0017189457498975767
ALGYDI,src-1,Stimulated,0.0,0.33742092774071686,confident nonbinder,0.5210544225752904,0.0017189457498975767
VDDVSP,src-1,Stimulated,0.0,0.11435162531774862,confident nonbinder,0.5210544225752904,0.0017189457498975767
QLDPGA,src-1,Stimulated,0.0,0.24988254097482981,confident nonbinder,0.5210544225752904,0.0017189457498975767
DVRAPP,src-1,Stimulated,0.0,0.002960860574398855,confident nonbinder,0.5210544225752904,0.0017189457498975767
EGVSAK,src-1,Stimulated,1.0,0.6807651588578432,confident binder,0.5210544225752904,0.0017189457498975767
KLEAVP,src-1,Stimulated,1.0,0.9421884800074609,confident binder,0.5210544225752904,0.0017189457498975767
GFSENL,src-1,Stimulated,0.0,0.4687323348143054,low-confidence,0.5210544225752904,0.0017189457498975767
HIYGSL,src-1,Stimulated,0.0,0.4241777062340144,low-confidence,0.5210544225752904,0.0017189457498975767
GHQEEE,src-1,Stimulated,0.0,0.05069869927975598,confident nonbinder,0.5210544225752904,0.0017189457498975767
EDEEVD,src-1,Stimulated,,,1,0.5210544225752904,0.0017189457498975767
HDRDMD,src-1,Stimulated,0.0,0.00528951076990423,confident nonbinder,0.5210544225752904,0.0017189457498975767
SRQQPF,src-1,Stimulated,,,1,0.5210544225752904,0.0017189457498975767
DNCEIT,src-1,Stimulated,1.0,0.9152699449651276,confident binder,0.5210544225752904,0.0017189457498975767
YSDISE,src-1,Stimulated,0.0,0.0736768868688679,confident nonbinder,0.5210544225752904,0.0017189457498975767
STYWPR,src-1,Stimulated,1.0,0.9920018357394161,confident binder,0.5210544225752904,0.0017189457498975767
GSDDVL,src-1,Stimulated,1.0,0.754240408498862,confident binder,0.5210544225752904,0.0017189457498975767
EFVHYV,src-1,Stimulated,0.0,0.14295686230748414,confident nonbinder,0.5210544225752904,0.0017189457498975767
SHLTPQ,src-1,Stimulated,1.0,0.9042189701835464,confident binder,0.5210544225752904,0.0017189457498975767
KTVSCL,src-1,Stimulated,1.0,0.681065314720121,confident binder,0.5210544225752904,0.0017189457498975767
AVISVQ,src-1,Stimulated,1.0,0.8515544014293702,confident binder,0.5210544225752904,0.0017189457498975767
EISMDE,src-1,Stimulated,0.0,0.18453799962670528,confident nonbinder,0.5210544225752904,0.0017189457498975767
FQTAPK,src-1,Stimulated,1.0,0.905003503457107,confident binder,0.5210544225752904,0.0017189457498975767
NSEAEW,src-1,Stimulated,0.0,0.22844215716994543,confident nonbinder,0.5210544225752904,0.0017189457498975767
SDQVLR,src-1,Stimulated,1.0,0.9353570779036929,confident binder,0.5210544225752904,0.0017189457498975767
SEEEIP,src-1,Stimulated,1.0,0.9461025766368193,confident binder,0.5210544225752904,0.0017189457498975767
VEAYSD,src-1,Stimulated,0.0,0.18928006088715868,confident nonbinder,0.5210544225752904,0.0017189457498975767
ADSDST,src-1,Stimulated,0.0,0.030296779047278066,confident nonbinder,0.5210544225752904,0.0017189457498975767
ANHLYG,src-1,Stimulated,0.0,0.2712675094432699,confident nonbinder,0.5210544225752904,0.0017189457498975767
TPLDIA,src-1,Stimulated,1.0,0.9574357700903777,confident binder,0.5210544225752904,0.0017189457498975767
ADSAFG,src-1,Stimulated,0.0,0.24099662343564215,confident nonbinder,0.5210544225752904,0.0017189457498975767
PLSSLT,src-1,Stimulated,1.0,0.882560383679216,confident binder,0.5210544225752904,0.0017189457498975767
ALQQLQ,src-1,Stimulated,1.0,0.9445458094395878,confident binder,0.5210544225752904,0.0017189457498975767
ENIIDK,src-1,Stimulated,0.0,0.2606689745975766,confident nonbinder,0.5210544225752904,0.0017189457498975767
TDQNPV,src-1,Stimulated,1.0,0.925381410383158,confident binder,0.5210544225752904,0.0017189457498975767
AASVEH,src-1,Stimulated,0.0,0.3024647031557251,confident nonbinder,0.5210544225752904,0.0017189457498975767
QLDAVP,src-1,Stimulated,1.0,0.938017691994595,confident binder,0.5210544225752904,0.0017189457498975767
PYDYEI,src-1,Stimulated,0.0,0.35474966215470666,confident nonbinder,0.5210544225752904,0.0017189457498975767
PEAVLT,src-1,Stimulated,1.0,0.9534538758259588,confident binder,0.5210544225752904,0.0017189457498975767
LRLHVL,src-1,Stimulated,0.0,0.26693453555079133,confident nonbinder,0.5210544225752904,0.0017189457498975767
GPGVFA,src-1,Stimulated,0.0,0.2912545953504673,confident nonbinder,0.5210544225752904,0.0017189457498975767
EQEMTE,src-1,Stimulated,0.0,0.1789193763354431,confident nonbinder,0.5210544225752904,0.0017189457498975767
CEKHPK,src-1,Stimulated,0.0,0.021775991713173383,confident nonbinder,0.5210544225752904,0.0017189457498975767
GPDVVV,src-1,Stimulated,1.0,0.8401287336346748,confident binder,0.5210544225752904,0.0017189457498975767
EQEVAQ,src-1,Stimulated,0.0,0.4022063338256243,low-confidence,0.5210544225752904,0.0017189457498975767
EGSIKP,src-1,Stimulated,0.0,0.24016454911999435,confident nonbinder,0.5210544225752904,0.0017189457498975767
KIDILS,src-1,Stimulated,1.0,0.9031659326036392,confident binder,0.5210544225752904,0.0017189457498975767
FDQFGY,src-1,Stimulated,0.0,0.5210663014026006,low-confidence,0.5210544225752904,0.0017189457498975767
GAYIPG,src-1,Stimulated,0.0,0.5187834269582641,low-confidence,0.5210544225752904,0.0017189457498975767
NLIENE,src-1,Stimulated,1.0,0.8019166378212507,confident binder,0.5210544225752904,0.0017189457498975767
NPQPAP,src-1,Stimulated,0.0,0.06152819999041168,confident nonbinder,0.5210544225752904,0.0017189457498975767
DLLEHL,src-1,Stimulated,1.0,0.9541119015925449,confident binder,0.5210544225752904,0.0017189457498975767
PGQSSY,src-1,Stimulated,0.0,0.0706969802272777,confident nonbinder,0.5210544225752904,0.0017189457498975767
CDCDTY,src-1,Stimulated,0.0,0.5491856862809489,low-confidence,0.5210544225752904,0.0017189457498975767
LIQTGP,src-1,Stimulated,0.0,0.5335204195033088,low-confidence,0.5210544225752904,0.0017189457498975767
YNSGTE,src-1,Stimulated,0.0,0.011025432787738473,confident nonbinder,0.5210544225752904,0.0017189457498975767
AQEMAR,src-1,Stimulated,,,1,0.5210544225752904,0.0017189457498975767
QNSSIH,src-1,Stimulated,1.0,0.8264984843568163,confident binder,0.5210544225752904,0.0017189457498975767
KVTPVA,src-1,Stimulated,1.0,0.764057139668935,confident binder,0.5210544225752904,0.0017189457498975767
SQMGLS,src-1,Stimulated,0.0,0.5387412477520788,low-confidence,0.5210544225752904,0.0017189457498975767
EMINSS,src-1,Stimulated,1.0,0.8474316997065171,confident binder,0.5210544225752904,0.0017189457498975767
GSSTQA,src-1,Stimulated,0.0,0.1323483255722179,confident nonbinder,0.5210544225752904,0.0017189457498975767
AEDKLP,src-1,Stimulated,1.0,0.8727266607178085,confident binder,0.5210544225752904,0.0017189457498975767
PKADLP,src-1,Stimulated,1.0,0.8557845235475481,confident binder,0.5210544225752904,0.0017189457498975767
DTGAGD,src-1,Stimulated,0.0,0.008588870292048098,confident nonbinder,0.5210544225752904,0.0017189457498975767
VDVCNS,src-1,Stimulated,0.0,0.4386491355739672,low-confidence,0.5210544225752904,0.0017189457498975767
AIDICR,src-1,Stimulated,1.0,0.8449092968786933,confident binder,0.5210544225752904,0.0017189457498975767
EMGSVT,src-1,Stimulated,0.0,0.3983669204155355,confident nonbinder,0.5210544225752904,0.0017189457498975767
LESGIQ,src-1,Stimulated,1.0,0.7983757896771911,confident binder,0.5210544225752904,0.0017189457498975767
DDTIPD,src-1,Stimulated,0.0,0.37005958256526356,confident nonbinder,0.5210544225752904,0.0017189457498975767
GLSSLP,src-1,Stimulated,1.0,0.8593379250327795,confident binder,0.5210544225752904,0.0017189457498975767
KLINHT,src-1,Stimulated,1.0,0.9474643303382666,confident binder,0.5210544225752904,0.0017189457498975767
GDNMAK,src-1,Stimulated,0.0,0.20315481237433378,confident nonbinder,0.5210544225752904,0.0017189457498975767
KKATLS,src-1,Stimulated,1.0,0.8377370202481322,confident binder,0.5210544225752904,0.0017189457498975767
QCGPGI,src-1,Stimulated,0.0,0.026237107993958453,confident nonbinder,0.5210544225752904,0.0017189457498975767
DEDENK,src-1,Stimulated,0.0,0.11709283371319046,confident nonbinder,0.5210544225752904,0.0017189457498975767
SYCSGS,src-1,Stimulated,0.0,0.22527928376955308,confident nonbinder,0.5210544225752904,0.0017189457498975767
WVETGR,src-1,Stimulated,0.0,0.02007647330500064,confident nonbinder,0.5210544225752904,0.0017189457498975767
QQECVA,src-1,Stimulated,1.0,0.9706204704104103,confident binder,0.5210544225752904,0.0017189457498975767
RLEEDD,src-1,Stimulated,0.0,0.07738607319898136,confident nonbinder,0.5210544225752904,0.0017189457498975767
NIIQNR,src-1,Stimulated,1.0,0.7703513195042224,confident binder,0.5210544225752904,0.0017189457498975767
SQIENR,src-1,Stimulated,0.0,0.3630513890119304,confident nonbinder,0.5210544225752904,0.0017189457498975767
SPDNNS,src-1,Stimulated,0.0,0.12191990051844499,confident nonbinder,0.5210544225752904,0.0017189457498975767
DTESLL,src-1,Stimulated,1.0,0.9578951934297296,confident binder,0.5210544225752904,0.0017189457498975767
EEVKEE,src-1,Stimulated,0.0,0.10524983990971727,confident nonbinder,0.5210544225752904,0.0017189457498975767
KFSFAL,src-1,Stimulated,1.0,0.7714354518754301,confident binder,0.5210544225752904,0.0017189457498975767
KHAQED,src-1,Stimulated,0.0,0.06240964449350637,confident nonbinder,0.5210544225752904,0.0017189457498975767
VDMDLP,src-1,Stimulated,1.0,0.8314026631221335,confident binder,0.5210544225752904,0.0017189457498975767
IFTLSP,src-1,Stimulated,1.0,0.6024890407536297,confident binder,0.5210544225752904,0.0017189457498975767
KSQEVS,src-1,Stimulated,1.0,0.5831735340367697,low-confidence,0.5210544225752904,0.0017189457498975767
VLADIK,src-1,Stimulated,1.0,0.9460105083391988,confident binder,0.5210544225752904,0.0017189457498975767
MIASSK,src-1,Stimulated,0.0,0.4552391778787631,low-confidence,0.5210544225752904,0.0017189457498975767
DATTFI,src-1,Stimulated,1.0,0.6887981428984913,confident binder,0.5210544225752904,0.0017189457498975767
LDEDDE,src-1,Stimulated,,,0,0.5210544225752904,0.0017189457498975767
TAGSFQ,src-1,Stimulated,0.0,0.17009204273397024,confident nonbinder,0.5210544225752904,0.0017189457498975767
SHSSSG,src-1,Stimulated,0.0,0.012155001568431283,confident nonbinder,0.5210544225752904,0.0017189457498975767
DSESYG,src-1,Stimulated,0.0,0.24370176694691445,confident nonbinder,0.5210544225752904,0.0017189457498975767
EHAELL,src-1,Stimulated,1.0,0.9834648306024917,confident binder,0.5210544225752904,0.0017189457498975767
PSEEAL,src-1,Stimulated,1.0,0.6791244183859427,confident binder,0.5210544225752904,0.0017189457498975767
ELAELR,src-1,Stimulated,1.0,0.9827669820718732,confident binder,0.5210544225752904,0.0017189457498975767
RFALSA,src-1,Stimulated,1.0,0.64924040946894,confident binder,0.5210544225752904,0.0017189457498975767
EYTQNM,src-1,Stimulated,0.0,0.46289747182228463,low-confidence,0.5210544225752904,0.0017189457498975767
DTTAHA,src-1,Stimulated,1.0,0.5684548226340894,low-confidence,0.5210544225752904,0.0017189457498975767
SDAIWN,src-1,Stimulated,1.0,0.9943475235011845,confident binder,0.5210544225752904,0.0017189457498975767
SGGSTL,src-1,Stimulated,0.0,0.027682668904141585,confident nonbinder,0.5210544225752904,0.0017189457498975767
TSGTVK,src-1,Stimulated,0.0,0.5391232589475283,low-confidence,0.5210544225752904,0.0017189457498975767
EGTASQ,src-1,Stimulated,0.0,0.06622782775168695,confident nonbinder,0.5210544225752904,0.0017189457498975767
QHNNLL,src-1,Stimulated,1.0,0.9795298102404633,confident binder,0.5210544225752904,0.0017189457498975767
NPYYPR,src-1,Stimulated,1.0,0.8058837078136635,confident binder,0.5210544225752904,0.0017189457498975767
GRLTVA,src-1,Stimulated,1.0,0.9577689160626428,confident binder,0.5210544225752904,0.0017189457498975767
PISVGA,src-1,Stimulated,1.0,0.6070922904297792,confident binder,0.5210544225752904,0.0017189457498975767
TGGMPR,src-1,Stimulated,1.0,0.6065140118057956,confident binder,0.5210544225752904,0.0017189457498975767
INMVAP,src-1,Stimulated,0.0,0.5236113661171833,low-confidence,0.5210544225752904,0.0017189457498975767
INQTRK,src-1,Stimulated,0.0,0.1625825803526262,confident nonbinder,0.5210544225752904,0.0017189457498975767
GGGSAT,src-1,Stimulated,0.0,0.0313673143457469,confident nonbinder,0.5210544225752904,0.0017189457498975767
PVALQD,src-1,Stimulated,1.0,0.6460976786051278,confident binder,0.5210544225752904,0.0017189457498975767
PTHTHG,src-1,Stimulated,0.0,0.10972222566585882,confident nonbinder,0.5210544225752904,0.0017189457498975767
GLQPAT,src-1,Stimulated,0.0,0.2041450637665998,confident nonbinder,0.5210544225752904,0.0017189457498975767
EEEGFS,src-1,Stimulated,0.0,0.4487176891016548,low-confidence,0.5210544225752904,0.0017189457498975767
EIGLVQ,src-1,Stimulated,1.0,0.6316331848602241,confident binder,0.5210544225752904,0.0017189457498975767
GDLDVG,src-1,Stimulated,1.0,0.6814620381637602,confident binder,0.5210544225752904,0.0017189457498975767
SLSSPV,src-1,Stimulated,1.0,0.8168785871624062,confident binder,0.5210544225752904,0.0017189457498975767
ENNSVN,src-1,Stimulated,0.0,0.34188464231005555,confident nonbinder,0.5210544225752904,0.0017189457498975767
RIDNPY,src-1,Stimulated,1.0,0.9256221492772826,confident binder,0.5210544225752904,0.0017189457498975767
RVESIG,src-1,Stimulated,1.0,0.7630246896012329,confident binder,0.5210544225752904,0.0017189457498975767
ANVELI,src-1,Stimulated,1.0,0.9216498261293996,confident binder,0.5210544225752904,0.0017189457498975767
VEEEEE,src-1,Stimulated,0.0,0.130259419358883,confident nonbinder,0.5210544225752904,0.0017189457498975767
QKWALG,src-1,Stimulated,1.0,0.9896295424249741,confident binder,0.5210544225752904,0.0017189457498975767
SDDMVD,src-1,Stimulated,1.0,0.7376608492106613,confident binder,0.5210544225752904,0.0017189457498975767
ALLSFN,src-1,Stimulated,1.0,0.8577040700918287,confident binder,0.5210544225752904,0.0017189457498975767
GDFTFT,src-1,Stimulated,0.0,0.4696209876206542,low-confidence,0.5210544225752904,0.0017189457498975767
EGQNTI,src-1,Stimulated,1.0,0.6503255809767345,confident binder,0.5210544225752904,0.0017189457498975767
IDSSSG,src-1,Stimulated,0.0,0.01241006551799841,confident nonbinder,0.5210544225752904,0.0017189457498975767
ITEAAQ,src-1,Stimulated,0.0,0.5159997936918692,low-confidence,0.5210544225752904,0.0017189457498975767
TDDLVG,src-1,Stimulated,1.0,0.6276102012709639,confident binder,0.5210544225752904,0.0017189457498975767
VFQQAL,src-1,Stimulated,1.0,0.767322884584498,confident binder,0.5210544225752904,0.0017189457498975767
DLTPAP,src-1,Stimulated,0.0,0.288528288053169,confident nonbinder,0.5210544225752904,0.0017189457498975767
DNEMHV,src-1,Stimulated,1.0,0.6072378876964175,confident binder,0.5210544225752904,0.0017189457498975767
SSIETL,src-1,Stimulated,0.0,0.5293640972668305,low-confidence,0.5210544225752904,0.0017189457498975767
LSLSDS,src-1,Stimulated,0.0,0.31248888378937595,confident nonbinder,0.5210544225752904,0.0017189457498975767
RISSLP,src-1,Stimulated,1.0,0.6752889570689566,confident binder,0.5210544225752904,0.0017189457498975767
TPALPV,src-1,Stimulated,1.0,0.8875705431806376,confident binder,0.5210544225752904,0.0017189457498975767
THEEAL,src-1,Stimulated,1.0,0.895927002315469,confident binder,0.5210544225752904,0.0017189457498975767
PKVPLA,src-1,Stimulated,1.0,0.8441641115913744,confident binder,0.5210544225752904,0.0017189457498975767
SQDWSQ,src-1,Stimulated,1.0,0.8772133864978742,confident binder,0.5210544225752904,0.0017189457498975767
NFIQTP,src-1,Stimulated,1.0,0.7101472873362061,confident binder,0.5210544225752904,0.0017189457498975767
RFEAGE,src-1,Stimulated,0.0,0.12223873782270481,confident nonbinder,0.5210544225752904,0.0017189457498975767
SDGNRK,src-1,Stimulated,0.0,0.05661201345731625,confident nonbinder,0.5210544225752904,0.0017189457498975767
LHASLN,src-1,Stimulated,,,1,0.5210544225752904,0.0017189457498975767
RHEDGY,src-1,Stimulated,0.0,0.07495134455094621,confident nonbinder,0.5210544225752904,0.0017189457498975767
YYEDGG,src-1,Stimulated,0.0,0.1621305995015448,confident nonbinder,0.5210544225752904,0.0017189457498975767
ATTNSS,src-1,Stimulated,0.0,0.44610195708138856,low-confidence,0.5210544225752904,0.0017189457498975767
RYIDAD,src-1,Stimulated,0.0,0.48865214986425665,low-confidence,0.5210544225752904,0.0017189457498975767
RKEEVA,src-1,Stimulated,1.0,0.8294016798484096,confident binder,0.5210544225752904,0.0017189457498975767
DESGGL,src-1,Stimulated,,,0,0.5210544225752904,0.0017189457498975767
AVQASR,src-1,Stimulated,0.0,0.5199033862516391,low-confidence,0.5210544225752904,0.0017189457498975767
EDTQPM,src-1,Stimulated,1.0,0.7116688190843835,confident binder,0.5210544225752904,0.0017189457498975767
KSSFHQ,src-1,Stimulated,0.0,0.12465334129196948,confident nonbinder,0.5210544225752904,0.0017189457498975767
QQATPP,src-1,Stimulated,1.0,0.7062426975826024,confident binder,0.5210544225752904,0.0017189457498975767
AELTPV,src-1,Stimulated,1.0,0.944613233139075,confident binder,0.5210544225752904,0.0017189457498975767
PQSPII,src-1,Stimulated,1.0,0.6041778569505388,confident binder,0.5210544225752904,0.0017189457498975767
DVEAFM,src-1,Stimulated,1.0,0.9240075431331823,confident binder,0.5210544225752904,0.0017189457498975767
GAASFG,src-1,Stimulated,0.0,0.30614655818297726,confident nonbinder,0.5210544225752904,0.0017189457498975767
ILHQPD,src-1,Stimulated,1.0,0.7354027204872321,confident binder,0.5210544225752904,0.0017189457498975767
QHFNEM,src-1,Stimulated,1.0,0.776037536940459,confident binder,0.5210544225752904,0.0017189457498975767
NNNNMN,src-1,Stimulated,1.0,0.8036130341461744,confident binder,0.5210544225752904,0.0017189457498975767
PLQLLN,src-1,Stimulated,1.0,0.9630143682779487,confident binder,0.5210544225752904,0.0017189457498975767
PHFSPF,src-1,Stimulated,1.0,0.8479069679138227,confident binder,0.5210544225752904,0.0017189457498975767
QEDSSF,src-1,Stimulated,0.0,0.20104635860322256,confident nonbinder,0.5210544225752904,0.0017189457498975767
RDDAMG,src-1,Stimulated,0.0,0.12997224543004815,confident nonbinder,0.5210544225752904,0.0017189457498975767
SKETIH,src-1,Stimulated,1.0,0.9441861788104056,confident binder,0.5210544225752904,0.0017189457498975767
GNDEGF,src-1,Stimulated,0.0,0.16041310216506416,confident nonbinder,0.5210544225752904,0.0017189457498975767
DLSNFP,src-1,Stimulated,1.0,0.943921620132225,confident binder,0.5210544225752904,0.0017189457498975767
EFWDSS,src-1,Stimulated,1.0,0.9738600597107581,confident binder,0.5210544225752904,0.0017189457498975767
SLDMAR,src-1,Stimulated,1.0,0.9008871465226463,confident binder,0.5210544225752904,0.0017189457498975767
KTQDIQ,src-1,Stimulated,1.0,0.7993675176587848,confident binder,0.5210544225752904,0.0017189457498975767
AGEAPV,src-1,Stimulated,1.0,0.8604704525450643,confident binder,0.5210544225752904,0.0017189457498975767
NIDIPK,src-1,Stimulated,1.0,0.9460924975441867,confident binder,0.5210544225752904,0.0017189457498975767
AEAEAR,src-1,Stimulated,,,1,0.5210544225752904,0.0017189457498975767
VMSSSC,src-1,Stimulated,1.0,0.9582797301480125,confident binder,0.5210544225752904,0.0017189457498975767
AQQEAP,src-1,Stimulated,0.0,0.3102765639797542,confident nonbinder,0.5210544225752904,0.0017189457498975767
KATNFD,src-1,Stimulated,1.0,0.8136844498887332,confident binder,0.5210544225752904,0.0017189457498975767
QLDIPA,src-1,Stimulated,1.0,0.959134210859285,confident binder,0.5210544225752904,0.0017189457498975767
SNETQT,src-1,Stimulated,0.0,0.07588358943119096,confident nonbinder,0.5210544225752904,0.0017189457498975767
RHSPED,src-1,Stimulated,0.0,0.0025145266466096387,confident nonbinder,0.5210544225752904,0.0017189457498975767
HAGDPN,src-1,Stimulated,0.0,0.18105366569449735,confident nonbinder,0.5210544225752904,0.0017189457498975767
ISESTP,src-1,Stimulated,0.0,0.0790270627943873,confident nonbinder,0.5210544225752904,0.0017189457498975767
ENTRPS,src-1,Stimulated,1.0,0.6066234127634766,confident binder,0.5210544225752904,0.0017189457498975767
GAEQVV,src-1,Stimulated,1.0,0.8643602724946945,confident binder,0.5210544225752904,0.0017189457498975767
AAGQFG,src-1,Stimulated,0.0,0.09800433254148794,confident nonbinder,0.5210544225752904,0.0017189457498975767
YDSYAG,src-1,Stimulated,0.0,0.08825100786515809,confident nonbinder,0.5210544225752904,0.0017189457498975767
VVNPPM,src-1,Stimulated,1.0,0.5527968898092156,low-confidence,0.5210544225752904,0.0017189457498975767
KTIQTE,src-1,Stimulated,0.0,0.2443663528202088,confident nonbinder,0.5210544225752904,0.0017189457498975767
HAAQPQ,src-1,Stimulated,1.0,0.7761016154637094,confident binder,0.5210544225752904,0.0017189457498975767
DQLAVP,src-1,Stimulated,1.0,0.8969433713685159,confident binder,0.5210544225752904,0.0017189457498975767
GEEMLG,src-1,Stimulated,1.0,0.9079204962026364,confident binder,0.5210544225752904,0.0017189457498975767
SPADGR,src-1,Stimulated,0.0,0.19571572539850976,confident nonbinder,0.5210544225752904,0.0017189457498975767
APDAIH,src-1,Stimulated,1.0,0.9354357376820626,confident binder,0.5210544225752904,0.0017189457498975767
ALAAQR,src-1,Stimulated,1.0,0.8672214000524439,confident binder,0.5210544225752904,0.0017189457498975767
MISSSN,src-1,Stimulated,0.0,0.11987781013221668,confident nonbinder,0.5210544225752904,0.0017189457498975767
EEWNSS,src-1,Stimulated,1.0,0.9846628431152856,confident binder,0.5210544225752904,0.0017189457498975767
KFVHIK,src-1,Stimulated,0.0,0.3391216416152851,confident nonbinder,0.5210544225752904,0.0017189457498975767
KDSSGF,src-1,Stimulated,0.0,0.055298318300973696,confident nonbinder,0.5210544225752904,0.0017189457498975767
DEEQLS,src-1,Stimulated,1.0,0.8910339105053675,confident binder,0.5210544225752904,0.0017189457498975767
VATPLV,src-1,Stimulated,1.0,0.6583360746451988,confident binder,0.5210544225752904,0.0017189457498975767
GQSILQ,src-1,Stimulated,1.0,0.7645018974785487,confident binder,0.5210544225752904,0.0017189457498975767
NHDPEE,src-1,Stimulated,0.0,0.014182687963630355,confident nonbinder,0.5210544225752904,0.0017189457498975767
LDITAE,src-1,Stimulated,1.0,0.7671657790761558,confident binder,0.5210544225752904,0.0017189457498975767
PSGFLV,src-1,Stimulated,1.0,0.5937947738478551,low-confidence,0.5210544225752904,0.0017189457498975767
LASDSA,src-1,Stimulated,0.0,0.4129164445976899,low-confidence,0.5210544225752904,0.0017189457498975767
NMQSPP,src-1,Stimulated,1.0,0.7104980812212036,confident binder,0.5210544225752904,0.0017189457498975767
ELGYLK,src-1,Stimulated,1.0,0.8745313026518864,confident binder,0.5210544225752904,0.0017189457498975767
SHILIK,src-1,Stimulated,1.0,0.97227806866813,confident binder,0.5210544225752904,0.0017189457498975767
QYSTVG,src-1,Stimulated,1.0,0.8204136033860758,confident binder,0.5210544225752904,0.0017189457498975767
GKTVSV,src-1,Stimulated,0.0,0.19941858137265026,confident nonbinder,0.5210544225752904,0.0017189457498975767
QYWAPL,src-1,Stimulated,1.0,0.9819535738307034,confident binder,0.5210544225752904,0.0017189457498975767
TVCQAS,src-1,Stimulated,1.0,0.7475044734402236,confident binder,0.5210544225752904,0.0017189457498975767
GENPTD,src-1,Stimulated,0.0,0.00312212243527187,confident nonbinder,0.5210544225752904,0.0017189457498975767
SGDDAW,src-1,Stimulated,0.0,0.48061402001128206,low-confidence,0.5210544225752904,0.0017189457498975767
RQATLD,src-1,Stimulated,1.0,0.7002210720604041,confident binder,0.5210544225752904,0.0017189457498975767
GLQVPG,src-1,Stimulated,,,1,0.5210544225752904,0.0017189457498975767
FVEKLD,src-1,Stimulated,1.0,0.9736502613456093,confident binder,0.5210544225752904,0.0017189457498975767
AYESWN,src-1,Stimulated,1.0,0.996113075103852,confident binder,0.5210544225752904,0.0017189457498975767
SVCTTE,src-1,Stimulated,0.0,0.5,low-confidence,0.5210544225752904,0.0017189457498975767
KQFEQY,src-1,Stimulated,0.0,0.2050960412838487,confident nonbinder,0.5210544225752904,0.0017189457498975767
GEEQFE,src-1,Stimulated,1.0,0.6825371976051159,confident binder,0.5210544225752904,0.0017189457498975767
KLELES,src-1,Stimulated,0.0,0.4093753476687818,low-confidence,0.5210544225752904,0.0017189457498975767
RLVELH,src-1,Stimulated,1.0,0.9491323824103126,confident binder,0.5210544225752904,0.0017189457498975767
TTEISV,src-1,Stimulated,1.0,0.5831821127999125,low-confidence,0.5210544225752904,0.0017189457498975767
SLDVSR,src-1,Stimulated,,,1,0.5210544225752904,0.0017189457498975767
QVMSLP,src-1,Stimulated,1.0,0.9047028799311714,confident binder,0.5210544225752904,0.0017189457498975767
KSTLVV,src-1,Stimulated,1.0,0.8028631139465381,confident binder,0.5210544225752904,0.0017189457498975767
GSEAPL,src-1,Stimulated,1.0,0.7281780396102924,confident binder,0.5210544225752904,0.0017189457498975767
TESMTS,src-1,Stimulated,0.0,0.1786887683971721,confident nonbinder,0.5210544225752904,0.0017189457498975767
IKHEEF,src-1,Stimulated,0.0,0.3045834812126698,confident nonbinder,0.5210544225752904,0.0017189457498975767
HEAAPA,src-1,Stimulated,1.0,0.9062002201213077,confident binder,0.5210544225752904,0.0017189457498975767
SVEPLK,src-1,Stimulated,1.0,0.916208185905864,confident binder,0.5210544225752904,0.0017189457498975767
QINPPS,src-1,Stimulated,0.0,0.1806203840383118,confident nonbinder,0.5210544225752904,0.0017189457498975767
SLWSVK,src-1,Stimulated,1.0,0.9913922617341794,confident binder,0.5210544225752904,0.0017189457498975767
LEDKVP,src-1,Stimulated,1.0,0.8631133411523286,confident binder,0.5210544225752904,0.0017189457498975767
QESIFA,src-1,Stimulated,1.0,0.8404623439287052,confident binder,0.5210544225752904,0.0017189457498975767
DVVNDA,src-1,Stimulated,1.0,0.9069587376947721,confident binder,0.5210544225752904,0.0017189457498975767
FSSHAG,src-1,Stimulated,0.0,0.0032105677535494083,confident nonbinder,0.5210544225752904,0.0017189457498975767
SPLVPV,src-1,Stimulated,1.0,0.9073856811419764,confident binder,0.5210544225752904,0.0017189457498975767
VSVRPE,src-1,Stimulated,1.0,0.8829654411731706,confident binder,0.5210544225752904,0.0017189457498975767
FAVPFG,src-1,Stimulated,1.0,0.5605934193693968,low-confidence,0.5210544225752904,0.0017189457498975767
SIDDIS,src-1,Stimulated,1.0,0.8755420016588135,confident binder,0.5210544225752904,0.0017189457498975767
IEVETV,src-1,Stimulated,1.0,0.6722016887077303,confident binder,0.5210544225752904,0.0017189457498975767
EFQLCR,src-1,Stimulated,1.0,0.8720079830326929,confident binder,0.5210544225752904,0.0017189457498975767
EFVSPE,src-1,Stimulated,1.0,0.9057778953741954,confident binder,0.5210544225752904,0.0017189457498975767
QDLQDV,src-1,Stimulated,0.0,0.30998432888738486,confident nonbinder,0.5210544225752904,0.0017189457498975767
DAWKDD,src-1,Stimulated,1.0,0.8753788580450382,confident binder,0.5210544225752904,0.0017189457498975767
DIDLKD,src-1,Stimulated,0.0,0.4525465883244587,low-confidence,0.5210544225752904,0.0017189457498975767
RSETVL,src-1,Stimulated,1.0,0.8128726750277973,confident binder,0.5210544225752904,0.0017189457498975767
LQAAPG,src-1,Stimulated,1.0,0.6524768735382949,confident binder,0.5210544225752904,0.0017189457498975767
PVSMEA,src-1,Stimulated,1.0,0.6769216463955607,confident binder,0.5210544225752904,0.0017189457498975767
ENSLSN,src-1,Stimulated,0.0,0.03556031620669499,confident nonbinder,0.5210544225752904,0.0017189457498975767
VTELHS,src-1,Stimulated,1.0,0.6301348330789158,confident binder,0.5210544225752904,0.0017189457498975767
PGHAPV,src-1,Stimulated,1.0,0.6461379041710018,confident binder,0.5210544225752904,0.0017189457498975767
SLAGEK,src-1,Stimulated,0.0,0.28652137955593443,confident nonbinder,0.5210544225752904,0.0017189457498975767
DRSLVS,src-1,Stimulated,1.0,0.7363918661661347,confident binder,0.5210544225752904,0.0017189457498975767
SETDTS,src-1,Stimulated,0.0,0.05519199968350117,confident nonbinder,0.5210544225752904,0.0017189457498975767
GNSLIT,src-1,Stimulated,1.0,0.7530772870319942,confident binder,0.5210544225752904,0.0017189457498975767
EDQAIV,src-1,Stimulated,1.0,0.9193285801084458,confident binder,0.5210544225752904,0.0017189457498975767
LIQMAP,src-1,Stimulated,1.0,0.8480842670678745,confident binder,0.5210544225752904,0.0017189457498975767
PLVNAK,src-1,Stimulated,1.0,0.9778000990975327,confident binder,0.5210544225752904,0.0017189457498975767
SASSTT,src-1,Stimulated,0.0,0.040313907542047535,confident nonbinder,0.5210544225752904,0.0017189457498975767
KFAELS,src-1,Stimulated,1.0,0.9473498783045151,confident binder,0.5210544225752904,0.0017189457498975767
QVQPAK,src-1,Stimulated,0.0,0.44238277517417784,low-confidence,0.5210544225752904,0.0017189457498975767
GADIIL,src-1,Stimulated,,,1,0.5210544225752904,0.0017189457498975767
PEEREP,src-1,Stimulated,0.0,0.15393255706551554,confident nonbinder,0.5210544225752904,0.0017189457498975767
GLVIDL,src-1,Stimulated,1.0,0.840560872014865,confident binder,0.5210544225752904,0.0017189457498975767
VGSVPG,src-1,Stimulated,0.0,0.515644400041836,low-confidence,0.5210544225752904,0.0017189457498975767
TEVATR,src-1,Stimulated,1.0,0.6012650928969234,confident binder,0.5210544225752904,0.0017189457498975767
EEKEVN,src-1,Stimulated,1.0,0.7205074715696249,confident binder,0.5210544225752904,0.0017189457498975767
SPDMLE,src-1,Stimulated,,,1,0.5210544225752904,0.0017189457498975767
ITESSQ,src-1,Stimulated,0.0,0.10422564144280247,confident nonbinder,0.5210544225752904,0.0017189457498975767
SRETSS,src-1,Stimulated,0.0,0.05966714250120399,confident nonbinder,0.5210544225752904,0.0017189457498975767
PFTNDR,src-1,Stimulated,1.0,0.7078147322837175,confident binder,0.5210544225752904,0.0017189457498975767
RFHEEL,src-1,Stimulated,0.0,0.2455964531089299,confident nonbinder,0.5210544225752904,0.0017189457498975767
NSGIPE,src-1,Stimulated,,,0,0.5210544225752904,0.0017189457498975767
PVSNSS,src-1,Stimulated,0.0,0.5395491326744117,low-confidence,0.5210544225752904,0.0017189457498975767
NVMPTS,src-1,Stimulated,0.0,0.20135561140687905,confident nonbinder,0.5210544225752904,0.0017189457498975767
SESELD,src-1,Stimulated,1.0,0.8307234331514234,confident binder,0.5210544225752904,0.0017189457498975767
VLVGSK,src-1,Stimulated,1.0,0.6046360714234089,confident binder,0.5210544225752904,0.0017189457498975767
NCEEVK,src-1,Stimulated,,,1,0.5210544225752904,0.0017189457498975767
ELSSCR,src-1,Stimulated,1.0,0.7530373333012018,confident binder,0.5210544225752904,0.0017189457498975767
PELAPE,src-1,Stimulated,1.0,0.8556341059334636,confident binder,0.5210544225752904,0.0017189457498975767
TNSTVP,src-1,Stimulated,1.0,0.6850953110442353,confident binder,0.5210544225752904,0.0017189457498975767
TNTNEL,src-1,Stimulated,0.0,0.48601232486803814,low-confidence,0.5210544225752904,0.0017189457498975767
EKTAVQ,src-1,Stimulated,1.0,0.700476422388902,confident binder,0.5210544225752904,0.0017189457498975767
PKGIVQ,src-1,Stimulated,0.0,0.27484165016239365,confident nonbinder,0.5210544225752904,0.0017189457498975767
EEEEMK,src-1,Stimulated,1.0,0.9367373519017581,confident binder,0.5210544225752904,0.0017189457498975767
ALDYMP,src-1,Stimulated,,,1,0.5210544225752904,0.0017189457498975767
DLYEGK,src-1,Stimulated,1.0,0.7353969843832519,confident binder,0.5210544225752904,0.0017189457498975767
TLTSDY,src-1,Stimulated,0.0,0.3379105117317617,confident nonbinder,0.5210544225752904,0.0017189457498975767
SVSISE,src-1,Stimulated,0.0,0.22379598923455804,confident nonbinder,0.5210544225752904,0.0017189457498975767
NRESVG,src-1,Stimulated,1.0,0.6561545362650425,confident binder,0.5210544225752904,0.0017189457498975767
DVNDST,src-1,Stimulated,0.0,0.05748725118510062,confident nonbinder,0.5210544225752904,0.0017189457498975767
VTNGVD,src-1,Stimulated,0.0,0.258281708073118,confident nonbinder,0.5210544225752904,0.0017189457498975767
DPAFVE,src-1,Stimulated,1.0,0.8781980055454273,confident binder,0.5210544225752904,0.0017189457498975767
KWEEVR,src-1,Stimulated,,,1,0.5210544225752904,0.0017189457498975767
SISNPS,src-1,Stimulated,1.0,0.9247982471943191,confident binder,0.5210544225752904,0.0017189457498975767
RYSHVD,src-1,Stimulated,0.0,0.021754298417056644,confident nonbinder,0.5210544225752904,0.0017189457498975767
RVAEVN,src-1,Stimulated,1.0,0.8682596707941038,confident binder,0.5210544225752904,0.0017189457498975767
AHIELG,src-1,Stimulated,1.0,0.9417964686350835,confident binder,0.5210544225752904,0.0017189457498975767
QEELEV,src-1,Stimulated,0.0,0.39426679366985656,confident nonbinder,0.5210544225752904,0.0017189457498975767
VIVPLT,src-1,Stimulated,1.0,0.7096061679914571,confident binder,0.5210544225752904,0.0017189457498975767
TPEWDL,src-1,Stimulated,1.0,0.9425835985750733,confident binder,0.5210544225752904,0.0017189457498975767
DNIAQG,src-1,Stimulated,0.0,0.10550445054988873,confident nonbinder,0.5210544225752904,0.0017189457498975767
PALSSP,src-1,Stimulated,0.0,0.2836835075638647,confident nonbinder,0.5210544225752904,0.0017189457498975767
FDSPPL,src-1,Stimulated,1.0,0.6591205554330538,confident binder,0.5210544225752904,0.0017189457498975767
TFFDPE,src-1,Stimulated,1.0,0.8631565681261474,confident binder,0.5210544225752904,0.0017189457498975767
DPVTPG,src-1,Stimulated,1.0,0.598051340386254,low-confidence,0.5210544225752904,0.0017189457498975767
NEEGSF,src-1,Stimulated,0.0,0.21935215511253298,confident nonbinder,0.5210544225752904,0.0017189457498975767
KDEQEK,src-1,Stimulated,0.0,0.04266319135099248,confident nonbinder,0.5210544225752904,0.0017189457498975767
DTVSSF,src-1,Stimulated,1.0,0.5551719823643387,low-confidence,0.5210544225752904,0.0017189457498975767
SLSTSA,src-1,Stimulated,0.0,0.5378168503343859,low-confidence,0.5210544225752904,0.0017189457498975767
TYQTAP,src-1,Stimulated,1.0,0.6526437493762577,confident binder,0.5210544225752904,0.0017189457498975767
SQYSGS,src-1,Stimulated,0.0,0.026804812894843023,confident nonbinder,0.5210544225752904,0.0017189457498975767
ATAPVI,src-1,Stimulated,1.0,0.7333214879015227,confident binder,0.5210544225752904,0.0017189457498975767
ATHPAD,src-1,Stimulated,0.0,0.06193659289962638,confident nonbinder,0.5210544225752904,0.0017189457498975767
DPEHPE,src-1,Stimulated,0.0,0.0046748034090426955,confident nonbinder,0.5210544225752904,0.0017189457498975767
DDEDFD,src-1,Stimulated,1.0,0.5826275478199057,low-confidence,0.5210544225752904,0.0017189457498975767
STGWTA,src-1,Stimulated,1.0,0.9066834944843135,confident binder,0.5210544225752904,0.0017189457498975767
KNLCIE,src-1,Stimulated,1.0,0.9350804465878514,confident binder,0.5210544225752904,0.0017189457498975767
DKAALA,src-1,Stimulated,1.0,0.9511516287362011,confident binder,0.5210544225752904,0.0017189457498975767
EDVEGL,src-1,Stimulated,0.0,0.4767864863448065,low-confidence,0.5210544225752904,0.0017189457498975767
PPVDPR,src-1,Stimulated,1.0,0.8856343202668588,confident binder,0.5210544225752904,0.0017189457498975767
SPDTDS,src-1,Stimulated,0.0,0.014095316773949103,confident nonbinder,0.5210544225752904,0.0017189457498975767
STTSYP,src-1,Stimulated,0.0,0.43684246169150853,low-confidence,0.5210544225752904,0.0017189457498975767
KLQETA,src-1,Stimulated,1.0,0.6477408138158304,confident binder,0.5210544225752904,0.0017189457498975767
LSYPTS,src-1,Stimulated,0.0,0.09444968631778912,confident nonbinder,0.5210544225752904,0.0017189457498975767
ALVEPH,src-1,Stimulated,1.0,0.9802515025496319,confident binder,0.5210544225752904,0.0017189457498975767
FGDKPH,src-1,Stimulated,1.0,0.9066413717199925,confident binder,0.5210544225752904,0.0017189457498975767
GLGQPG,src-1,Stimulated,0.0,0.18320210181004853,confident nonbinder,0.5210544225752904,0.0017189457498975767
GLSTFT,src-1,Stimulated,1.0,0.7065657080156533,confident binder,0.5210544225752904,0.0017189457498975767
ADSDPS,src-1,Stimulated,0.0,0.3663899126303757,confident nonbinder,0.5210544225752904,0.0017189457498975767
QQIQAR,src-1,Stimulated,1.0,0.7245636494543015,confident binder,0.5210544225752904,0.0017189457498975767
TLNSLE,src-1,Stimulated,1.0,0.854288661801624,confident binder,0.5210544225752904,0.0017189457498975767
ANDAQT,src-1,Stimulated,0.0,0.0738112609426366,confident nonbinder,0.5210544225752904,0.0017189457498975767
FEEESL,src-1,Stimulated,1.0,0.8246102505559546,confident binder,0.5210544225752904,0.0017189457498975767
SHGAEP,src-1,Stimulated,0.0,0.008232084755817696,confident nonbinder,0.5210544225752904,0.0017189457498975767
DVNPFE,src-1,Stimulated,0.0,0.24061507796018422,confident nonbinder,0.5210544225752904,0.0017189457498975767
LPIDDS,src-1,Stimulated,0.0,0.33288090317414165,confident nonbinder,0.5210544225752904,0.0017189457498975767
DFLATS,src-1,Stimulated,1.0,0.660052592399025,confident binder,0.5210544225752904,0.0017189457498975767
PLQDEA,src-1,Stimulated,0.0,0.4694874867985966,low-confidence,0.5210544225752904,0.0017189457498975767
EDNLIV,src-1,Stimulated,1.0,0.8443759470828983,confident binder,0.5210544225752904,0.0017189457498975767
GDSYEI,src-1,Stimulated,0.0,0.06516434279174355,confident nonbinder,0.5210544225752904,0.0017189457498975767
RNILSA,src-1,Stimulated,0.0,0.3388335543327765,confident nonbinder,0.5210544225752904,0.0017189457498975767
KTDYLF,src-1,Stimulated,1.0,0.9358495594059678,confident binder,0.5210544225752904,0.0017189457498975767
DINFPI,src-1,Stimulated,1.0,0.7415991293861738,confident binder,0.5210544225752904,0.0017189457498975767
PEVALP,src-1,Stimulated,1.0,0.9407352743944206,confident binder,0.5210544225752904,0.0017189457498975767
GDDVTV,src-1,Stimulated,0.0,0.15598060803893357,confident nonbinder,0.5210544225752904,0.0017189457498975767
AHDAVE,src-1,Stimulated,1.0,0.8787373833609454,confident binder,0.5210544225752904,0.0017189457498975767
KPVATL,src-1,Stimulated,0.0,0.44856839454507985,low-confidence,0.5210544225752904,0.0017189457498975767
GVSSSG,src-1,Stimulated,0.0,0.04109378275082744,confident nonbinder,0.5210544225752904,0.0017189457498975767
GGGSVG,src-1,Stimulated,0.0,0.13258549119880367,confident nonbinder,0.5210544225752904,0.0017189457498975767
EDQEML,src-1,Stimulated,1.0,0.8938345257479818,confident binder,0.5210544225752904,0.0017189457498975767
RSVTTS,src-1,Stimulated,0.0,0.06341163906386792,confident nonbinder,0.5210544225752904,0.0017189457498975767
HVSFPN,src-1,Stimulated,1.0,0.8691957965145787,confident binder,0.5210544225752904,0.0017189457498975767
PHDDFR,src-1,Stimulated,1.0,0.81647246435305,confident binder,0.5210544225752904,0.0017189457498975767
LCTDIL,src-1,Stimulated,1.0,0.9026810852961411,confident binder,0.5210544225752904,0.0017189457498975767
NLIDSR,src-1,Stimulated,1.0,0.8597762073575183,confident binder,0.5210544225752904,0.0017189457498975767
FCVEFD,src-1,Stimulated,1.0,0.9104239160203639,confident binder,0.5210544225752904,0.0017189457498975767
TQTTHH,src-1,Stimulated,0.0,0.44227209599714473,low-confidence,0.5210544225752904,0.0017189457498975767
VDDQVK,src-1,Stimulated,1.0,0.8398465148448905,confident binder,0.5210544225752904,0.0017189457498975767
LADEAI,src-1,Stimulated,1.0,0.7818873499352511,confident binder,0.5210544225752904,0.0017189457498975767
FDFEGA,src-1,Stimulated,1.0,0.7279394546429868,confident binder,0.5210544225752904,0.0017189457498975767
QLHSPA,src-1,Stimulated,1.0,0.9040388324847471,confident binder,0.5210544225752904,0.0017189457498975767
ISQTLP,src-1,Stimulated,1.0,0.8035855703469615,confident binder,0.5210544225752904,0.0017189457498975767
GESEAI,src-1,Stimulated,0.0,0.4285695520684758,low-confidence,0.5210544225752904,0.0017189457498975767
KMFPDV,src-1,Stimulated,0.0,0.20679366394363316,confident nonbinder,0.5210544225752904,0.0017189457498975767
TTEETE,src-1,Stimulated,0.0,0.2969058237576584,confident nonbinder,0.5210544225752904,0.0017189457498975767
SNEAYK,src-1,Stimulated,1.0,0.7248242927345434,confident binder,0.5210544225752904,0.0017189457498975767
ENFINE,src-1,Stimulated,0.0,0.08908499960198113,confident nonbinder,0.5210544225752904,0.0017189457498975767
DHEEAP,src-1,Stimulated,0.0,0.5402336421587352,low-confidence,0.5210544225752904,0.0017189457498975767
VTEDPQ,src-1,Stimulated,1.0,0.7609520802343279,confident binder,0.5210544225752904,0.0017189457498975767
PAMDAP,src-1,Stimulated,0.0,0.39383297006909934,confident nonbinder,0.5210544225752904,0.0017189457498975767
LHASVV,src-1,Stimulated,1.0,0.9339923053172965,confident binder,0.5210544225752904,0.0017189457498975767
SHIQQR,src-1,Stimulated,1.0,0.6244940744286716,confident binder,0.5210544225752904,0.0017189457498975767
ALVTPL,src-1,Stimulated,1.0,0.9558448048451094,confident binder,0.5210544225752904,0.0017189457498975767
NFSSQK,src-1,Stimulated,0.0,0.48507596289257715,low-confidence,0.5210544225752904,0.0017189457498975767
PLTDPQ,src-1,Stimulated,1.0,0.856757773473921,confident binder,0.5210544225752904,0.0017189457498975767
DEEAFR,src-1,Stimulated,1.0,0.8892567197844387,confident binder,0.5210544225752904,0.0017189457498975767
QDLHSL,src-1,Stimulated,0.0,0.009055597383812676,confident nonbinder,0.5210544225752904,0.0017189457498975767
AYIPGQ,src-1,Stimulated,0.0,0.28880728188016397,confident nonbinder,0.5210544225752904,0.0017189457498975767
GHEEVE,src-1,Stimulated,1.0,0.9058002296001991,confident binder,0.5210544225752904,0.0017189457498975767
LVHNEN,src-1,Stimulated,1.0,0.7629282825731564,confident binder,0.5210544225752904,0.0017189457498975767
KDGLMK,src-1,Stimulated,0.0,0.3397796667647296,confident nonbinder,0.5210544225752904,0.0017189457498975767
FIHDRV,src-1,Stimulated,1.0,0.7227542952110009,confident binder,0.5210544225752904,0.0017189457498975767
GVDAPS,src-1,Stimulated,1.0,0.6911747804172599,confident binder,0.5210544225752904,0.0017189457498975767
DVVELS,src-1,Stimulated,1.0,0.9441745846769223,confident binder,0.5210544225752904,0.0017189457498975767
KQAGYD,src-1,Stimulated,0.0,0.18318396612136262,confident nonbinder,0.5210544225752904,0.0017189457498975767
VDSPSD,src-1,Stimulated,0.0,0.005748895597896256,confident nonbinder,0.5210544225752904,0.0017189457498975767
PISQPA,src-1,Stimulated,1.0,0.8726144741187359,confident binder,0.5210544225752904,0.0017189457498975767
GYSPYS,src-1,Stimulated,0.0,0.24796097545898277,confident nonbinder,0.5210544225752904,0.0017189457498975767
ILAAPQ,src-1,Stimulated,1.0,0.9058616329900039,confident binder,0.5210544225752904,0.0017189457498975767
EQVSTV,src-1,Stimulated,0.0,0.29243478108663457,confident nonbinder,0.5210544225752904,0.0017189457498975767
KPNDIG,src-1,Stimulated,0.0,0.37714218731139687,confident nonbinder,0.5210544225752904,0.0017189457498975767
HQELLK,src-1,Stimulated,,,1,0.5210544225752904,0.0017189457498975767
ENLGSR,src-1,Stimulated,0.0,0.10532901291075186,confident nonbinder,0.5210544225752904,0.0017189457498975767
PVEDVP,src-1,Stimulated,1.0,0.920186179492554,confident binder,0.5210544225752904,0.0017189457498975767
DGETEG,src-1,Stimulated,0.0,0.03689961799853398,confident nonbinder,0.5210544225752904,0.0017189457498975767
PSEDLY,src-1,Stimulated,1.0,0.9133280630316919,confident binder,0.5210544225752904,0.0017189457498975767
SQAQPS,src-1,Stimulated,0.0,0.5,low-confidence,0.5210544225752904,0.0017189457498975767
RHGGLT,src-1,Stimulated,,,0,0.5210544225752904,0.0017189457498975767
GEQDDS,src-1,Stimulated,0.0,0.010505546315198962,confident nonbinder,0.5210544225752904,0.0017189457498975767
HLTSLP,src-1,Stimulated,1.0,0.9296737449052994,confident binder,0.5210544225752904,0.0017189457498975767
TYLSDS,src-1,Stimulated,0.0,0.3737349181182147,confident nonbinder,0.5210544225752904,0.0017189457498975767
ETQDIF,src-1,Stimulated,1.0,0.9636513393190751,confident binder,0.5210544225752904,0.0017189457498975767
AQLSEI,src-1,Stimulated,0.0,0.5,low-confidence,0.5210544225752904,0.0017189457498975767
PNHSLP,src-1,Stimulated,1.0,0.5626817305274273,low-confidence,0.5210544225752904,0.0017189457498975767
SPSQSS,src-1,Stimulated,0.0,0.01964367872459784,confident nonbinder,0.5210544225752904,0.0017189457498975767
VTEWAP,src-1,Stimulated,1.0,0.9869261932386295,confident binder,0.5210544225752904,0.0017189457498975767
PRATLP,src-1,Stimulated,1.0,0.9246811227662478,confident binder,0.5210544225752904,0.0017189457498975767
DAQEDL,src-1,Stimulated,0.0,0.14788603083888768,confident nonbinder,0.5210544225752904,0.0017189457498975767
EDYYHP,src-1,Stimulated,0.0,0.2343772964223138,confident nonbinder,0.5210544225752904,0.0017189457498975767
HHPEMD,src-1,Stimulated,1.0,0.6095568253490479,confident binder,0.5210544225752904,0.0017189457498975767
ADTHFT,src-1,Stimulated,0.0,0.009818700402785143,confident nonbinder,0.5210544225752904,0.0017189457498975767
TEGAVP,src-1,Stimulated,0.0,0.403325851776042,low-confidence,0.5210544225752904,0.0017189457498975767
SSSFSD,src-1,Stimulated,0.0,0.02766280661048783,confident nonbinder,0.5210544225752904,0.0017189457498975767
SLSGQS,src-1,Stimulated,0.0,0.0958064237979274,confident nonbinder,0.5210544225752904,0.0017189457498975767
REQLVV,src-1,Stimulated,1.0,0.7921903072084275,confident binder,0.5210544225752904,0.0017189457498975767
RRVEPP,src-1,Stimulated,0.0,0.5480075579761867,low-confidence,0.5210544225752904,0.0017189457498975767
PLVSWR,src-1,Stimulated,1.0,0.9945207616723676,confident binder,0.5210544225752904,0.0017189457498975767
GIADIP,src-1,Stimulated,1.0,0.8741284386579609,confident binder,0.5210544225752904,0.0017189457498975767
EGDVVA,src-1,Stimulated,1.0,0.9475603482532761,confident binder,0.5210544225752904,0.0017189457498975767
VYDIST,src-1,Stimulated,0.0,0.4284743940856156,low-confidence,0.5210544225752904,0.0017189457498975767
SDINAS,src-1,Stimulated,1.0,0.7940282200332247,confident binder,0.5210544225752904,0.0017189457498975767
EFLSVG,src-1,Stimulated,1.0,0.8719000128878791,confident binder,0.5210544225752904,0.0017189457498975767
TIEGEK,src-1,Stimulated,0.0,0.23275056124054636,confident nonbinder,0.5210544225752904,0.0017189457498975767
HPSECD,src-1,Stimulated,0.0,0.26833241414177605,confident nonbinder,0.5210544225752904,0.0017189457498975767
PDGNSA,src-1,Stimulated,0.0,0.07381154670904813,confident nonbinder,0.5210544225752904,0.0017189457498975767
SIDDIN,src-1,Stimulated,1.0,0.9054645175640751,confident binder,0.5210544225752904,0.0017189457498975767
IHEMCI,src-1,Stimulated,,,0,0.5210544225752904,0.0017189457498975767
PLEGTA,src-1,Stimulated,0.0,0.4810302351291304,low-confidence,0.5210544225752904,0.0017189457498975767
ALQTAI,src-1,Stimulated,1.0,0.8400548437702422,confident binder,0.5210544225752904,0.0017189457498975767
GSITTI,src-1,Stimulated,0.0,0.4201731017009081,low-confidence,0.5210544225752904,0.0017189457498975767
LDDHGS,src-1,Stimulated,0.0,0.00041470838306714264,confident nonbinder,0.5210544225752904,0.0017189457498975767
EHDIPK,src-1,Stimulated,1.0,0.8318672647376141,confident binder,0.5210544225752904,0.0017189457498975767
NISDVR,src-1,Stimulated,,,1,0.5210544225752904,0.0017189457498975767
IDINER,src-1,Stimulated,1.0,0.7475058934445673,confident binder,0.5210544225752904,0.0017189457498975767
VPVMVR,src-1,Stimulated,1.0,0.9363524053719978,confident binder,0.5210544225752904,0.0017189457498975767
EELDLR,src-1,Stimulated,1.0,0.9700541482605266,confident binder,0.5210544225752904,0.0017189457498975767
EMLPVR,src-1,Stimulated,1.0,0.8984007477902661,confident binder,0.5210544225752904,0.0017189457498975767
LTEDHG,src-1,Stimulated,0.0,0.4285292646514283,low-confidence,0.5210544225752904,0.0017189457498975767
KQQIPD,src-1,Stimulated,0.0,0.229540031572969,confident nonbinder,0.5210544225752904,0.0017189457498975767
KDDPVA,src-1,Stimulated,0.0,0.40188019100498296,low-confidence,0.5210544225752904,0.0017189457498975767
FPGNVA,src-1,Stimulated,1.0,0.9507754154037085,confident binder,0.5210544225752904,0.0017189457498975767
RGISIP,src-1,Stimulated,1.0,0.8035060035262074,confident binder,0.5210544225752904,0.0017189457498975767
DAHEHQ,src-1,Stimulated,0.0,0.2989933343386156,confident nonbinder,0.5210544225752904,0.0017189457498975767
RDAPPP,src-1,Stimulated,0.0,0.0538685514203156,confident nonbinder,0.5210544225752904,0.0017189457498975767
NPATLP,src-1,Stimulated,1.0,0.9395583767723978,confident binder,0.5210544225752904,0.0017189457498975767
DKDLFV,src-1,Stimulated,1.0,0.6768872401838045,confident binder,0.5210544225752904,0.0017189457498975767
ATLSSK,src-1,Stimulated,1.0,0.5586689229163455,low-confidence,0.5210544225752904,0.0017189457498975767
SWHGPV,src-1,Stimulated,1.0,0.9579016202685018,confident binder,0.5210544225752904,0.0017189457498975767
PVHPEE,src-1,Stimulated,0.0,0.03055456042291259,confident nonbinder,0.5210544225752904,0.0017189457498975767
LVQVPQ,src-1,Stimulated,1.0,0.9188515386453331,confident binder,0.5210544225752904,0.0017189457498975767
PQSNPP,src-1,Stimulated,1.0,0.7370397191044953,confident binder,0.5210544225752904,0.0017189457498975767
DVQEME,src-1,Stimulated,1.0,0.9119413753566826,confident binder,0.5210544225752904,0.0017189457498975767
RVENVG,src-1,Stimulated,1.0,0.9168718161085192,confident binder,0.5210544225752904,0.0017189457498975767
HINEEP,src-1,Stimulated,0.0,0.09517942254082626,confident nonbinder,0.5210544225752904,0.0017189457498975767
EDEEEG,src-1,Stimulated,0.0,0.02349134308625452,confident nonbinder,0.5210544225752904,0.0017189457498975767
QEEFTD,src-1,Stimulated,0.0,0.20274553428846262,confident nonbinder,0.5210544225752904,0.0017189457498975767
NTISTI,src-1,Stimulated,1.0,0.5745860283574333,low-confidence,0.5210544225752904,0.0017189457498975767
HLEHLT,src-1,Stimulated,0.0,0.1905894619880931,confident nonbinder,0.5210544225752904,0.0017189457498975767
DSELST,src-1,Stimulated,0.0,0.08577211136619031,confident nonbinder,0.5210544225752904,0.0017189457498975767
SNEAMI,src-1,Stimulated,1.0,0.8015105126799649,confident binder,0.5210544225752904,0.0017189457498975767
IFNLAP,src-1,Stimulated,0.0,0.5440826678377683,low-confidence,0.5210544225752904,0.0017189457498975767
DSMIAM,src-1,Stimulated,1.0,0.677071668812874,confident binder,0.5210544225752904,0.0017189457498975767
RLVSCS,src-1,Stimulated,0.0,0.5464843060282524,low-confidence,0.5210544225752904,0.0017189457498975767
PHGSQT,src-1,Stimulated,0.0,0.01155935993240624,confident nonbinder,0.5210544225752904,0.0017189457498975767
VVSEAG,src-1,Stimulated,0.0,0.43330902684714284,low-confidence,0.5210544225752904,0.0017189457498975767
EDESSA,src-1,Stimulated,0.0,0.09921323106203973,confident nonbinder,0.5210544225752904,0.0017189457498975767
SQENGS,src-1,Stimulated,0.0,0.21779744487268793,confident nonbinder,0.5210544225752904,0.0017189457498975767
KDDTLS,src-1,Stimulated,1.0,0.6853025918102894,confident binder,0.5210544225752904,0.0017189457498975767
HIAYPQ,src-1,Stimulated,1.0,0.8899750863236241,confident binder,0.5210544225752904,0.0017189457498975767
IEEALK,src-1,Stimulated,1.0,0.9708927504808462,confident binder,0.5210544225752904,0.0017189457498975767
APEFPE,src-1,Stimulated,,,1,0.5210544225752904,0.0017189457498975767
SFTDSS,src-1,Stimulated,0.0,0.16216921940084864,confident nonbinder,0.5210544225752904,0.0017189457498975767
SDQPIK,src-1,Stimulated,1.0,0.6646409073186057,confident binder,0.5210544225752904,0.0017189457498975767
DLATVT,src-1,Stimulated,1.0,0.9369876880496846,confident binder,0.5210544225752904,0.0017189457498975767
DQALME,src-1,Stimulated,1.0,0.8459743654855751,confident binder,0.5210544225752904,0.0017189457498975767
SIEALG,src-1,Stimulated,1.0,0.8779519502604516,confident binder,0.5210544225752904,0.0017189457498975767
SVIPMS,src-1,Stimulated,1.0,0.6971403984105111,confident binder,0.5210544225752904,0.0017189457498975767
AYHLLE,src-1,Stimulated,1.0,0.9404369348667848,confident binder,0.5210544225752904,0.0017189457498975767
AYQVGQ,src-1,Stimulated,0.0,0.3814807335165969,confident nonbinder,0.5210544225752904,0.0017189457498975767
ILEFPR,src-1,Stimulated,1.0,0.9595412677037793,confident binder,0.5210544225752904,0.0017189457498975767
DQEQEH,src-1,Stimulated,0.0,0.06196980283098294,confident nonbinder,0.5210544225752904,0.0017189457498975767
PIIDLR,src-1,Stimulated,1.0,0.942857643632231,confident binder,0.5210544225752904,0.0017189457498975767
FDSYGY,src-1,Stimulated,0.0,0.3567047608304561,confident nonbinder,0.5210544225752904,0.0017189457498975767
AHMTEG,src-1,Stimulated,0.0,0.16239846171311123,confident nonbinder,0.5210544225752904,0.0017189457498975767
TVVVED,src-1,Stimulated,1.0,0.7055278478656626,confident binder,0.5210544225752904,0.0017189457498975767
DDSRDD,src-1,Stimulated,0.0,0.016023068663846948,confident nonbinder,0.5210544225752904,0.0017189457498975767
AVDLPS,src-1,Stimulated,1.0,0.8627094722470503,confident binder,0.5210544225752904,0.0017189457498975767
SYNSPG,src-1,Stimulated,0.0,0.14850257053679067,confident nonbinder,0.5210544225752904,0.0017189457498975767
PPESIS,src-1,Stimulated,1.0,0.8679154933586977,confident binder,0.5210544225752904,0.0017189457498975767
QTQVIP,src-1,Stimulated,1.0,0.9476124839771174,confident binder,0.5210544225752904,0.0017189457498975767
TDEMET,src-1,Stimulated,0.0,0.15244158014617,confident nonbinder,0.5210544225752904,0.0017189457498975767
ELCEMG,src-1,Stimulated,1.0,0.9282970690836905,confident binder,0.5210544225752904,0.0017189457498975767
SLTDES,src-1,Stimulated,0.0,0.17681462166913803,confident nonbinder,0.5210544225752904,0.0017189457498975767
SPQEFT,src-1,Stimulated,1.0,0.5721750027081348,low-confidence,0.5210544225752904,0.0017189457498975767
GPDRPG,src-1,Stimulated,0.0,0.4156064335104677,low-confidence,0.5210544225752904,0.0017189457498975767
HFSSGN,src-1,Stimulated,0.0,0.15710364341984767,confident nonbinder,0.5210544225752904,0.0017189457498975767
GSQYWP,src-1,Stimulated,1.0,0.9873695240401323,confident binder,0.5210544225752904,0.0017189457498975767
DDMSCF,src-1,Stimulated,1.0,0.6135642942242062,confident binder,0.5210544225752904,0.0017189457498975767
SIEYQP,src-1,Stimulated,0.0,0.41970730515090476,low-confidence,0.5210544225752904,0.0017189457498975767
DAWPEA,src-1,Stimulated,1.0,0.9133081908151768,confident binder,0.5210544225752904,0.0017189457498975767
GQAIPQ,src-1,Stimulated,1.0,0.6084738205645532,confident binder,0.5210544225752904,0.0017189457498975767
SPADPE,src-1,Stimulated,1.0,0.5971826797075136,low-confidence,0.5210544225752904,0.0017189457498975767
HSDDST,src-1,Stimulated,0.0,0.024434960547657265,confident nonbinder,0.5210544225752904,0.0017189457498975767
RVTHEV,src-1,Stimulated,0.0,0.006800322454719326,confident nonbinder,0.5210544225752904,0.0017189457498975767
AADIEV,src-1,Stimulated,0.0,0.533807383031203,low-confidence,0.5210544225752904,0.0017189457498975767
YDEAWA,src-1,Stimulated,1.0,0.9946092499739602,confident binder,0.5210544225752904,0.0017189457498975767
AVIGVH,src-1,Stimulated,1.0,0.8323903986880211,confident binder,0.5210544225752904,0.0017189457498975767
GIEGVF,src-1,Stimulated,1.0,0.8650579405967155,confident binder,0.5210544225752904,0.0017189457498975767
AFNMLR,src-1,Stimulated,1.0,0.9533634922427441,confident binder,0.5210544225752904,0.0017189457498975767
SHDSEK,src-1,Stimulated,0.0,0.05769245664895351,confident nonbinder,0.5210544225752904,0.0017189457498975767
NESSQE,src-1,Stimulated,0.0,0.049881877563844094,confident nonbinder,0.5210544225752904,0.0017189457498975767
KESNEN,src-1,Stimulated,0.0,0.09111137190753958,confident nonbinder,0.5210544225752904,0.0017189457498975767
EEQEFE,src-1,Stimulated,1.0,0.6652187649853206,confident binder,0.5210544225752904,0.0017189457498975767
EEVGPR,src-1,Stimulated,1.0,0.7712286052574554,confident binder,0.5210544225752904,0.0017189457498975767
QVGYDD,src-1,Stimulated,0.0,0.018202035429661863,confident nonbinder,0.5210544225752904,0.0017189457498975767
ANVECV,src-1,Stimulated,1.0,0.7466330954680069,confident binder,0.5210544225752904,0.0017189457498975767
QLTTNT,src-1,Stimulated,0.0,0.42565254512033157,low-confidence,0.5210544225752904,0.0017189457498975767
DYGIPF,src-1,Stimulated,1.0,0.7442425947755335,confident binder,0.5210544225752904,0.0017189457498975767
PEDLNV,src-1,Stimulated,0.0,0.25490409985464363,confident nonbinder,0.5210544225752904,0.0017189457498975767
KAYHLL,src-1,Stimulated,0.0,0.12347425331250642,confident nonbinder,0.5210544225752904,0.0017189457498975767
AVDVPP,src-1,Stimulated,1.0,0.8915424109649652,confident binder,0.5210544225752904,0.0017189457498975767
RNEQWQ,src-1,Stimulated,1.0,0.9662801414420471,confident binder,0.5210544225752904,0.0017189457498975767
TAELPL,src-1,Stimulated,1.0,0.9251486418522972,confident binder,0.5210544225752904,0.0017189457498975767
DPSTTF,src-1,Stimulated,0.0,0.28745993272348697,confident nonbinder,0.5210544225752904,0.0017189457498975767
KEDPVE,src-1,Stimulated,0.0,0.23864469444316616,confident nonbinder,0.5210544225752904,0.0017189457498975767
KDEQPT,src-1,Stimulated,0.0,0.3138666336271609,confident nonbinder,0.5210544225752904,0.0017189457498975767
QLHNQS,src-1,Stimulated,1.0,0.7749950506600065,confident binder,0.5210544225752904,0.0017189457498975767
SDFASD,src-1,Stimulated,0.0,0.03671790104593144,confident nonbinder,0.5210544225752904,0.0017189457498975767
EPADPY,src-1,Stimulated,1.0,0.8191824145881317,confident binder,0.5210544225752904,0.0017189457498975767
GKAIPT,src-1,Stimulated,1.0,0.5891224833239032,low-confidence,0.5210544225752904,0.0017189457498975767
RQEQQT,src-1,Stimulated,0.0,0.027531293281724545,confident nonbinder,0.5210544225752904,0.0017189457498975767
SLQSAG,src-1,Stimulated,0.0,0.25818817173968805,confident nonbinder,0.5210544225752904,0.0017189457498975767
MIEPHF,src-1,Stimulated,1.0,0.644251980155108,confident binder,0.5210544225752904,0.0017189457498975767
EIQTLS,src-1,Stimulated,1.0,0.9300714314601757,confident binder,0.5210544225752904,0.0017189457498975767
GLHEGS,src-1,Stimulated,0.0,0.20967684315255034,confident nonbinder,0.5210544225752904,0.0017189457498975767
PELTSP,src-1,Stimulated,0.0,0.3617556080947969,confident nonbinder,0.5210544225752904,0.0017189457498975767
VDLSSL,src-1,Stimulated,1.0,0.5855917889429942,low-confidence,0.5210544225752904,0.0017189457498975767
GSVPLL,src-1,Stimulated,1.0,0.709894633635388,confident binder,0.5210544225752904,0.0017189457498975767
LTQNTD,src-1,Stimulated,1.0,0.6297885506447078,confident binder,0.5210544225752904,0.0017189457498975767
VDSGLR,src-1,Stimulated,1.0,0.7233462957591639,confident binder,0.5210544225752904,0.0017189457498975767
PLGFHA,src-1,Stimulated,1.0,0.6350760244310005,confident binder,0.5210544225752904,0.0017189457498975767
VQTFPN,src-1,Stimulated,1.0,0.6394616545064338,confident binder,0.5210544225752904,0.0017189457498975767
NIISPL,src-1,Stimulated,1.0,0.9373759182202511,confident binder,0.5210544225752904,0.0017189457498975767
GPTDFT,src-1,Stimulated,0.0,0.44135684960131316,low-confidence,0.5210544225752904,0.0017189457498975767
SPGNLC,src-1,Stimulated,1.0,0.9946756842476708,confident binder,0.5210544225752904,0.0017189457498975767
RAEYVE,src-1,Stimulated,1.0,0.6443961213312827,confident binder,0.5210544225752904,0.0017189457498975767
SPSVSG,src-1,Stimulated,0.0,0.02888030519661688,confident nonbinder,0.5210544225752904,0.0017189457498975767
VDLALD,src-1,Stimulated,1.0,0.9193986437751969,confident binder,0.5210544225752904,0.0017189457498975767
LPSNIT,src-1,Stimulated,1.0,0.9692537754796481,confident binder,0.5210544225752904,0.0017189457498975767
ALDFVV,src-1,Stimulated,1.0,0.9292048615649039,confident binder,0.5210544225752904,0.0017189457498975767
TIFDNL,src-1,Stimulated,1.0,0.6164853101121633,confident binder,0.5210544225752904,0.0017189457498975767
DDIQEV,src-1,Stimulated,0.0,0.27956669683036334,confident nonbinder,0.5210544225752904,0.0017189457498975767
HWSSSD,src-1,Stimulated,1.0,0.892692716257317,confident binder,0.5210544225752904,0.0017189457498975767
AMSVEI,src-1,Stimulated,1.0,0.7015072000803524,confident binder,0.5210544225752904,0.0017189457498975767
DGSYPS,src-1,Stimulated,,,1,0.5210544225752904,0.0017189457498975767
HLEEKF,src-1,Stimulated,1.0,0.9466040883654826,confident binder,0.5210544225752904,0.0017189457498975767
HWVGEG,src-1,Stimulated,1.0,0.8704895220182027,confident binder,0.5210544225752904,0.0017189457498975767
TPANTN,src-1,Stimulated,1.0,0.6678934370988394,confident binder,0.5210544225752904,0.0017189457498975767
ALDFSV,src-1,Stimulated,1.0,0.7762502003714722,confident binder,0.5210544225752904,0.0017189457498975767
SLASSP,src-1,Stimulated,0.0,0.3564062211835007,confident nonbinder,0.5210544225752904,0.0017189457498975767
ELAIPP,src-1,Stimulated,1.0,0.9509159385994266,confident binder,0.5210544225752904,0.0017189457498975767
SAQIPR,src-1,Stimulated,1.0,0.7942937945165438,confident binder,0.5210544225752904,0.0017189457498975767
SDCVLG,src-1,Stimulated,1.0,0.8267305562314731,confident binder,0.5210544225752904,0.0017189457498975767
SFLPLD,src-1,Stimulated,1.0,0.8487774369450647,confident binder,0.5210544225752904,0.0017189457498975767
PLQPSH,src-1,Stimulated,0.0,0.1406175786539266,confident nonbinder,0.5210544225752904,0.0017189457498975767
QSSYSS,src-1,Stimulated,0.0,0.027978802741058698,confident nonbinder,0.5210544225752904,0.0017189457498975767
APSRPK,src-1,Stimulated,1.0,0.8961028723640999,confident binder,0.5210544225752904,0.0017189457498975767
RASSFG,src-1,Stimulated,0.0,0.08407059426575082,confident nonbinder,0.5210544225752904,0.0017189457498975767
SDQVIS,src-1,Stimulated,1.0,0.860850918204217,confident binder,0.5210544225752904,0.0017189457498975767
TLQELP,src-1,Stimulated,1.0,0.9678950764382563,confident binder,0.5210544225752904,0.0017189457498975767
GNGDDR,src-1,Stimulated,0.0,0.003681852759076581,confident nonbinder,0.5210544225752904,0.0017189457498975767
SICSSQ,src-1,Stimulated,0.0,0.26477849279885096,confident nonbinder,0.5210544225752904,0.0017189457498975767
AESFTS,src-1,Stimulated,0.0,0.15965996760962237,confident nonbinder,0.5210544225752904,0.0017189457498975767
DNGSLS,src-1,Stimulated,0.0,0.25794628665913294,confident nonbinder,0.5210544225752904,0.0017189457498975767
ALESSR,src-1,Stimulated,1.0,0.6827789854289099,confident binder,0.5210544225752904,0.0017189457498975767
EILTPV,src-1,Stimulated,1.0,0.9546914530277472,confident binder,0.5210544225752904,0.0017189457498975767
EDASCS,src-1,Stimulated,0.0,0.2460913099035176,confident nonbinder,0.5210544225752904,0.0017189457498975767
EDQIAI,src-1,Stimulated,0.0,0.4620079704529066,low-confidence,0.5210544225752904,0.0017189457498975767
SQQQSM,src-1,Stimulated,0.0,0.09394670350790979,confident nonbinder,0.5210544225752904,0.0017189457498975767
STGLPA,src-1,Stimulated,0.0,0.41038835762909254,low-confidence,0.5210544225752904,0.0017189457498975767
ERLFVD,src-1,Stimulated,1.0,0.9363184684103426,confident binder,0.5210544225752904,0.0017189457498975767
SEESGS,src-1,Stimulated,0.0,0.04693728191963559,confident nonbinder,0.5210544225752904,0.0017189457498975767
LDIQYR,src-1,Stimulated,1.0,0.9148608092719348,confident binder,0.5210544225752904,0.0017189457498975767
PVEGPS,src-1,Stimulated,1.0,0.6449765987981184,confident binder,0.5210544225752904,0.0017189457498975767
DLDIFY,src-1,Stimulated,1.0,0.8969567108799074,confident binder,0.5210544225752904,0.0017189457498975767
LQEDVS,src-1,Stimulated,1.0,0.8938157085132101,confident binder,0.5210544225752904,0.0017189457498975767
KMLNIL,src-1,Stimulated,1.0,0.9670377626911266,confident binder,0.5210544225752904,0.0017189457498975767
TIVNPA,src-1,Stimulated,1.0,0.9879927198564709,confident binder,0.5210544225752904,0.0017189457498975767
LVAPPG,src-1,Stimulated,1.0,0.6976649315400841,confident binder,0.5210544225752904,0.0017189457498975767
RDDIPF,src-1,Stimulated,0.0,0.5303565471284698,low-confidence,0.5210544225752904,0.0017189457498975767
EQGFLT,src-1,Stimulated,0.0,0.4947615967673255,low-confidence,0.5210544225752904,0.0017189457498975767
DELEVT,src-1,Stimulated,1.0,0.9414901104503149,confident binder,0.5210544225752904,0.0017189457498975767
PIEGLI,src-1,Stimulated,,,1,0.5210544225752904,0.0017189457498975767
PFVNVE,src-1,Stimulated,,,1,0.5210544225752904,0.0017189457498975767
QCQAPG,src-1,Stimulated,0.0,0.5463967458644249,low-confidence,0.5210544225752904,0.0017189457498975767
GSVSIH,src-1,Stimulated,1.0,0.8642888777636746,confident binder,0.5210544225752904,0.0017189457498975767
SSATLF,src-1,Stimulated,1.0,0.9399474701053873,confident binder,0.5210544225752904,0.0017189457498975767
VLCSAR,src-1,Stimulated,1.0,0.8504253140005873,confident binder,0.5210544225752904,0.0017189457498975767
PDRLEE,src-1,Stimulated,0.0,0.00028608869953434255,confident nonbinder,0.5210544225752904,0.0017189457498975767
LDENVI,src-1,Stimulated,1.0,0.9878131874328049,confident binder,0.5210544225752904,0.0017189457498975767
PEFNFA,src-1,Stimulated,1.0,0.9513337750533294,confident binder,0.5210544225752904,0.0017189457498975767
AADSLV,src-1,Stimulated,1.0,0.8443981883599285,confident binder,0.5210544225752904,0.0017189457498975767
HYEQTS,src-1,Stimulated,0.0,0.3485020149824829,confident nonbinder,0.5210544225752904,0.0017189457498975767
QLSTIL,src-1,Stimulated,1.0,0.9587199916188108,confident binder,0.5210544225752904,0.0017189457498975767
GHGYNQ,src-1,Stimulated,0.0,0.007983293132472985,confident nonbinder,0.5210544225752904,0.0017189457498975767
QISADE,src-1,Stimulated,0.0,0.09071695227449825,confident nonbinder,0.5210544225752904,0.0017189457498975767
DDISLD,src-1,Stimulated,1.0,0.8529772437958393,confident binder,0.5210544225752904,0.0017189457498975767
HVLEQP,src-1,Stimulated,1.0,0.8360879998281656,confident binder,0.5210544225752904,0.0017189457498975767
KHSVVL,src-1,Stimulated,1.0,0.9193410886085499,confident binder,0.5210544225752904,0.0017189457498975767
PEGDFQ,src-1,Stimulated,0.0,0.20151733258150187,confident nonbinder,0.5210544225752904,0.0017189457498975767
ELEKLT,src-1,Stimulated,1.0,0.9609254707060854,confident binder,0.5210544225752904,0.0017189457498975767
GEQSSG,src-1,Stimulated,0.0,0.008808144921720234,confident nonbinder,0.5210544225752904,0.0017189457498975767
LDVFTL,src-1,Stimulated,1.0,0.8036454850317266,confident binder,0.5210544225752904,0.0017189457498975767
KIQDLL,src-1,Stimulated,1.0,0.919478990570036,confident binder,0.5210544225752904,0.0017189457498975767
SQEERL,src-1,Stimulated,0.0,0.2751360585987623,confident nonbinder,0.5210544225752904,0.0017189457498975767
EEITSA,src-1,Stimulated,1.0,0.6351002479908372,confident binder,0.5210544225752904,0.0017189457498975767
NDMTSP,src-1,Stimulated,0.0,0.11024370511423773,confident nonbinder,0.5210544225752904,0.0017189457498975767
SIEASS,src-1,Stimulated,0.0,0.27171428614749876,confident nonbinder,0.5210544225752904,0.0017189457498975767
TLRIPE,src-1,Stimulated,0.0,0.012570794534979949,confident nonbinder,0.5210544225752904,0.0017189457498975767
RVRDDT,src-1,Stimulated,0.0,0.0002213847197981021,confident nonbinder,0.5210544225752904,0.0017189457498975767
VDVQVD,src-1,Stimulated,1.0,0.8096400292647612,confident binder,0.5210544225752904,0.0017189457498975767
HEVAEV,src-1,Stimulated,0.0,0.5343057370490176,low-confidence,0.5210544225752904,0.0017189457498975767
ELKEFK,src-1,Stimulated,1.0,0.9059145229030771,confident binder,0.5210544225752904,0.0017189457498975767
ETEVEA,src-1,Stimulated,0.0,0.44116360445860303,low-confidence,0.5210544225752904,0.0017189457498975767
ASVEIV,src-1,Stimulated,1.0,0.8937270419106342,confident binder,0.5210544225752904,0.0017189457498975767
NRVGFG,src-1,Stimulated,0.0,0.3775358073544513,confident nonbinder,0.5210544225752904,0.0017189457498975767
SNASTS,src-1,Stimulated,0.0,0.040296888163331775,confident nonbinder,0.5210544225752904,0.0017189457498975767
DQKLTE,src-1,Stimulated,0.0,0.036288266009970684,confident nonbinder,0.5210544225752904,0.0017189457498975767
EAGLAM,src-1,Stimulated,0.0,0.29299734216272627,confident nonbinder,0.5210544225752904,0.0017189457498975767
RIERPS,src-1,Stimulated,1.0,0.8446800328020841,confident binder,0.5210544225752904,0.0017189457498975767
RDQDDT,src-1,Stimulated,0.0,0.002879484154490303,confident nonbinder,0.5210544225752904,0.0017189457498975767
VSAGDN,src-1,Stimulated,0.0,0.027234537502717593,confident nonbinder,0.5210544225752904,0.0017189457498975767
VSQLSP,src-1,Stimulated,0.0,0.15845670689432362,confident nonbinder,0.5210544225752904,0.0017189457498975767
EQLPLT,src-1,Stimulated,1.0,0.7800860985780201,confident binder,0.5210544225752904,0.0017189457498975767
QFEQVL,src-1,Stimulated,1.0,0.9675544026539444,confident binder,0.5210544225752904,0.0017189457498975767
EVDTPP,src-1,Stimulated,1.0,0.848576596769832,confident binder,0.5210544225752904,0.0017189457498975767
STNYSL,src-1,Stimulated,0.0,0.09136089358598733,confident nonbinder,0.5210544225752904,0.0017189457498975767
RAQHGG,src-1,Stimulated,0.0,0.00020552339421672672,confident nonbinder,0.5210544225752904,0.0017189457498975767
SENWGG,src-1,Stimulated,1.0,0.7356924986494426,confident binder,0.5210544225752904,0.0017189457498975767
CEQQIS,src-1,Stimulated,1.0,0.9411994562467628,confident binder,0.5210544225752904,0.0017189457498975767
NRVNIL,src-1,Stimulated,1.0,0.9910807832989644,confident binder,0.5210544225752904,0.0017189457498975767
YTEDYA,src-1,Stimulated,1.0,0.9097789860856408,confident binder,0.5210544225752904,0.0017189457498975767
DEDPTI,src-1,Stimulated,0.0,0.03352614439236938,confident nonbinder,0.5210544225752904,0.0017189457498975767
VISQPS,src-1,Stimulated,1.0,0.7161262042915376,confident binder,0.5210544225752904,0.0017189457498975767
ADIEWL,src-1,Stimulated,1.0,0.9901896297447625,confident binder,0.5210544225752904,0.0017189457498975767
QVEEIA,src-1,Stimulated,1.0,0.9867881437710149,confident binder,0.5210544225752904,0.0017189457498975767
AQEDIA,src-1,Stimulated,1.0,0.9667868465254612,confident binder,0.5210544225752904,0.0017189457498975767
READSF,src-1,Stimulated,0.0,0.1970062062815459,confident nonbinder,0.5210544225752904,0.0017189457498975767
LFDETE,src-1,Stimulated,1.0,0.6234773976949234,confident binder,0.5210544225752904,0.0017189457498975767
AIDYTK,src-1,Stimulated,0.0,0.5400427273865682,low-confidence,0.5210544225752904,0.0017189457498975767
PHSDHL,src-1,Stimulated,0.0,0.5,low-confidence,0.5210544225752904,0.0017189457498975767
KVEVVN,src-1,Stimulated,1.0,0.953940319149542,confident binder,0.5210544225752904,0.0017189457498975767
AQEDPR,src-1,Stimulated,,,1,0.5210544225752904,0.0017189457498975767
ENVYIN,src-1,Stimulated,1.0,0.903777681266945,confident binder,0.5210544225752904,0.0017189457498975767
QKFELE,src-1,Stimulated,1.0,0.8602569406234972,confident binder,0.5210544225752904,0.0017189457498975767
SEEIQR,src-1,Stimulated,0.0,0.34873627701312154,confident nonbinder,0.5210544225752904,0.0017189457498975767
WDEAHV,src-1,Stimulated,0.0,0.03177788010261132,confident nonbinder,0.5210544225752904,0.0017189457498975767
QTQLSR,src-1,Stimulated,0.0,0.2627566252062533,confident nonbinder,0.5210544225752904,0.0017189457498975767
SVSSSR,src-1,Stimulated,0.0,0.2041914013476839,confident nonbinder,0.5210544225752904,0.0017189457498975767
DEQELN,src-1,Stimulated,1.0,0.8787583003923528,confident binder,0.5210544225752904,0.0017189457498975767
ELEIHK,src-1,Stimulated,1.0,0.9224956125690629,confident binder,0.5210544225752904,0.0017189457498975767
SLASLT,src-1,Stimulated,1.0,0.9042832249974192,confident binder,0.5210544225752904,0.0017189457498975767
DVVTTH,src-1,Stimulated,1.0,0.7530656230460834,confident binder,0.5210544225752904,0.0017189457498975767
PVKEIA,src-1,Stimulated,1.0,0.9561945385209698,confident binder,0.5210544225752904,0.0017189457498975767
INQPPT,src-1,Stimulated,0.0,0.0979127770727434,confident nonbinder,0.5210544225752904,0.0017189457498975767
VALSNA,src-1,Stimulated,1.0,0.7034300915977557,confident binder,0.5210544225752904,0.0017189457498975767
PISSDF,src-1,Stimulated,0.0,0.3574733643936688,confident nonbinder,0.5210544225752904,0.0017189457498975767
GELFER,src-1,Stimulated,0.0,0.5079738156644942,low-confidence,0.5210544225752904,0.0017189457498975767
NFLEPY,src-1,Stimulated,1.0,0.9817561200521299,confident binder,0.5210544225752904,0.0017189457498975767
QEVQTV,src-1,Stimulated,0.0,0.5503328025643499,low-confidence,0.5210544225752904,0.0017189457498975767
EELIEL,src-1,Stimulated,1.0,0.7170701687673393,confident binder,0.5210544225752904,0.0017189457498975767
LQITVS,src-1,Stimulated,1.0,0.9186729653017145,confident binder,0.5210544225752904,0.0017189457498975767
SISMYT,src-1,Stimulated,1.0,0.7667675700376007,confident binder,0.5210544225752904,0.0017189457498975767
DISFIK,src-1,Stimulated,1.0,0.9534219241122808,confident binder,0.5210544225752904,0.0017189457498975767
SDAEPM,src-1,Stimulated,,,0,0.5210544225752904,0.0017189457498975767
ANEAVP,src-1,Stimulated,1.0,0.8412208947776516,confident binder,0.5210544225752904,0.0017189457498975767
YTSGLR,src-1,Stimulated,1.0,0.8317294983109795,confident binder,0.5210544225752904,0.0017189457498975767
PTKDAF,src-1,Stimulated,1.0,0.5508769768518057,low-confidence,0.5210544225752904,0.0017189457498975767
LQSTVD,src-1,Stimulated,1.0,0.8073068351076151,confident binder,0.5210544225752904,0.0017189457498975767
AVDRPG,src-1,Stimulated,1.0,0.8683747082311876,confident binder,0.5210544225752904,0.0017189457498975767
DPATIT,src-1,Stimulated,1.0,0.9140760359507814,confident binder,0.5210544225752904,0.0017189457498975767
KKSLTV,src-1,Stimulated,0.0,0.1441848338577374,confident nonbinder,0.5210544225752904,0.0017189457498975767
DMDLPK,src-1,Stimulated,1.0,0.9062121140394462,confident binder,0.5210544225752904,0.0017189457498975767
TLSFFS,src-1,Stimulated,1.0,0.8150363769536966,confident binder,0.5210544225752904,0.0017189457498975767
RVFQSP,src-1,Stimulated,0.0,0.16258580957350538,confident nonbinder,0.5210544225752904,0.0017189457498975767
EFHVPT,src-1,Stimulated,1.0,0.8226368023289087,confident binder,0.5210544225752904,0.0017189457498975767
SLSPTW,src-1,Stimulated,0.0,0.22092278059021575,confident nonbinder,0.5210544225752904,0.0017189457498975767
QLEPEW,src-1,Stimulated,0.0,0.374560740596687,confident nonbinder,0.5210544225752904,0.0017189457498975767
FQADGL,src-1,Stimulated,1.0,0.6880968103087443,confident binder,0.5210544225752904,0.0017189457498975767
GTEDYV,src-1,Stimulated,1.0,0.805015381418991,confident binder,0.5210544225752904,0.0017189457498975767
EKKDLD,src-1,Stimulated,1.0,0.5795733027604257,low-confidence,0.5210544225752904,0.0017189457498975767
NILTLP,src-1,Stimulated,,,1,0.5210544225752904,0.0017189457498975767
ELADSS,src-1,Stimulated,0.0,0.43777840116553624,low-confidence,0.5210544225752904,0.0017189457498975767
ENELIH,src-1,Stimulated,1.0,0.9599697726525068,confident binder,0.5210544225752904,0.0017189457498975767
SIAPST,src-1,Stimulated,0.0,0.1058593929969128,confident nonbinder,0.5210544225752904,0.0017189457498975767
SPLSYR,src-1,Stimulated,1.0,0.8614909043463345,confident binder,0.5210544225752904,0.0017189457498975767
KPSPLA,src-1,Stimulated,1.0,0.5821228377618938,low-confidence,0.5210544225752904,0.0017189457498975767
ANTNLT,src-1,Stimulated,1.0,0.9576971700533164,confident binder,0.5210544225752904,0.0017189457498975767
DDVDDF,src-1,Stimulated,0.0,0.25266605231286676,confident nonbinder,0.5210544225752904,0.0017189457498975767
YNSLPI,src-1,Stimulated,1.0,0.6856498295969673,confident binder,0.5210544225752904,0.0017189457498975767
ALAAVN,src-1,Stimulated,1.0,0.9313388251902451,confident binder,0.5210544225752904,0.0017189457498975767
EDLNSL,src-1,Stimulated,1.0,0.8581425796102772,confident binder,0.5210544225752904,0.0017189457498975767
VDVVVD,src-1,Stimulated,1.0,0.8854167752218856,confident binder,0.5210544225752904,0.0017189457498975767
QLETIQ,src-1,Stimulated,1.0,0.9783664054418073,confident binder,0.5210544225752904,0.0017189457498975767
EGDHPL,src-1,Stimulated,0.0,0.008249951447458355,confident nonbinder,0.5210544225752904,0.0017189457498975767
GTLTDE,src-1,Stimulated,,,0,0.5210544225752904,0.0017189457498975767
PVDELF,src-1,Stimulated,1.0,0.9747377383033978,confident binder,0.5210544225752904,0.0017189457498975767
VNCGLN,src-1,Stimulated,1.0,0.7123305073316869,confident binder,0.5210544225752904,0.0017189457498975767
QEEEEV,src-1,Stimulated,0.0,0.2873663351602528,confident nonbinder,0.5210544225752904,0.0017189457498975767
GMETME,src-1,Stimulated,1.0,0.9128955566337695,confident binder,0.5210544225752904,0.0017189457498975767
GQHTLQ,src-1,Stimulated,1.0,0.7298647618728973,confident binder,0.5210544225752904,0.0017189457498975767
KFETKE,src-1,Stimulated,0.0,0.5498550358556414,low-confidence,0.5210544225752904,0.0017189457498975767
DSSQSL,src-1,Stimulated,0.0,0.07155172404032066,confident nonbinder,0.5210544225752904,0.0017189457498975767
KATVVG,src-1,Stimulated,1.0,0.6482931420612869,confident binder,0.5210544225752904,0.0017189457498975767
DCDIPR,src-1,Stimulated,1.0,0.9034117717239131,confident binder,0.5210544225752904,0.0017189457498975767
PVQQPQ,src-1,Stimulated,1.0,0.765965184142029,confident binder,0.5210544225752904,0.0017189457498975767
KETNWE,src-1,Stimulated,1.0,0.994313153903613,confident binder,0.5210544225752904,0.0017189457498975767
SEHSSD,src-1,Stimulated,0.0,0.01139620288583674,confident nonbinder,0.5210544225752904,0.0017189457498975767
RHGQSG,src-1,Stimulated,0.0,0.0012968936748016882,confident nonbinder,0.5210544225752904,0.0017189457498975767
PDEDVS,src-1,Stimulated,1.0,0.7311629701065472,confident binder,0.5210544225752904,0.0017189457498975767
DGEPPV,src-1,Stimulated,0.0,0.5075155593805314,low-confidence,0.5210544225752904,0.0017189457498975767
SSTTTT,src-1,Stimulated,0.0,0.05252273460735893,confident nonbinder,0.5210544225752904,0.0017189457498975767
HLEEME,src-1,Stimulated,,,1,0.5210544225752904,0.0017189457498975767
TLSFFP,src-1,Stimulated,1.0,0.8334001049653865,confident binder,0.5210544225752904,0.0017189457498975767
VEFVAG,src-1,Stimulated,0.0,0.5172021617692567,low-confidence,0.5210544225752904,0.0017189457498975767
AISLAA,src-1,Stimulated,1.0,0.825793636433288,confident binder,0.5210544225752904,0.0017189457498975767
PTEEAK,src-1,Stimulated,1.0,0.7211873886130822,confident binder,0.5210544225752904,0.0017189457498975767
DNSHFH,src-1,Stimulated,0.0,0.017677668616131896,confident nonbinder,0.5210544225752904,0.0017189457498975767
QRMELL,src-1,Stimulated,1.0,0.9631061305751031,confident binder,0.5210544225752904,0.0017189457498975767
HFTNPI,src-1,Stimulated,1.0,0.9733357467329389,confident binder,0.5210544225752904,0.0017189457498975767
KLTSAP,src-1,Stimulated,0.0,0.4588357293738003,low-confidence,0.5210544225752904,0.0017189457498975767
PKQINN,src-1,Stimulated,0.0,0.057803265983401346,confident nonbinder,0.5210544225752904,0.0017189457498975767
SQEVFR,src-1,Stimulated,1.0,0.875079928098943,confident binder,0.5210544225752904,0.0017189457498975767
SLEGLE,src-1,Stimulated,1.0,0.9032407849987549,confident binder,0.5210544225752904,0.0017189457498975767
EDEQWL,src-1,Stimulated,1.0,0.9971295011175301,confident binder,0.5210544225752904,0.0017189457498975767
VFGSAG,src-1,Stimulated,0.0,0.07768963522670923,confident nonbinder,0.5210544225752904,0.0017189457498975767
QEDEMV,src-1,Stimulated,1.0,0.9294567879631175,confident binder,0.5210544225752904,0.0017189457498975767
TISGAD,src-1,Stimulated,0.0,0.18353813745969577,confident nonbinder,0.5210544225752904,0.0017189457498975767
SETMCL,src-1,Stimulated,1.0,0.7617045764608473,confident binder,0.5210544225752904,0.0017189457498975767
THQSFL,src-1,Stimulated,1.0,0.7901191467583755,confident binder,0.5210544225752904,0.0017189457498975767
CVETVV,src-1,Stimulated,1.0,0.9541880881415045,confident binder,0.5210544225752904,0.0017189457498975767
IKEELQ,src-1,Stimulated,1.0,0.9156028069607798,confident binder,0.5210544225752904,0.0017189457498975767
GDQYGR,src-1,Stimulated,,,0,0.5210544225752904,0.0017189457498975767
RAEDLE,src-1,Stimulated,1.0,0.7562759000215543,confident binder,0.5210544225752904,0.0017189457498975767
GIAVEN,src-1,Stimulated,0.0,0.47871918715156697,low-confidence,0.5210544225752904,0.0017189457498975767
RMTDIQ,src-1,Stimulated,,,0,0.5210544225752904,0.0017189457498975767
KINKIP,src-1,Stimulated,1.0,0.7165550875144076,confident binder,0.5210544225752904,0.0017189457498975767
DLLEPQ,src-1,Stimulated,1.0,0.9762455894817592,confident binder,0.5210544225752904,0.0017189457498975767
IFQQTL,src-1,Stimulated,1.0,0.5758010912933299,low-confidence,0.5210544225752904,0.0017189457498975767
SLNEDC,src-1,Stimulated,1.0,0.9687616893463303,confident binder,0.5210544225752904,0.0017189457498975767
YSETIG,src-1,Stimulated,1.0,0.8598597269881,confident binder,0.5210544225752904,0.0017189457498975767
VSKVPS,src-1,Stimulated,0.0,0.45345189128010194,low-confidence,0.5210544225752904,0.0017189457498975767
DDFNYN,src-1,Stimulated,1.0,0.875232439920266,confident binder,0.5210544225752904,0.0017189457498975767
LRQNLE,src-1,Stimulated,1.0,0.9806521575964661,confident binder,0.5210544225752904,0.0017189457498975767
QEAATT,src-1,Stimulated,0.0,0.22609779323527426,confident nonbinder,0.5210544225752904,0.0017189457498975767
QRQEQG,src-1,Stimulated,0.0,0.0458305280765002,confident nonbinder,0.5210544225752904,0.0017189457498975767
SDVSQS,src-1,Stimulated,0.0,0.09663875571872821,confident nonbinder,0.5210544225752904,0.0017189457498975767
FSSASG,src-1,Stimulated,0.0,0.11806895326924978,confident nonbinder,0.5210544225752904,0.0017189457498975767
LGDYKG,src-1,Stimulated,0.0,0.28681479931503584,confident nonbinder,0.5210544225752904,0.0017189457498975767
STDLPR,src-1,Stimulated,1.0,0.8106725842932454,confident binder,0.5210544225752904,0.0017189457498975767
NMEASK,src-1,Stimulated,1.0,0.5885184810884462,low-confidence,0.5210544225752904,0.0017189457498975767
NHCSSG,src-1,Stimulated,0.0,0.11413752660126557,confident nonbinder,0.5210544225752904,0.0017189457498975767
TQSVDT,src-1,Stimulated,0.0,0.05543908735313581,confident nonbinder,0.5210544225752904,0.0017189457498975767
GDGQLH,src-1,Stimulated,0.0,0.4935280794466745,low-confidence,0.5210544225752904,0.0017189457498975767
KEQPHV,src-1,Stimulated,0.0,0.09063809991524595,confident nonbinder,0.5210544225752904,0.0017189457498975767
DTSKPS,src-1,Stimulated,0.0,0.3772221544477177,confident nonbinder,0.5210544225752904,0.0017189457498975767
LDEDKF,src-1,Stimulated,1.0,0.7589434965202964,confident binder,0.5210544225752904,0.0017189457498975767
YIEKPL,src-1,Stimulated,1.0,0.9177459255149382,confident binder,0.5210544225752904,0.0017189457498975767
LFEDRH,src-1,Stimulated,1.0,0.747574763391781,confident binder,0.5210544225752904,0.0017189457498975767
ALDQHS,src-1,Stimulated,1.0,0.6753699966383188,confident binder,0.5210544225752904,0.0017189457498975767
ADAAMD,src-1,Stimulated,1.0,0.795715685735216,confident binder,0.5210544225752904,0.0017189457498975767
SAGPGL,src-1,Stimulated,0.0,0.01005142971709947,confident nonbinder,0.5210544225752904,0.0017189457498975767
DIEQMM,src-1,Stimulated,1.0,0.9586440130974418,confident binder,0.5210544225752904,0.0017189457498975767
QVDVEE,src-1,Stimulated,0.0,0.29321978890773664,confident nonbinder,0.5210544225752904,0.0017189457498975767
DNSVVV,src-1,Stimulated,1.0,0.8188146339130276,confident binder,0.5210544225752904,0.0017189457498975767
NHDFCL,src-1,Stimulated,1.0,0.840676903999814,confident binder,0.5210544225752904,0.0017189457498975767
DKMTIS,src-1,Stimulated,1.0,0.8722105841944842,confident binder,0.5210544225752904,0.0017189457498975767
RIALNE,src-1,Stimulated,0.0,0.2423108627871453,confident nonbinder,0.5210544225752904,0.0017189457498975767
DTEDLK,src-1,Stimulated,1.0,0.9500066551301322,confident binder,0.5210544225752904,0.0017189457498975767
GHEVLD,src-1,Stimulated,1.0,0.9574401324357639,confident binder,0.5210544225752904,0.0017189457498975767
AHEEQE,src-1,Stimulated,0.0,0.3928324936526055,confident nonbinder,0.5210544225752904,0.0017189457498975767
ITDLPT,src-1,Stimulated,1.0,0.6842670728745299,confident binder,0.5210544225752904,0.0017189457498975767
ATSALN,src-1,Stimulated,1.0,0.8836078740913623,confident binder,0.5210544225752904,0.0017189457498975767
PIDALS,src-1,Stimulated,1.0,0.9028886777803705,confident binder,0.5210544225752904,0.0017189457498975767
SVIESR,src-1,Stimulated,1.0,0.7925612158586723,confident binder,0.5210544225752904,0.0017189457498975767
ELVFNT,src-1,Stimulated,1.0,0.7384119490734603,confident binder,0.5210544225752904,0.0017189457498975767
VTDGVP,src-1,Stimulated,0.0,0.5386514352185906,low-confidence,0.5210544225752904,0.0017189457498975767
QYYSAD,src-1,Stimulated,1.0,0.5539801591034434,low-confidence,0.5210544225752904,0.0017189457498975767
GPESYD,src-1,Stimulated,0.0,0.4530257363118606,low-confidence,0.5210544225752904,0.0017189457498975767
ALQDET,src-1,Stimulated,0.0,0.29203142307767405,confident nonbinder,0.5210544225752904,0.0017189457498975767
ANIESP,src-1,Stimulated,0.0,0.30396510963706397,confident nonbinder,0.5210544225752904,0.0017189457498975767
QISDPL,src-1,Stimulated,1.0,0.8898931863651312,confident binder,0.5210544225752904,0.0017189457498975767
AKEDVK,src-1,Stimulated,1.0,0.9201507110955519,confident binder,0.5210544225752904,0.0017189457498975767
RRETLV,src-1,Stimulated,1.0,0.8997566470789993,confident binder,0.5210544225752904,0.0017189457498975767
ENEKDE,src-1,Stimulated,0.0,0.013704022090194876,confident nonbinder,0.5210544225752904,0.0017189457498975767
SREEEE,src-1,Stimulated,0.0,0.05134068716622419,confident nonbinder,0.5210544225752904,0.0017189457498975767
DPYGND,src-1,Stimulated,0.0,0.014338467937262643,confident nonbinder,0.5210544225752904,0.0017189457498975767
QDHFVV,src-1,Stimulated,1.0,0.8556224953745288,confident binder,0.5210544225752904,0.0017189457498975767
SPENVC,src-1,Stimulated,1.0,0.99999335418765,confident binder,0.5210544225752904,0.0017189457498975767
SIDAIK,src-1,Stimulated,1.0,0.94911171417783,confident binder,0.5210544225752904,0.0017189457498975767
KISFTD,src-1,Stimulated,0.0,0.20875152857043922,confident nonbinder,0.5210544225752904,0.0017189457498975767
DGELPS,src-1,Stimulated,1.0,0.7498418847556484,confident binder,0.5210544225752904,0.0017189457498975767
SLEPEG,src-1,Stimulated,0.0,0.042864613589119,confident nonbinder,0.5210544225752904,0.0017189457498975767
KVQPVS,src-1,Stimulated,0.0,0.533652304631179,low-confidence,0.5210544225752904,0.0017189457498975767
ELTHWL,src-1,Stimulated,1.0,0.7608980811526267,confident binder,0.5210544225752904,0.0017189457498975767
NYSFIK,src-1,Stimulated,1.0,0.9779719103637667,confident binder,0.5210544225752904,0.0017189457498975767
LQATPV,src-1,Stimulated,1.0,0.9078287769381436,confident binder,0.5210544225752904,0.0017189457498975767
LIVGVE,src-1,Stimulated,1.0,0.8009147167351905,confident binder,0.5210544225752904,0.0017189457498975767
SMEPGS,src-1,Stimulated,0.0,0.0411499293358299,confident nonbinder,0.5210544225752904,0.0017189457498975767
QTAPSG,src-1,Stimulated,0.0,0.018556044908952605,confident nonbinder,0.5210544225752904,0.0017189457498975767
HIQPVG,src-1,Stimulated,0.0,0.481620922854678,low-confidence,0.5210544225752904,0.0017189457498975767
NNSTPN,src-1,Stimulated,0.0,0.43016363330875373,low-confidence,0.5210544225752904,0.0017189457498975767
DQATVN,src-1,Stimulated,1.0,0.8468961565668408,confident binder,0.5210544225752904,0.0017189457498975767
SLGYGS,src-1,Stimulated,0.0,0.04206880654675576,confident nonbinder,0.5210544225752904,0.0017189457498975767
GLHNNN,src-1,Stimulated,1.0,0.5820327335181344,low-confidence,0.5210544225752904,0.0017189457498975767
ERESQE,src-1,Stimulated,0.0,0.061088924567250576,confident nonbinder,0.5210544225752904,0.0017189457498975767
GIEALE,src-1,Stimulated,1.0,0.9379472231882292,confident binder,0.5210544225752904,0.0017189457498975767
DGYPSG,src-1,Stimulated,0.0,0.009430386770170667,confident nonbinder,0.5210544225752904,0.0017189457498975767
AHSTGK,src-1,Stimulated,0.0,0.26594535477678555,confident nonbinder,0.5210544225752904,0.0017189457498975767
QTESMC,src-1,Stimulated,1.0,0.9963761902231201,confident binder,0.5210544225752904,0.0017189457498975767
SYEALA,src-1,Stimulated,1.0,0.9840850146305838,confident binder,0.5210544225752904,0.0017189457498975767
TFGLLR,src-1,Stimulated,1.0,0.8972550918003832,confident binder,0.5210544225752904,0.0017189457498975767
YLADSS,src-1,Stimulated,1.0,0.5651531743088629,low-confidence,0.5210544225752904,0.0017189457498975767
ALESQL,src-1,Stimulated,1.0,0.8118652355335816,confident binder,0.5210544225752904,0.0017189457498975767
QFHSVQ,src-1,Stimulated,1.0,0.8312233227627265,confident binder,0.5210544225752904,0.0017189457498975767
VTEPTE,src-1,Stimulated,0.0,0.053381079056393846,confident nonbinder,0.5210544225752904,0.0017189457498975767
SAGSVK,src-1,Stimulated,0.0,0.4240098586082733,low-confidence,0.5210544225752904,0.0017189457498975767
EEEGPN,src-1,Stimulated,0.0,0.3617510359737283,confident nonbinder,0.5210544225752904,0.0017189457498975767
GIANIL,src-1,Stimulated,1.0,0.9505624502492193,confident binder,0.5210544225752904,0.0017189457498975767
DPALDV,src-1,Stimulated,0.0,0.33915970532440154,confident nonbinder,0.5210544225752904,0.0017189457498975767
LFTHVT,src-1,Stimulated,0.0,0.1458971121959095,confident nonbinder,0.5210544225752904,0.0017189457498975767
PREATS,src-1,Stimulated,0.0,0.08645378614475369,confident nonbinder,0.5210544225752904,0.0017189457498975767
DATALL,src-1,Stimulated,1.0,0.9058825296638225,confident binder,0.5210544225752904,0.0017189457498975767
NELSSF,src-1,Stimulated,1.0,0.7248297731246942,confident binder,0.5210544225752904,0.0017189457498975767
LPEELQ,src-1,Stimulated,1.0,0.9656528560056424,confident binder,0.5210544225752904,0.0017189457498975767
EIEYII,src-1,Stimulated,1.0,0.9477797529786508,confident binder,0.5210544225752904,0.0017189457498975767
EPANPT,src-1,Stimulated,1.0,0.9369384305604053,confident binder,0.5210544225752904,0.0017189457498975767
QDEEWK,src-1,Stimulated,1.0,0.9962469928014197,confident binder,0.5210544225752904,0.0017189457498975767
ESGNSR,src-1,Stimulated,0.0,0.07527042871394217,confident nonbinder,0.5210544225752904,0.0017189457498975767
ERDEDE,src-1,Stimulated,0.0,0.017560377073218884,confident nonbinder,0.5210544225752904,0.0017189457498975767
HLSNPI,src-1,Stimulated,1.0,0.9803001879174408,confident binder,0.5210544225752904,0.0017189457498975767
DIAEIP,src-1,Stimulated,1.0,0.9444315711001143,confident binder,0.5210544225752904,0.0017189457498975767
SVYTYE,src-1,Stimulated,1.0,0.8339425400539134,confident binder,0.5210544225752904,0.0017189457498975767
IDSAEE,src-1,Stimulated,,,0,0.5210544225752904,0.0017189457498975767
GSSYLE,src-1,Stimulated,,,1,0.5210544225752904,0.0017189457498975767
PVIQYS,src-1,Stimulated,1.0,0.8572756315664531,confident binder,0.5210544225752904,0.0017189457498975767
PEASTV,src-1,Stimulated,0.0,0.2739162840998892,confident nonbinder,0.5210544225752904,0.0017189457498975767
SDQWDV,src-1,Stimulated,1.0,0.8737386588372098,confident binder,0.5210544225752904,0.0017189457498975767
TESEIK,src-1,Stimulated,,,1,0.5210544225752904,0.0017189457498975767
KIESVL,src-1,Stimulated,1.0,0.9198789787784782,confident binder,0.5210544225752904,0.0017189457498975767
VQAIGR,src-1,Stimulated,0.0,0.41310390071963166,low-confidence,0.5210544225752904,0.0017189457498975767
LHNEGL,src-1,Stimulated,0.0,0.3902566823255387,confident nonbinder,0.5210544225752904,0.0017189457498975767
EESYKQ,src-1,Stimulated,0.0,0.11339959273050206,confident nonbinder,0.5210544225752904,0.0017189457498975767
KGLPLP,src-1,Stimulated,1.0,0.7731493532275556,confident binder,0.5210544225752904,0.0017189457498975767
PTLEPG,src-1,Stimulated,1.0,0.8324925901381293,confident binder,0.5210544225752904,0.0017189457498975767
GTQAFP,src-1,Stimulated,0.0,0.5281182409475448,low-confidence,0.5210544225752904,0.0017189457498975767
QPQDIV,src-1,Stimulated,1.0,0.9190145043539192,confident binder,0.5210544225752904,0.0017189457498975767
NLQWGP,src-1,Stimulated,1.0,0.9797798966250503,confident binder,0.5210544225752904,0.0017189457498975767
ILSWGE,src-1,Stimulated,1.0,0.9603921866464226,confident binder,0.5210544225752904,0.0017189457498975767
TNQDSW,src-1,Stimulated,0.0,0.11444278297588473,confident nonbinder,0.5210544225752904,0.0017189457498975767
EEEDSS,src-1,Stimulated,0.0,0.06758900330406797,confident nonbinder,0.5210544225752904,0.0017189457498975767
GCSDFL,src-1,Stimulated,1.0,0.6415602362782227,confident binder,0.5210544225752904,0.0017189457498975767
GGQQDN,src-1,Stimulated,0.0,0.01647008239437495,confident nonbinder,0.5210544225752904,0.0017189457498975767
GYDQEI,src-1,Stimulated,0.0,0.21477528802909457,confident nonbinder,0.5210544225752904,0.0017189457498975767
EHWTPQ,src-1,Stimulated,1.0,0.9910432795474923,confident binder,0.5210544225752904,0.0017189457498975767
RNIVVD,src-1,Stimulated,1.0,0.7402394404384461,confident binder,0.5210544225752904,0.0017189457498975767
IFQQVL,src-1,Stimulated,1.0,0.8507049729117486,confident binder,0.5210544225752904,0.0017189457498975767
DLDQDD,src-1,Stimulated,0.0,0.06948563958138372,confident nonbinder,0.5210544225752904,0.0017189457498975767
PRHELP,src-1,Stimulated,1.0,0.8035565060715759,confident binder,0.5210544225752904,0.0017189457498975767
DVLSPR,src-1,Stimulated,1.0,0.9676374101988353,confident binder,0.5210544225752904,0.0017189457498975767
AEDELA,src-1,Stimulated,1.0,0.9741816166130691,confident binder,0.5210544225752904,0.0017189457498975767
VDFFQR,src-1,Stimulated,0.0,0.4627315156730449,low-confidence,0.5210544225752904,0.0017189457498975767
EEEQMV,src-1,Stimulated,1.0,0.9311866952476365,confident binder,0.5210544225752904,0.0017189457498975767
PDLPED,src-1,Stimulated,0.0,0.02538561304429259,confident nonbinder,0.5210544225752904,0.0017189457498975767
PVSNIT,src-1,Stimulated,1.0,0.9649418519633273,confident binder,0.5210544225752904,0.0017189457498975767
KHRGPA,src-1,Stimulated,0.0,0.0013433498584927183,confident nonbinder,0.5210544225752904,0.0017189457498975767
PGCPVR,src-1,Stimulated,1.0,0.7981235979134826,confident binder,0.5210544225752904,0.0017189457498975767
PVVGHP,src-1,Stimulated,1.0,0.5590228950663646,low-confidence,0.5210544225752904,0.0017189457498975767
DTAWHK,src-1,Stimulated,1.0,0.9899414366434802,confident binder,0.5210544225752904,0.0017189457498975767
HDEVDI,src-1,Stimulated,0.0,0.25267793747122685,confident nonbinder,0.5210544225752904,0.0017189457498975767
ESISTI,src-1,Stimulated,0.0,0.34317143393950655,confident nonbinder,0.5210544225752904,0.0017189457498975767
PCMDVI,src-1,Stimulated,1.0,0.8285679039147298,confident binder,0.5210544225752904,0.0017189457498975767
EDTGAT,src-1,Stimulated,0.0,0.04909303515075583,confident nonbinder,0.5210544225752904,0.0017189457498975767
EDKDIQ,src-1,Stimulated,1.0,0.707028207481472,confident binder,0.5210544225752904,0.0017189457498975767
THSTLC,src-1,Stimulated,1.0,0.997291727200176,confident binder,0.5210544225752904,0.0017189457498975767
RDESLV,src-1,Stimulated,1.0,0.7722632706241671,confident binder,0.5210544225752904,0.0017189457498975767
STDLPG,src-1,Stimulated,0.0,0.3587511350315817,confident nonbinder,0.5210544225752904,0.0017189457498975767
ALAMEI,src-1,Stimulated,1.0,0.8851641163855624,confident binder,0.5210544225752904,0.0017189457498975767
AAEQSH,src-1,Stimulated,0.0,0.3283255826233365,confident nonbinder,0.5210544225752904,0.0017189457498975767
TFNPPS,src-1,Stimulated,0.0,0.24072847317174914,confident nonbinder,0.5210544225752904,0.0017189457498975767
DTLTHD,src-1,Stimulated,1.0,0.6904294997035616,confident binder,0.5210544225752904,0.0017189457498975767
PPTAIA,src-1,Stimulated,1.0,0.9237802487997528,confident binder,0.5210544225752904,0.0017189457498975767
YRESSS,src-1,Stimulated,0.0,0.058063125223466475,confident nonbinder,0.5210544225752904,0.0017189457498975767
DRISVG,src-1,Stimulated,1.0,0.7075988770918805,confident binder,0.5210544225752904,0.0017189457498975767
VDLEQF,src-1,Stimulated,1.0,0.8212705076692868,confident binder,0.5210544225752904,0.0017189457498975767
RLEEYT,src-1,Stimulated,1.0,0.8520042623307369,confident binder,0.5210544225752904,0.0017189457498975767
QTSSIL,src-1,Stimulated,1.0,0.9134055592830264,confident binder,0.5210544225752904,0.0017189457498975767
SVIDAR,src-1,Stimulated,1.0,0.8457643432279841,confident binder,0.5210544225752904,0.0017189457498975767
ASVQVI,src-1,Stimulated,1.0,0.8109955034821339,confident binder,0.5210544225752904,0.0017189457498975767
MIEESG,src-1,Stimulated,0.0,0.23348515011028675,confident nonbinder,0.5210544225752904,0.0017189457498975767
EPNDLV,src-1,Stimulated,1.0,0.7704929925491794,confident binder,0.5210544225752904,0.0017189457498975767
IRQEVW,src-1,Stimulated,1.0,0.9069256552647046,confident binder,0.5210544225752904,0.0017189457498975767
HPTIPE,src-1,Stimulated,1.0,0.5648405612720087,low-confidence,0.5210544225752904,0.0017189457498975767
HIDDVD,src-1,Stimulated,1.0,0.8424308572419208,confident binder,0.5210544225752904,0.0017189457498975767
GEDVTV,src-1,Stimulated,,,0,0.5210544225752904,0.0017189457498975767
RLETSY,src-1,Stimulated,0.0,0.3958964577427389,confident nonbinder,0.5210544225752904,0.0017189457498975767
PHGVPF,src-1,Stimulated,1.0,0.6713683831713693,confident binder,0.5210544225752904,0.0017189457498975767
SQNAYN,src-1,Stimulated,0.0,0.18894964943085363,confident nonbinder,0.5210544225752904,0.0017189457498975767
DPAWLE,src-1,Stimulated,1.0,0.9946666546049755,confident binder,0.5210544225752904,0.0017189457498975767
QLLDDV,src-1,Stimulated,1.0,0.7802383513992662,confident binder,0.5210544225752904,0.0017189457498975767
KIEDGD,src-1,Stimulated,0.0,0.13940306236002628,confident nonbinder,0.5210544225752904,0.0017189457498975767
AIVPAD,src-1,Stimulated,0.0,0.45150186737888226,low-confidence,0.5210544225752904,0.0017189457498975767
YPSLSE,src-1,Stimulated,0.0,0.10160783168928446,confident nonbinder,0.5210544225752904,0.0017189457498975767
ENGVVS,src-1,Stimulated,0.0,0.2824552162229622,confident nonbinder,0.5210544225752904,0.0017189457498975767
SQDNEK,src-1,Stimulated,0.0,0.19030121030786468,confident nonbinder,0.5210544225752904,0.0017189457498975767
LDSTPT,src-1,Stimulated,1.0,0.6166547627046212,confident binder,0.5210544225752904,0.0017189457498975767
QLQPGA,src-1,Stimulated,0.0,0.27727505602845515,confident nonbinder,0.5210544225752904,0.0017189457498975767
SMLLSD,src-1,Stimulated,1.0,0.5875465851122191,low-confidence,0.5210544225752904,0.0017189457498975767
ILDHQR,src-1,Stimulated,0.0,0.01414468407054513,confident nonbinder,0.5210544225752904,0.0017189457498975767
GNSGYD,src-1,Stimulated,0.0,0.07839767575445923,confident nonbinder,0.5210544225752904,0.0017189457498975767
EDNSVD,src-1,Stimulated,0.0,0.2870100832061875,confident nonbinder,0.5210544225752904,0.0017189457498975767
RTDETY,src-1,Stimulated,0.0,0.08134511127757268,confident nonbinder,0.5210544225752904,0.0017189457498975767
ATSPPM,src-1,Stimulated,0.0,0.5196896294946489,low-confidence,0.5210544225752904,0.0017189457498975767
GTGILS,src-1,Stimulated,0.0,0.46257605699190374,low-confidence,0.5210544225752904,0.0017189457498975767
DIDPTY,src-1,Stimulated,0.0,0.10874825539903013,confident nonbinder,0.5210544225752904,0.0017189457498975767
ATMDQA,src-1,Stimulated,1.0,0.5773195053141471,low-confidence,0.5210544225752904,0.0017189457498975767
ELHVIS,src-1,Stimulated,1.0,0.9517219596858261,confident binder,0.5210544225752904,0.0017189457498975767
VIAQLD,src-1,Stimulated,1.0,0.8787547890301092,confident binder,0.5210544225752904,0.0017189457498975767
PLGDTS,src-1,Stimulated,0.0,0.05216242498652827,confident nonbinder,0.5210544225752904,0.0017189457498975767
RFQQVT,src-1,Stimulated,1.0,0.7252476786370867,confident binder,0.5210544225752904,0.0017189457498975767
STQGER,src-1,Stimulated,0.0,0.022645961630789965,confident nonbinder,0.5210544225752904,0.0017189457498975767
AGDYSQ,src-1,Stimulated,0.0,0.0834371990450636,confident nonbinder,0.5210544225752904,0.0017189457498975767
LDCGGS,src-1,Stimulated,0.0,0.09497079922028798,confident nonbinder,0.5210544225752904,0.0017189457498975767
KEQDAF,src-1,Stimulated,0.0,0.5113315731828287,low-confidence,0.5210544225752904,0.0017189457498975767
NVQVQT,src-1,Stimulated,1.0,0.5802334969035652,low-confidence,0.5210544225752904,0.0017189457498975767
KEQEIE,src-1,Stimulated,1.0,0.826798387003525,confident binder,0.5210544225752904,0.0017189457498975767
AAESDI,src-1,Stimulated,0.0,0.25444807796135044,confident nonbinder,0.5210544225752904,0.0017189457498975767
RYYSDN,src-1,Stimulated,0.0,0.04868612298019718,confident nonbinder,0.5210544225752904,0.0017189457498975767
DVENLH,src-1,Stimulated,1.0,0.9919172431240959,confident binder,0.5210544225752904,0.0017189457498975767
GIDTLK,src-1,Stimulated,1.0,0.9541252923346938,confident binder,0.5210544225752904,0.0017189457498975767
SHSTAG,src-1,Stimulated,0.0,0.12453013659023036,confident nonbinder,0.5210544225752904,0.0017189457498975767
GAASQD,src-1,Stimulated,,,0,0.5210544225752904,0.0017189457498975767
MDEDDR,src-1,Stimulated,0.0,0.039758357635023577,confident nonbinder,0.5210544225752904,0.0017189457498975767
VCADVY,src-1,Stimulated,1.0,0.8804050757363824,confident binder,0.5210544225752904,0.0017189457498975767
EVEGVW,src-1,Stimulated,1.0,0.9278944027473677,confident binder,0.5210544225752904,0.0017189457498975767
KMDLQY,src-1,Stimulated,0.0,0.39847579223401575,confident nonbinder,0.5210544225752904,0.0017189457498975767
PRLIPE,src-1,Stimulated,1.0,0.8423635709473042,confident binder,0.5210544225752904,0.0017189457498975767
AHAVQA,src-1,Stimulated,1.0,0.8176678504037392,confident binder,0.5210544225752904,0.0017189457498975767
VEKPVS,src-1,Stimulated,0.0,0.32762560065694035,confident nonbinder,0.5210544225752904,0.0017189457498975767
KGTLIP,src-1,Stimulated,1.0,0.888793150936855,confident binder,0.5210544225752904,0.0017189457498975767
DEEDEC,src-1,Stimulated,1.0,0.9724617292429151,confident binder,0.5210544225752904,0.0017189457498975767
SESVHS,src-1,Stimulated,0.0,0.22075918386589297,confident nonbinder,0.5210544225752904,0.0017189457498975767
EDAAIR,src-1,Stimulated,1.0,0.9593131822874834,confident binder,0.5210544225752904,0.0017189457498975767
TLMSHR,src-1,Stimulated,1.0,0.8590777378949744,confident binder,0.5210544225752904,0.0017189457498975767
SLFTPI,src-1,Stimulated,,,1,0.5210544225752904,0.0017189457498975767
ALSQVQ,src-1,Stimulated,1.0,0.8806524949375122,confident binder,0.5210544225752904,0.0017189457498975767
PETEVE,src-1,Stimulated,1.0,0.8091528614829496,confident binder,0.5210544225752904,0.0017189457498975767
EVELLD,src-1,Stimulated,1.0,0.9735547704278955,confident binder,0.5210544225752904,0.0017189457498975767
YSETST,src-1,Stimulated,0.0,0.11525050030854533,confident nonbinder,0.5210544225752904,0.0017189457498975767
FEEYAM,src-1,Stimulated,1.0,0.923309041862426,confident binder,0.5210544225752904,0.0017189457498975767
QEESID,src-1,Stimulated,1.0,0.896968412989891,confident binder,0.5210544225752904,0.0017189457498975767
IVSSLC,src-1,Stimulated,1.0,0.9722517070532546,confident binder,0.5210544225752904,0.0017189457498975767
NRKNIL,src-1,Stimulated,1.0,0.9835831583956122,confident binder,0.5210544225752904,0.0017189457498975767
RNWLLQ,src-1,Stimulated,1.0,0.9717256083730661,confident binder,0.5210544225752904,0.0017189457498975767
SKELQQ,src-1,Stimulated,0.0,0.11098071602880044,confident nonbinder,0.5210544225752904,0.0017189457498975767
KVQETS,src-1,Stimulated,0.0,0.2282548543800459,confident nonbinder,0.5210544225752904,0.0017189457498975767
SKDEIF,src-1,Stimulated,1.0,0.9594621482701274,confident binder,0.5210544225752904,0.0017189457498975767
PMQQMA,src-1,Stimulated,1.0,0.9148443097965862,confident binder,0.5210544225752904,0.0017189457498975767
GTEDFV,src-1,Stimulated,1.0,0.7868737260146688,confident binder,0.5210544225752904,0.0017189457498975767
NDVEQD,src-1,Stimulated,0.0,0.2816980577406518,confident nonbinder,0.5210544225752904,0.0017189457498975767
RVAPAS,src-1,Stimulated,0.0,0.1463352847169565,confident nonbinder,0.5210544225752904,0.0017189457498975767
QDEEKT,src-1,Stimulated,0.0,0.24691843652841564,confident nonbinder,0.5210544225752904,0.0017189457498975767
EDMTDL,src-1,Stimulated,0.0,0.17789204563242483,confident nonbinder,0.5210544225752904,0.0017189457498975767
RDVAPT,src-1,Stimulated,0.0,0.37948616414140407,confident nonbinder,0.5210544225752904,0.0017189457498975767
ENVSDG,src-1,Stimulated,0.0,0.013493266445498964,confident nonbinder,0.5210544225752904,0.0017189457498975767
ETDSPA,src-1,Stimulated,1.0,0.7149645050402739,confident binder,0.5210544225752904,0.0017189457498975767
PDEPVE,src-1,Stimulated,0.0,0.3737617041557011,confident nonbinder,0.5210544225752904,0.0017189457498975767
DFLQSV,src-1,Stimulated,1.0,0.7629965142270237,confident binder,0.5210544225752904,0.0017189457498975767
PVAAQQ,src-1,Stimulated,1.0,0.557861354030921,low-confidence,0.5210544225752904,0.0017189457498975767
PPHLLQ,src-1,Stimulated,1.0,0.8059106851296056,confident binder,0.5210544225752904,0.0017189457498975767
QEVASA,src-1,Stimulated,1.0,0.5850459817306551,low-confidence,0.5210544225752904,0.0017189457498975767
NFSNLI,src-1,Stimulated,1.0,0.9824910876618069,confident binder,0.5210544225752904,0.0017189457498975767
REFTFP,src-1,Stimulated,,,1,0.5210544225752904,0.0017189457498975767
SAEVIK,src-1,Stimulated,,,1,0.5210544225752904,0.0017189457498975767
ENGLPQ,src-1,Stimulated,0.0,0.08056037807772945,confident nonbinder,0.5210544225752904,0.0017189457498975767
KMQEIS,src-1,Stimulated,1.0,0.9082025945445021,confident binder,0.5210544225752904,0.0017189457498975767
EQDQVL,src-1,Stimulated,1.0,0.8577851705798383,confident binder,0.5210544225752904,0.0017189457498975767
DEVHDF,src-1,Stimulated,0.0,0.008697814717027737,confident nonbinder,0.5210544225752904,0.0017189457498975767
ELSQLP,src-1,Stimulated,1.0,0.9252014435873516,confident binder,0.5210544225752904,0.0017189457498975767
GQASSR,src-1,Stimulated,0.0,0.09660805810909916,confident nonbinder,0.5210544225752904,0.0017189457498975767
EVDVPP,src-1,Stimulated,1.0,0.8825278081915212,confident binder,0.5210544225752904,0.0017189457498975767
SVDLLP,src-1,Stimulated,1.0,0.9328398896428394,confident binder,0.5210544225752904,0.0017189457498975767
KHDLLS,src-1,Stimulated,1.0,0.8861710190279402,confident binder,0.5210544225752904,0.0017189457498975767
ELNEFP,src-1,Stimulated,1.0,0.7588988784956151,confident binder,0.5210544225752904,0.0017189457498975767
EDNEIF,src-1,Stimulated,1.0,0.9271036284369931,confident binder,0.5210544225752904,0.0017189457498975767
KNDYSE,src-1,Stimulated,0.0,0.012810487719504732,confident nonbinder,0.5210544225752904,0.0017189457498975767
KEIPTV,src-1,Stimulated,0.0,0.19493204255105537,confident nonbinder,0.5210544225752904,0.0017189457498975767
SLSFPE,src-1,Stimulated,1.0,0.8503826718399071,confident binder,0.5210544225752904,0.0017189457498975767
DDYEES,src-1,Stimulated,0.0,0.045735224310371914,confident nonbinder,0.5210544225752904,0.0017189457498975767
AHSSLV,src-1,Stimulated,1.0,0.8966582615098802,confident binder,0.5210544225752904,0.0017189457498975767
SPQELQ,src-1,Stimulated,1.0,0.8426036532617772,confident binder,0.5210544225752904,0.0017189457498975767
EWDAEI,src-1,Stimulated,1.0,0.9322566739124636,confident binder,0.5210544225752904,0.0017189457498975767
RLQAIQ,src-1,Stimulated,1.0,0.8852339402844163,confident binder,0.5210544225752904,0.0017189457498975767
SGLHLL,src-1,Stimulated,0.0,0.13949522541228068,confident nonbinder,0.5210544225752904,0.0017189457498975767
EKAFVN,src-1,Stimulated,1.0,0.8923146035536433,confident binder,0.5210544225752904,0.0017189457498975767
GNHPAT,src-1,Stimulated,0.0,0.01540315233215133,confident nonbinder,0.5210544225752904,0.0017189457498975767
CESYCE,src-1,Stimulated,0.0,0.5430217269976726,low-confidence,0.5210544225752904,0.0017189457498975767
SVGEWV,src-1,Stimulated,1.0,0.9728810484545493,confident binder,0.5210544225752904,0.0017189457498975767
DQAAVT,src-1,Stimulated,1.0,0.8057796495542019,confident binder,0.5210544225752904,0.0017189457498975767
QVQDLE,src-1,Stimulated,1.0,0.9239384074722717,confident binder,0.5210544225752904,0.0017189457498975767
GNSLSS,src-1,Stimulated,0.0,0.0245895060875963,confident nonbinder,0.5210544225752904,0.0017189457498975767
EQESTI,src-1,Stimulated,0.0,0.1433954198287421,confident nonbinder,0.5210544225752904,0.0017189457498975767
SLAQQR,src-1,Stimulated,1.0,0.7856080536078633,confident binder,0.5210544225752904,0.0017189457498975767
ENVPVQ,src-1,Stimulated,0.0,0.5335370475915548,low-confidence,0.5210544225752904,0.0017189457498975767
NVNPSH,src-1,Stimulated,0.0,0.059234799870089686,confident nonbinder,0.5210544225752904,0.0017189457498975767
NGISAA,src-1,Stimulated,1.0,0.8161208479157696,confident binder,0.5210544225752904,0.0017189457498975767
ENRPLA,src-1,Stimulated,0.0,0.004243442474364378,confident nonbinder,0.5210544225752904,0.0017189457498975767
SLYNNA,src-1,Stimulated,1.0,0.902224007133539,confident binder,0.5210544225752904,0.0017189457498975767
VETVNK,src-1,Stimulated,0.0,0.3590825788642288,confident nonbinder,0.5210544225752904,0.0017189457498975767
VDSDSL,src-1,Stimulated,0.0,0.14608999535484227,confident nonbinder,0.5210544225752904,0.0017189457498975767
DSESCD,src-1,Stimulated,0.0,0.1963682887425673,confident nonbinder,0.5210544225752904,0.0017189457498975767
EDEGAP,src-1,Stimulated,0.0,0.07545066810719792,confident nonbinder,0.5210544225752904,0.0017189457498975767
ILEHQL,src-1,Stimulated,0.0,0.12212111892625806,confident nonbinder,0.5210544225752904,0.0017189457498975767
SFEPHQ,src-1,Stimulated,0.0,0.2908860723692757,confident nonbinder,0.5210544225752904,0.0017189457498975767
EPGLED,src-1,Stimulated,0.0,0.0061210545152988365,confident nonbinder,0.5210544225752904,0.0017189457498975767
SDHTLP,src-1,Stimulated,1.0,0.7207243784104155,confident binder,0.5210544225752904,0.0017189457498975767
QLAAQA,src-1,Stimulated,1.0,0.8788033614467359,confident binder,0.5210544225752904,0.0017189457498975767
QEEACF,src-1,Stimulated,1.0,0.8851218128158564,confident binder,0.5210544225752904,0.0017189457498975767
ANDVLE,src-1,Stimulated,1.0,0.8860048517427057,confident binder,0.5210544225752904,0.0017189457498975767
SLGTEE,src-1,Stimulated,0.0,0.035624236601810216,confident nonbinder,0.5210544225752904,0.0017189457498975767
TLDVPR,src-1,Stimulated,1.0,0.9727896842016257,confident binder,0.5210544225752904,0.0017189457498975767
LLSIDA,src-1,Stimulated,1.0,0.8433212786342844,confident binder,0.5210544225752904,0.0017189457498975767
TDVASG,src-1,Stimulated,0.0,0.09288705650787116,confident nonbinder,0.5210544225752904,0.0017189457498975767
RTEQME,src-1,Stimulated,1.0,0.5774490979893158,low-confidence,0.5210544225752904,0.0017189457498975767
VHGEVT,src-1,Stimulated,1.0,0.5546041157513057,low-confidence,0.5210544225752904,0.0017189457498975767
LGIPLM,src-1,Stimulated,1.0,0.8832995291505213,confident binder,0.5210544225752904,0.0017189457498975767
LIDFIE,src-1,Stimulated,1.0,0.9398126113217435,confident binder,0.5210544225752904,0.0017189457498975767
SASSST,src-1,Stimulated,0.0,0.029333626749437142,confident nonbinder,0.5210544225752904,0.0017189457498975767
KEDTPE,src-1,Stimulated,0.0,0.31854380292807116,confident nonbinder,0.5210544225752904,0.0017189457498975767
DLGKVD,src-1,Stimulated,1.0,0.5582302898395703,low-confidence,0.5210544225752904,0.0017189457498975767
PELEQP,src-1,Stimulated,0.0,0.5113519276015399,low-confidence,0.5210544225752904,0.0017189457498975767
TVALKD,src-1,Stimulated,1.0,0.8071337626394773,confident binder,0.5210544225752904,0.0017189457498975767
SDAAAQ,src-1,Stimulated,0.0,0.2493774282777808,confident nonbinder,0.5210544225752904,0.0017189457498975767
GPSSVP,src-1,Stimulated,0.0,0.49386374599831034,low-confidence,0.5210544225752904,0.0017189457498975767
QDSEEC,src-1,Stimulated,1.0,0.9608835720893809,confident binder,0.5210544225752904,0.0017189457498975767
GHCQLQ,src-1,Stimulated,1.0,0.9195414191020101,confident binder,0.5210544225752904,0.0017189457498975767
ATVPVA,src-1,Stimulated,1.0,0.8213453335879404,confident binder,0.5210544225752904,0.0017189457498975767
PAGTLT,src-1,Stimulated,0.0,0.4921852733334972,low-confidence,0.5210544225752904,0.0017189457498975767
DLATIT,src-1,Stimulated,1.0,0.9535897594854283,confident binder,0.5210544225752904,0.0017189457498975767
IPELPS,src-1,Stimulated,1.0,0.7216423192755388,confident binder,0.5210544225752904,0.0017189457498975767
QAFTLP,src-1,Stimulated,1.0,0.891213465213257,confident binder,0.5210544225752904,0.0017189457498975767
EENETD,src-1,Stimulated,0.0,0.03556542926482302,confident nonbinder,0.5210544225752904,0.0017189457498975767
KISFNS,src-1,Stimulated,0.0,0.21293987533885905,confident nonbinder,0.5210544225752904,0.0017189457498975767
YDEIER,src-1,Stimulated,0.0,0.2101473410526246,confident nonbinder,0.5210544225752904,0.0017189457498975767
ATVNSQ,src-1,Stimulated,1.0,0.7703083304431667,confident binder,0.5210544225752904,0.0017189457498975767
ASFNSK,src-1,Stimulated,1.0,0.6459128156202263,confident binder,0.5210544225752904,0.0017189457498975767
EDSPWA,src-1,Stimulated,1.0,0.9876505948786434,confident binder,0.5210544225752904,0.0017189457498975767
ATINLK,src-1,Stimulated,1.0,0.9892968578689407,confident binder,0.5210544225752904,0.0017189457498975767
STSLSS,src-1,Stimulated,0.0,0.08010420250280215,confident nonbinder,0.5210544225752904,0.0017189457498975767
PTTSSL,src-1,Stimulated,0.0,0.19585559935502325,confident nonbinder,0.5210544225752904,0.0017189457498975767
LIEETR,src-1,Stimulated,1.0,0.8797319729224415,confident binder,0.5210544225752904,0.0017189457498975767
PQGWQG,src-1,Stimulated,1.0,0.6366128058379136,confident binder,0.5210544225752904,0.0017189457498975767
DSVDGS,src-1,Stimulated,0.0,0.08484834345115617,confident nonbinder,0.5210544225752904,0.0017189457498975767
RAADSY,src-1,Stimulated,0.0,0.0986466304394363,confident nonbinder,0.5210544225752904,0.0017189457498975767
VLYMEK,src-1,Stimulated,1.0,0.7604221375089883,confident binder,0.5210544225752904,0.0017189457498975767
ALSSNL,src-1,Stimulated,1.0,0.5787023791398961,low-confidence,0.5210544225752904,0.0017189457498975767
EDIPYP,src-1,Stimulated,0.0,0.37777278951222165,confident nonbinder,0.5210544225752904,0.0017189457498975767
GVSAAN,src-1,Stimulated,0.0,0.4131113578132948,low-confidence,0.5210544225752904,0.0017189457498975767
ADLEST,src-1,Stimulated,0.0,0.372781277589018,confident nonbinder,0.5210544225752904,0.0017189457498975767
SFNNSY,src-1,Stimulated,0.0,0.5316750775380625,low-confidence,0.5210544225752904,0.0017189457498975767
AAASTK,src-1,Stimulated,0.0,0.3858113465553386,confident nonbinder,0.5210544225752904,0.0017189457498975767
GFSLPK,src-1,Stimulated,1.0,0.9008486027542639,confident binder,0.5210544225752904,0.0017189457498975767
GLCNQL,src-1,Stimulated,1.0,0.9463447256325178,confident binder,0.5210544225752904,0.0017189457498975767
KLVSSE,src-1,Stimulated,0.0,0.38248090636216864,confident nonbinder,0.5210544225752904,0.0017189457498975767
NSSISV,src-1,Stimulated,0.0,0.24099344526159072,confident nonbinder,0.5210544225752904,0.0017189457498975767
PINEPD,src-1,Stimulated,1.0,0.5900450210079946,low-confidence,0.5210544225752904,0.0017189457498975767
ATARPP,src-1,Stimulated,1.0,0.9385680474167675,confident binder,0.5210544225752904,0.0017189457498975767
YLVDKN,src-1,Stimulated,1.0,0.8515718346226536,confident binder,0.5210544225752904,0.0017189457498975767
EVTIPV,src-1,Stimulated,1.0,0.910419378312446,confident binder,0.5210544225752904,0.0017189457498975767
NPTDVR,src-1,Stimulated,,,1,0.5210544225752904,0.0017189457498975767
AETNSP,src-1,Stimulated,0.0,0.40944888983185157,low-confidence,0.5210544225752904,0.0017189457498975767
VFEDWG,src-1,Stimulated,1.0,0.9871806322764787,confident binder,0.5210544225752904,0.0017189457498975767
PDNNEL,src-1,Stimulated,0.0,0.14569012681918764,confident nonbinder,0.5210544225752904,0.0017189457498975767
KLDLPD,src-1,Stimulated,1.0,0.811412958465138,confident binder,0.5210544225752904,0.0017189457498975767
SHSGVS,src-1,Stimulated,0.0,0.43249527496003004,low-confidence,0.5210544225752904,0.0017189457498975767
EEFMFP,src-1,Stimulated,1.0,0.7916557460800155,confident binder,0.5210544225752904,0.0017189457498975767
GISVSG,src-1,Stimulated,0.0,0.14328956551149416,confident nonbinder,0.5210544225752904,0.0017189457498975767
PHSAFG,src-1,Stimulated,0.0,0.3750255573590525,confident nonbinder,0.5210544225752904,0.0017189457498975767
DSASGE,src-1,Stimulated,0.0,0.04234191068497813,confident nonbinder,0.5210544225752904,0.0017189457498975767
DDEAAS,src-1,Stimulated,0.0,0.21018850541782869,confident nonbinder,0.5210544225752904,0.0017189457498975767
KQAENY,src-1,Stimulated,0.0,0.14271574216400718,confident nonbinder,0.5210544225752904,0.0017189457498975767
NIVEVE,src-1,Stimulated,1.0,0.9378778916060244,confident binder,0.5210544225752904,0.0017189457498975767
RNMPLA,src-1,Stimulated,0.0,0.5163277537524761,low-confidence,0.5210544225752904,0.0017189457498975767
KLELHA,src-1,Stimulated,1.0,0.8952129728009851,confident binder,0.5210544225752904,0.0017189457498975767
GHATQL,src-1,Stimulated,1.0,0.5984200268996733,low-confidence,0.5210544225752904,0.0017189457498975767
ALVACQ,src-1,Stimulated,1.0,0.8235403832862315,confident binder,0.5210544225752904,0.0017189457498975767
RTSLGS,src-1,Stimulated,,,0,0.5210544225752904,0.0017189457498975767
HDEEIL,src-1,Stimulated,,,1,0.5210544225752904,0.0017189457498975767
PMTGPE,src-1,Stimulated,0.0,0.4058692325179004,low-confidence,0.5210544225752904,0.0017189457498975767
VHWEYG,src-1,Stimulated,1.0,0.9677304110188829,confident binder,0.5210544225752904,0.0017189457498975767
EVQQQQ,src-1,Stimulated,0.0,0.2793925569826181,confident nonbinder,0.5210544225752904,0.0017189457498975767
GAEDVA,src-1,Stimulated,1.0,0.9007681638433747,confident binder,0.5210544225752904,0.0017189457498975767
EGMGFS,src-1,Stimulated,0.0,0.36995495989459737,confident nonbinder,0.5210544225752904,0.0017189457498975767
VKEAPQ,src-1,Stimulated,1.0,0.588811575434942,low-confidence,0.5210544225752904,0.0017189457498975767
QVEFPD,src-1,Stimulated,1.0,0.9304604577678797,confident binder,0.5210544225752904,0.0017189457498975767
GEDVTM,src-1,Stimulated,0.0,0.30797375658009,confident nonbinder,0.5210544225752904,0.0017189457498975767
VDRDYD,src-1,Stimulated,0.0,0.0011672429958557672,confident nonbinder,0.5210544225752904,0.0017189457498975767
TTSCVG,src-1,Stimulated,1.0,0.7426797564719994,confident binder,0.5210544225752904,0.0017189457498975767
QNLAVD,src-1,Stimulated,1.0,0.8823405994880963,confident binder,0.5210544225752904,0.0017189457498975767
LLGVLD,src-1,Stimulated,1.0,0.8649205903549781,confident binder,0.5210544225752904,0.0017189457498975767
AQSTAG,src-1,Stimulated,0.0,0.10112631910715253,confident nonbinder,0.5210544225752904,0.0017189457498975767
DNDSSS,src-1,Stimulated,0.0,0.010639854991556919,confident nonbinder,0.5210544225752904,0.0017189457498975767
IHSPTN,src-1,Stimulated,0.0,0.043143565846141804,confident nonbinder,0.5210544225752904,0.0017189457498975767
NNIQTL,src-1,Stimulated,0.0,0.531952661039287,low-confidence,0.5210544225752904,0.0017189457498975767
GVAVPP,src-1,Stimulated,1.0,0.9009909569788901,confident binder,0.5210544225752904,0.0017189457498975767
PPEISV,src-1,Stimulated,0.0,0.39671418344989245,confident nonbinder,0.5210544225752904,0.0017189457498975767
TVQEPI,src-1,Stimulated,1.0,0.9287623072951391,confident binder,0.5210544225752904,0.0017189457498975767
RNLGGF,src-1,Stimulated,0.0,0.12001496423908237,confident nonbinder,0.5210544225752904,0.0017189457498975767
KGIWTH,src-1,Stimulated,1.0,0.9553052324361827,confident binder,0.5210544225752904,0.0017189457498975767
KLEDSD,src-1,Stimulated,0.0,0.2069498939457559,confident nonbinder,0.5210544225752904,0.0017189457498975767
GDEFLK,src-1,Stimulated,1.0,0.9579610557467629,confident binder,0.5210544225752904,0.0017189457498975767
TPVETL,src-1,Stimulated,1.0,0.6631151478711501,confident binder,0.5210544225752904,0.0017189457498975767
AAYPPS,src-1,Stimulated,0.0,0.3878521128341606,confident nonbinder,0.5210544225752904,0.0017189457498975767
ACGELG,src-1,Stimulated,0.0,0.5228722994853697,low-confidence,0.5210544225752904,0.0017189457498975767
KTDLLF,src-1,Stimulated,1.0,0.9565314664588386,confident binder,0.5210544225752904,0.0017189457498975767
QDHLDE,src-1,Stimulated,0.0,0.02446458817302326,confident nonbinder,0.5210544225752904,0.0017189457498975767
EFAEQK,src-1,Stimulated,1.0,0.8562340697107748,confident binder,0.5210544225752904,0.0017189457498975767
SDANFK,src-1,Stimulated,1.0,0.9460593746657305,confident binder,0.5210544225752904,0.0017189457498975767
ETEQEK,src-1,Stimulated,0.0,0.1562079939743969,confident nonbinder,0.5210544225752904,0.0017189457498975767
SAQSIT,src-1,Stimulated,1.0,0.7691501665531494,confident binder,0.5210544225752904,0.0017189457498975767
EQNEQY,src-1,Stimulated,0.0,0.06049686772005377,confident nonbinder,0.5210544225752904,0.0017189457498975767
DPSTGH,src-1,Stimulated,0.0,0.06898990188655214,confident nonbinder,0.5210544225752904,0.0017189457498975767
TVCNVH,src-1,Stimulated,1.0,0.9775409055706451,confident binder,0.5210544225752904,0.0017189457498975767
NQSWGE,src-1,Stimulated,1.0,0.9066879391811112,confident binder,0.5210544225752904,0.0017189457498975767
RPHTTD,src-1,Stimulated,0.0,0.013940225891598847,confident nonbinder,0.5210544225752904,0.0017189457498975767
GGVVLG,src-1,Stimulated,1.0,0.8392567939404945,confident binder,0.5210544225752904,0.0017189457498975767
HVETVD,src-1,Stimulated,1.0,0.9440781891832083,confident binder,0.5210544225752904,0.0017189457498975767
PVGIYY,src-1,Stimulated,1.0,0.5647595326326407,low-confidence,0.5210544225752904,0.0017189457498975767
TTGESN,src-1,Stimulated,0.0,0.02239270038806352,confident nonbinder,0.5210544225752904,0.0017189457498975767
DEETSG,src-1,Stimulated,0.0,0.039334733419839805,confident nonbinder,0.5210544225752904,0.0017189457498975767
GSTLEE,src-1,Stimulated,0.0,0.035652033439063126,confident nonbinder,0.5210544225752904,0.0017189457498975767
ELCLEH,src-1,Stimulated,1.0,0.7838699377074524,confident binder,0.5210544225752904,0.0017189457498975767
PLLEIR,src-1,Stimulated,1.0,0.9742946527886015,confident binder,0.5210544225752904,0.0017189457498975767
SGGVPG,src-1,Stimulated,0.0,0.09294674314535431,confident nonbinder,0.5210544225752904,0.0017189457498975767
DYENPA,src-1,Stimulated,1.0,0.9923499766357415,confident binder,0.5210544225752904,0.0017189457498975767
SAQTID,src-1,Stimulated,1.0,0.8577865914949643,confident binder,0.5210544225752904,0.0017189457498975767
EDEEDT,src-1,Stimulated,0.0,0.030149344757678442,confident nonbinder,0.5210544225752904,0.0017189457498975767
VQLIPP,src-1,Stimulated,1.0,0.8495120495180332,confident binder,0.5210544225752904,0.0017189457498975767
LSLSSL,src-1,Stimulated,1.0,0.7292772159505706,confident binder,0.5210544225752904,0.0017189457498975767
INIKDD,src-1,Stimulated,0.0,0.11858316924535899,confident nonbinder,0.5210544225752904,0.0017189457498975767
KGNDDY,src-1,Stimulated,0.0,0.010032444847548653,confident nonbinder,0.5210544225752904,0.0017189457498975767
PAGLSR,src-1,Stimulated,0.0,0.04438018517327752,confident nonbinder,0.5210544225752904,0.0017189457498975767
LLEIQN,src-1,Stimulated,1.0,0.8520135985389254,confident binder,0.5210544225752904,0.0017189457498975767
EQLTLS,src-1,Stimulated,1.0,0.9445062283314959,confident binder,0.5210544225752904,0.0017189457498975767
EDQIVD,src-1,Stimulated,1.0,0.6840068738589044,confident binder,0.5210544225752904,0.0017189457498975767
VAVETK,src-1,Stimulated,1.0,0.673720683022097,confident binder,0.5210544225752904,0.0017189457498975767
FDNEEE,src-1,Stimulated,0.0,0.060368162401218776,confident nonbinder,0.5210544225752904,0.0017189457498975767
KFDPPP,src-1,Stimulated,0.0,0.30860629722169314,confident nonbinder,0.5210544225752904,0.0017189457498975767
SAAQNY,src-1,Stimulated,0.0,0.24232792030548445,confident nonbinder,0.5210544225752904,0.0017189457498975767
PPQEPR,src-1,Stimulated,1.0,0.7505457727850485,confident binder,0.5210544225752904,0.0017189457498975767
VAQDPS,src-1,Stimulated,0.0,0.5477393549341134,low-confidence,0.5210544225752904,0.0017189457498975767
AEGGWY,src-1,Stimulated,1.0,0.9642416643399855,confident binder,0.5210544225752904,0.0017189457498975767
TQTQAQ,src-1,Stimulated,0.0,0.23311932893821463,confident nonbinder,0.5210544225752904,0.0017189457498975767
GFDKDS,src-1,Stimulated,0.0,0.05502816802068202,confident nonbinder,0.5210544225752904,0.0017189457498975767
NESNIE,src-1,Stimulated,,,1,0.5210544225752904,0.0017189457498975767
DLERLE,src-1,Stimulated,1.0,0.9806903511978008,confident binder,0.5210544225752904,0.0017189457498975767
GCEAVC,src-1,Stimulated,1.0,0.9924995680098263,confident binder,0.5210544225752904,0.0017189457498975767
GQGEVY,src-1,Stimulated,0.0,0.4752661534206363,low-confidence,0.5210544225752904,0.0017189457498975767
QTTYDS,src-1,Stimulated,0.0,0.054805309270649305,confident nonbinder,0.5210544225752904,0.0017189457498975767
FLEKLD,src-1,Stimulated,1.0,0.9800175036327484,confident binder,0.5210544225752904,0.0017189457498975767
EKIDQE,src-1,Stimulated,0.0,0.1840784556117366,confident nonbinder,0.5210544225752904,0.0017189457498975767
KAENAV,src-1,Stimulated,1.0,0.896040904509759,confident binder,0.5210544225752904,0.0017189457498975767
SDEELI,src-1,Stimulated,1.0,0.95302668502203,confident binder,0.5210544225752904,0.0017189457498975767
LQTNPQ,src-1,Stimulated,1.0,0.9274155677283156,confident binder,0.5210544225752904,0.0017189457498975767
QDDQLP,src-1,Stimulated,1.0,0.7606813201698004,confident binder,0.5210544225752904,0.0017189457498975767
VQTEVQ,src-1,Stimulated,1.0,0.8057780713064872,confident binder,0.5210544225752904,0.0017189457498975767
DDETAE,src-1,Stimulated,0.0,0.2361012131865123,confident nonbinder,0.5210544225752904,0.0017189457498975767
ADEEIL,src-1,Stimulated,1.0,0.9778087205660311,confident binder,0.5210544225752904,0.0017189457498975767
GNLFNF,src-1,Stimulated,1.0,0.6590753415854519,confident binder,0.5210544225752904,0.0017189457498975767
QEEEQF,src-1,Stimulated,1.0,0.6945122490906365,confident binder,0.5210544225752904,0.0017189457498975767
GLSSEN,src-1,Stimulated,0.0,0.10136452261243582,confident nonbinder,0.5210544225752904,0.0017189457498975767
EIHNIN,src-1,Stimulated,1.0,0.9685536822019574,confident binder,0.5210544225752904,0.0017189457498975767
RRVQPP,src-1,Stimulated,0.0,0.4057030077723565,low-confidence,0.5210544225752904,0.0017189457498975767
DEEDEI,src-1,Stimulated,0.0,0.13448716921962042,confident nonbinder,0.5210544225752904,0.0017189457498975767
RLSALA,src-1,Stimulated,1.0,0.9203403147689829,confident binder,0.5210544225752904,0.0017189457498975767
IPQPMP,src-1,Stimulated,0.0,0.3189898333484187,confident nonbinder,0.5210544225752904,0.0017189457498975767
QTESDG,src-1,Stimulated,0.0,0.015364449580162216,confident nonbinder,0.5210544225752904,0.0017189457498975767
KNGQLD,src-1,Stimulated,0.0,0.2149836587290465,confident nonbinder,0.5210544225752904,0.0017189457498975767
EDSIEI,src-1,Stimulated,0.0,0.1618461061492292,confident nonbinder,0.5210544225752904,0.0017189457498975767
VNEKEE,src-1,Stimulated,0.0,0.04420656494051922,confident nonbinder,0.5210544225752904,0.0017189457498975767
RVEEFT,src-1,Stimulated,1.0,0.7694861633769465,confident binder,0.5210544225752904,0.0017189457498975767
TRSSSF,src-1,Stimulated,0.0,0.1860022979870976,confident nonbinder,0.5210544225752904,0.0017189457498975767
QLQEAA,src-1,Stimulated,1.0,0.9191612574164344,confident binder,0.5210544225752904,0.0017189457498975767
TPDYSQ,src-1,Stimulated,0.0,0.05405733511666878,confident nonbinder,0.5210544225752904,0.0017189457498975767
QTGAAA,src-1,Stimulated,0.0,0.1832933094516194,confident nonbinder,0.5210544225752904,0.0017189457498975767
VSVRPA,src-1,Stimulated,1.0,0.9394343338577276,confident binder,0.5210544225752904,0.0017189457498975767
PATPEL,src-1,Stimulated,0.0,0.10749240601956471,confident nonbinder,0.5210544225752904,0.0017189457498975767
FGSVGL,src-1,Stimulated,1.0,0.7916183951885265,confident binder,0.5210544225752904,0.0017189457498975767
GPAQPS,src-1,Stimulated,0.0,0.5481462847725713,low-confidence,0.5210544225752904,0.0017189457498975767
TQQDTS,src-1,Stimulated,0.0,0.04863505865334027,confident nonbinder,0.5210544225752904,0.0017189457498975767
CIEKPR,src-1,Stimulated,,,1,0.5210544225752904,0.0017189457498975767
PHQNIK,src-1,Stimulated,1.0,0.981989511284041,confident binder,0.5210544225752904,0.0017189457498975767
HDDNRR,src-1,Stimulated,0.0,0.31818041364872907,confident nonbinder,0.5210544225752904,0.0017189457498975767
KEQEPE,src-1,Stimulated,0.0,0.3630658728448737,confident nonbinder,0.5210544225752904,0.0017189457498975767
NRRDVS,src-1,Stimulated,0.0,0.008580172292991864,confident nonbinder,0.5210544225752904,0.0017189457498975767
QGTASV,src-1,Stimulated,0.0,0.2673370729599819,confident nonbinder,0.5210544225752904,0.0017189457498975767
VHHLPV,src-1,Stimulated,1.0,0.8071695024544772,confident binder,0.5210544225752904,0.0017189457498975767
EEDRLR,src-1,Stimulated,1.0,0.9511256004947826,confident binder,0.5210544225752904,0.0017189457498975767
YIDEFL,src-1,Stimulated,1.0,0.8684729442744683,confident binder,0.5210544225752904,0.0017189457498975767
LILVPE,src-1,Stimulated,1.0,0.9508600577705653,confident binder,0.5210544225752904,0.0017189457498975767
RLAVVT,src-1,Stimulated,1.0,0.9029414100411516,confident binder,0.5210544225752904,0.0017189457498975767
PMDIIR,src-1,Stimulated,,,1,0.5210544225752904,0.0017189457498975767
PLDDAL,src-1,Stimulated,1.0,0.8130779796846266,confident binder,0.5210544225752904,0.0017189457498975767
LEEDHK,src-1,Stimulated,1.0,0.7812562990103592,confident binder,0.5210544225752904,0.0017189457498975767
GLQGAG,src-1,Stimulated,0.0,0.1143102400064196,confident nonbinder,0.5210544225752904,0.0017189457498975767
DFSKPA,src-1,Stimulated,1.0,0.8852864865485301,confident binder,0.5210544225752904,0.0017189457498975767
PDGAAS,src-1,Stimulated,0.0,0.020386246399819237,confident nonbinder,0.5210544225752904,0.0017189457498975767
LEALPQ,src-1,Stimulated,1.0,0.9076629180249546,confident binder,0.5210544225752904,0.0017189457498975767
SVAGAG,src-1,Stimulated,0.0,0.17447015136953958,confident nonbinder,0.5210544225752904,0.0017189457498975767
SNTLPA,src-1,Stimulated,1.0,0.6769666367457969,confident binder,0.5210544225752904,0.0017189457498975767
NDIDNP,src-1,Stimulated,0.0,0.15830728538314195,confident nonbinder,0.5210544225752904,0.0017189457498975767
KDAFVH,src-1,Stimulated,1.0,0.8935441675606796,confident binder,0.5210544225752904,0.0017189457498975767
SPEGVL,src-1,Stimulated,1.0,0.7496061246254753,confident binder,0.5210544225752904,0.0017189457498975767
HLEESP,src-1,Stimulated,1.0,0.597393902782808,low-confidence,0.5210544225752904,0.0017189457498975767
NPEPAV,src-1,Stimulated,0.0,0.2900994117401671,confident nonbinder,0.5210544225752904,0.0017189457498975767
DSAQNA,src-1,Stimulated,0.0,0.1787046213259555,confident nonbinder,0.5210544225752904,0.0017189457498975767
KTSSTS,src-1,Stimulated,0.0,0.022221640969249962,confident nonbinder,0.5210544225752904,0.0017189457498975767
LSASTG,src-1,Stimulated,0.0,0.11458961555957103,confident nonbinder,0.5210544225752904,0.0017189457498975767
PQQSPQ,src-1,Stimulated,0.0,0.21482151114782713,confident nonbinder,0.5210544225752904,0.0017189457498975767
DLLKPI,src-1,Stimulated,1.0,0.9423190386979302,confident binder,0.5210544225752904,0.0017189457498975767
AKQYGG,src-1,Stimulated,0.0,0.021726149582064775,confident nonbinder,0.5210544225752904,0.0017189457498975767
SVGYGV,src-1,Stimulated,0.0,0.11502005639243482,confident nonbinder,0.5210544225752904,0.0017189457498975767
LSASLD,src-1,Stimulated,1.0,0.8718012133308073,confident binder,0.5210544225752904,0.0017189457498975767
SSSAAD,src-1,Stimulated,0.0,0.08139058381408372,confident nonbinder,0.5210544225752904,0.0017189457498975767
DLQLIS,src-1,Stimulated,1.0,0.9591597463815755,confident binder,0.5210544225752904,0.0017189457498975767
FPHLIK,src-1,Stimulated,1.0,0.9533358825069029,confident binder,0.5210544225752904,0.0017189457498975767
LQEEEK,src-1,Stimulated,0.0,0.35571708801012225,confident nonbinder,0.5210544225752904,0.0017189457498975767
TDGYTQ,src-1,Stimulated,0.0,0.008331302507879274,confident nonbinder,0.5210544225752904,0.0017189457498975767
GAMQPG,src-1,Stimulated,0.0,0.3700214217043011,confident nonbinder,0.5210544225752904,0.0017189457498975767
KNVVVL,src-1,Stimulated,1.0,0.9062024098577753,confident binder,0.5210544225752904,0.0017189457498975767
GDQDPF,src-1,Stimulated,1.0,0.6842337693359098,confident binder,0.5210544225752904,0.0017189457498975767
QNASVC,src-1,Stimulated,1.0,0.9936693895761364,confident binder,0.5210544225752904,0.0017189457498975767
IYGSLE,src-1,Stimulated,1.0,0.5737242178800241,low-confidence,0.5210544225752904,0.0017189457498975767
RLHSLG,src-1,Stimulated,1.0,0.5980626993130328,low-confidence,0.5210544225752904,0.0017189457498975767
EQLLAK,src-1,Stimulated,1.0,0.8413250240220567,confident binder,0.5210544225752904,0.0017189457498975767
EIEQEY,src-1,Stimulated,0.0,0.41847926172583966,low-confidence,0.5210544225752904,0.0017189457498975767
TDTTPS,src-1,Stimulated,0.0,0.48503690785328046,low-confidence,0.5210544225752904,0.0017189457498975767
HQQFLE,src-1,Stimulated,1.0,0.8448233551212481,confident binder,0.5210544225752904,0.0017189457498975767
SMQIKY,src-1,Stimulated,1.0,0.5747694047714428,low-confidence,0.5210544225752904,0.0017189457498975767
QADNLS,src-1,Stimulated,1.0,0.9677589660056997,confident binder,0.5210544225752904,0.0017189457498975767
NHYEPK,src-1,Stimulated,1.0,0.9264415227449834,confident binder,0.5210544225752904,0.0017189457498975767
TVSEVQ,src-1,Stimulated,1.0,0.8984619857239378,confident binder,0.5210544225752904,0.0017189457498975767
DYEESY,src-1,Stimulated,0.0,0.5291541192904433,low-confidence,0.5210544225752904,0.0017189457498975767
TFTPQN,src-1,Stimulated,0.0,0.195581973485253,confident nonbinder,0.5210544225752904,0.0017189457498975767
LAEYER,src-1,Stimulated,0.0,0.5141761986048369,low-confidence,0.5210544225752904,0.0017189457498975767
SLNAVT,src-1,Stimulated,1.0,0.7346722846645285,confident binder,0.5210544225752904,0.0017189457498975767
GHTVSY,src-1,Stimulated,0.0,0.27811520450471405,confident nonbinder,0.5210544225752904,0.0017189457498975767
SNWNST,src-1,Stimulated,1.0,0.969145924903807,confident binder,0.5210544225752904,0.0017189457498975767
SSGLDS,src-1,Stimulated,0.0,0.005564347640509148,confident nonbinder,0.5210544225752904,0.0017189457498975767
APGEYG,src-1,Stimulated,0.0,0.10752750862493642,confident nonbinder,0.5210544225752904,0.0017189457498975767
RKVLAD,src-1,Stimulated,0.0,0.2373237723400949,confident nonbinder,0.5210544225752904,0.0017189457498975767
EQKLVE,src-1,Stimulated,1.0,0.6371293599488621,confident binder,0.5210544225752904,0.0017189457498975767
AETGPK,src-1,Stimulated,0.0,0.5494466536095112,low-confidence,0.5210544225752904,0.0017189457498975767
WGWGSW,src-1,Stimulated,0.0,0.4436613318357815,low-confidence,0.5210544225752904,0.0017189457498975767
TISEAD,src-1,Stimulated,1.0,0.5747897170223694,low-confidence,0.5210544225752904,0.0017189457498975767
MGMDPR,src-1,Stimulated,1.0,0.8013212541708558,confident binder,0.5210544225752904,0.0017189457498975767
AISGYI,src-1,Stimulated,1.0,0.5988757058995202,low-confidence,0.5210544225752904,0.0017189457498975767
NVNPSE,src-1,Stimulated,0.0,0.02175542701363495,confident nonbinder,0.5210544225752904,0.0017189457498975767
NDEAES,src-1,Stimulated,0.0,0.04967284015788087,confident nonbinder,0.5210544225752904,0.0017189457498975767
PTATAM,src-1,Stimulated,1.0,0.8187994653544968,confident binder,0.5210544225752904,0.0017189457498975767
ESEVSL,src-1,Stimulated,0.0,0.38819389492931733,confident nonbinder,0.5210544225752904,0.0017189457498975767
EIEEFL,src-1,Stimulated,1.0,0.9398753951706327,confident binder,0.5210544225752904,0.0017189457498975767
GLNDSE,src-1,Stimulated,0.0,0.06058122719976674,confident nonbinder,0.5210544225752904,0.0017189457498975767
EHSGGE,src-1,Stimulated,0.0,0.015751700797228357,confident nonbinder,0.5210544225752904,0.0017189457498975767
ELLDAN,src-1,Stimulated,1.0,0.8855268969374744,confident binder,0.5210544225752904,0.0017189457498975767
VHYEQT,src-1,Stimulated,0.0,0.4443362773423813,low-confidence,0.5210544225752904,0.0017189457498975767
EEADFK,src-1,Stimulated,1.0,0.8722990462440721,confident binder,0.5210544225752904,0.0017189457498975767
EMRDPF,src-1,Stimulated,0.0,0.018159289349862096,confident nonbinder,0.5210544225752904,0.0017189457498975767
EDETAL,src-1,Stimulated,1.0,0.6381942386181804,confident binder,0.5210544225752904,0.0017189457498975767
QPQALK,src-1,Stimulated,1.0,0.9280710437699066,confident binder,0.5210544225752904,0.0017189457498975767
VIDVSH,src-1,Stimulated,1.0,0.6177414347930628,confident binder,0.5210544225752904,0.0017189457498975767
GVGQES,src-1,Stimulated,0.0,0.01610356439493504,confident nonbinder,0.5210544225752904,0.0017189457498975767
NADNLA,src-1,Stimulated,1.0,0.9891034821307176,confident binder,0.5210544225752904,0.0017189457498975767
SIDEMQ,src-1,Stimulated,1.0,0.8869434421669121,confident binder,0.5210544225752904,0.0017189457498975767
RLEWIS,src-1,Stimulated,1.0,0.9920699250653441,confident binder,0.5210544225752904,0.0017189457498975767
AQQALE,src-1,Stimulated,1.0,0.8528411430200425,confident binder,0.5210544225752904,0.0017189457498975767
SGVSAY,src-1,Stimulated,1.0,0.5730484548332917,low-confidence,0.5210544225752904,0.0017189457498975767
PFALPS,src-1,Stimulated,1.0,0.9172471377179823,confident binder,0.5210544225752904,0.0017189457498975767
FSAYQK,src-1,Stimulated,1.0,0.7227373987348392,confident binder,0.5210544225752904,0.0017189457498975767
AIDKLD,src-1,Stimulated,1.0,0.8915484000026389,confident binder,0.5210544225752904,0.0017189457498975767
KNEGTC,src-1,Stimulated,1.0,0.9144273705580866,confident binder,0.5210544225752904,0.0017189457498975767
PAEPLD,src-1,Stimulated,1.0,0.6794631577886533,confident binder,0.5210544225752904,0.0017189457498975767
EQDPFA,src-1,Stimulated,0.0,0.35944295420916794,confident nonbinder,0.5210544225752904,0.0017189457498975767
GGSMNF,src-1,Stimulated,0.0,0.4388164247338203,low-confidence,0.5210544225752904,0.0017189457498975767
ELIQQD,src-1,Stimulated,1.0,0.7303471051020552,confident binder,0.5210544225752904,0.0017189457498975767
VVSATK,src-1,Stimulated,0.0,0.5,low-confidence,0.5210544225752904,0.0017189457498975767
PGGCAA,src-1,Stimulated,0.0,0.24531944631709104,confident nonbinder,0.5210544225752904,0.0017189457498975767
GPVLGP,src-1,Stimulated,0.0,0.24887090443189333,confident nonbinder,0.5210544225752904,0.0017189457498975767
QLEIHG,src-1,Stimulated,1.0,0.7345412737593956,confident binder,0.5210544225752904,0.0017189457498975767
SLLETR,src-1,Stimulated,1.0,0.89516443181926,confident binder,0.5210544225752904,0.0017189457498975767
SIAENS,src-1,Stimulated,0.0,0.3795652363593363,confident nonbinder,0.5210544225752904,0.0017189457498975767
PSSSTM,src-1,Stimulated,0.0,0.08587230462755487,confident nonbinder,0.5210544225752904,0.0017189457498975767
TDDFAP,src-1,Stimulated,0.0,0.2883073709903348,confident nonbinder,0.5210544225752904,0.0017189457498975767
GLDGPV,src-1,Stimulated,1.0,0.6758007957319541,confident binder,0.5210544225752904,0.0017189457498975767
PSDLVL,src-1,Stimulated,1.0,0.8777912280898236,confident binder,0.5210544225752904,0.0017189457498975767
DDSPRE,src-1,Stimulated,0.0,0.004333872077176432,confident nonbinder,0.5210544225752904,0.0017189457498975767
DLTQNV,src-1,Stimulated,0.0,0.5,low-confidence,0.5210544225752904,0.0017189457498975767
DGVKPQ,src-1,Stimulated,1.0,0.7696587752855164,confident binder,0.5210544225752904,0.0017189457498975767
EWNIDF,src-1,Stimulated,1.0,0.8597425650094369,confident binder,0.5210544225752904,0.0017189457498975767
KLANMF,src-1,Stimulated,1.0,0.9840382248702924,confident binder,0.5210544225752904,0.0017189457498975767
EEVAEK,src-1,Stimulated,0.0,0.32934924251674036,confident nonbinder,0.5210544225752904,0.0017189457498975767
TGVATR,src-1,Stimulated,1.0,0.6141962654529888,confident binder,0.5210544225752904,0.0017189457498975767
EKELVT,src-1,Stimulated,1.0,0.8705961458135268,confident binder,0.5210544225752904,0.0017189457498975767
VSIDSA,src-1,Stimulated,0.0,0.5217921148261705,low-confidence,0.5210544225752904,0.0017189457498975767
EQEEVK,src-1,Stimulated,,,1,0.5210544225752904,0.0017189457498975767
TGSFAS,src-1,Stimulated,0.0,0.39870018351114755,confident nonbinder,0.5210544225752904,0.0017189457498975767
NYYDVV,src-1,Stimulated,1.0,0.9527269540299184,confident binder,0.5210544225752904,0.0017189457498975767
QEIPVQ,src-1,Stimulated,1.0,0.745860204066607,confident binder,0.5210544225752904,0.0017189457498975767
NDINAS,src-1,Stimulated,1.0,0.8784400411066843,confident binder,0.5210544225752904,0.0017189457498975767
GGEEYS,src-1,Stimulated,1.0,0.782362504700068,confident binder,0.5210544225752904,0.0017189457498975767
QSAATV,src-1,Stimulated,0.0,0.348053249616795,confident nonbinder,0.5210544225752904,0.0017189457498975767
AVSNLG,src-1,Stimulated,1.0,0.9416598002988096,confident binder,0.5210544225752904,0.0017189457498975767
DVETSD,src-1,Stimulated,0.0,0.2943116364397106,confident nonbinder,0.5210544225752904,0.0017189457498975767
SASSFS,src-1,Stimulated,0.0,0.3143275516729505,confident nonbinder,0.5210544225752904,0.0017189457498975767
SAYNPG,src-1,Stimulated,1.0,0.8389428637194579,confident binder,0.5210544225752904,0.0017189457498975767
ASYGEQ,src-1,Stimulated,0.0,0.024998013426836573,confident nonbinder,0.5210544225752904,0.0017189457498975767
PDSDST,src-1,Stimulated,0.0,0.016697935999477397,confident nonbinder,0.5210544225752904,0.0017189457498975767
YASDNS,src-1,Stimulated,0.0,0.06095996080709359,confident nonbinder,0.5210544225752904,0.0017189457498975767
SRISPD,src-1,Stimulated,1.0,0.6025772814456866,confident binder,0.5210544225752904,0.0017189457498975767
QCSEAI,src-1,Stimulated,1.0,0.7350216713747896,confident binder,0.5210544225752904,0.0017189457498975767
FTAQQR,src-1,Stimulated,1.0,0.8342995226955975,confident binder,0.5210544225752904,0.0017189457498975767
SRESAL,src-1,Stimulated,0.0,0.4672428930519743,low-confidence,0.5210544225752904,0.0017189457498975767
SPVHYL,src-1,Stimulated,0.0,0.04067011373462563,confident nonbinder,0.5210544225752904,0.0017189457498975767
THWAGW,src-1,Stimulated,1.0,0.9521768671549782,confident binder,0.5210544225752904,0.0017189457498975767
FSIDMD,src-1,Stimulated,1.0,0.9190690820936849,confident binder,0.5210544225752904,0.0017189457498975767
SLSQEY,src-1,Stimulated,0.0,0.29653905746366194,confident nonbinder,0.5210544225752904,0.0017189457498975767
AAVEEL,src-1,Stimulated,1.0,0.7375682814369522,confident binder,0.5210544225752904,0.0017189457498975767
AECIAR,src-1,Stimulated,1.0,0.8641570148492594,confident binder,0.5210544225752904,0.0017189457498975767
VSDVTS,src-1,Stimulated,0.0,0.14326859405250078,confident nonbinder,0.5210544225752904,0.0017189457498975767
LEQMST,src-1,Stimulated,0.0,0.4022026351869832,low-confidence,0.5210544225752904,0.0017189457498975767
AICPPK,src-1,Stimulated,1.0,0.841585479484061,confident binder,0.5210544225752904,0.0017189457498975767
KVSLGE,src-1,Stimulated,0.0,0.17644514813872306,confident nonbinder,0.5210544225752904,0.0017189457498975767
NQQALK,src-1,Stimulated,1.0,0.9288511524711648,confident binder,0.5210544225752904,0.0017189457498975767
GTSPEI,src-1,Stimulated,0.0,0.03552930652839262,confident nonbinder,0.5210544225752904,0.0017189457498975767
KQDSVE,src-1,Stimulated,0.0,0.40127508905366943,low-confidence,0.5210544225752904,0.0017189457498975767
LIGEPR,src-1,Stimulated,1.0,0.8415318903849525,confident binder,0.5210544225752904,0.0017189457498975767
REEECM,src-1,Stimulated,1.0,0.5977147367535557,low-confidence,0.5210544225752904,0.0017189457498975767
TQLNQH,src-1,Stimulated,1.0,0.8780060603962865,confident binder,0.5210544225752904,0.0017189457498975767
EDVEMK,src-1,Stimulated,1.0,0.9456082757658167,confident binder,0.5210544225752904,0.0017189457498975767
NISEEL,src-1,Stimulated,1.0,0.5837923839021386,low-confidence,0.5210544225752904,0.0017189457498975767
AEGLVV,src-1,Stimulated,1.0,0.6602461375141667,confident binder,0.5210544225752904,0.0017189457498975767
SLQGLM,src-1,Stimulated,1.0,0.9012781194834246,confident binder,0.5210544225752904,0.0017189457498975767
ELQEWL,src-1,Stimulated,1.0,0.9962048836816527,confident binder,0.5210544225752904,0.0017189457498975767
PVAQVG,src-1,Stimulated,1.0,0.797107244643035,confident binder,0.5210544225752904,0.0017189457498975767
PDCVWV,src-1,Stimulated,1.0,0.9800010394483466,confident binder,0.5210544225752904,0.0017189457498975767
MMSEND,src-1,Stimulated,0.0,0.13010405579552006,confident nonbinder,0.5210544225752904,0.0017189457498975767
DIREMG,src-1,Stimulated,0.0,0.00944690856855594,confident nonbinder,0.5210544225752904,0.0017189457498975767
ELERPP,src-1,Stimulated,1.0,0.975684701105286,confident binder,0.5210544225752904,0.0017189457498975767
GMETPL,src-1,Stimulated,1.0,0.9248768242864763,confident binder,0.5210544225752904,0.0017189457498975767
LSVAQR,src-1,Stimulated,1.0,0.7017808493964034,confident binder,0.5210544225752904,0.0017189457498975767
AVTSVQ,src-1,Stimulated,1.0,0.8198365993582418,confident binder,0.5210544225752904,0.0017189457498975767
HAKPVQ,src-1,Stimulated,0.0,0.3731225158101101,confident nonbinder,0.5210544225752904,0.0017189457498975767
RDIAPW,src-1,Stimulated,1.0,0.7202972242362994,confident binder,0.5210544225752904,0.0017189457498975767
FIHEAV,src-1,Stimulated,1.0,0.8697172430606994,confident binder,0.5210544225752904,0.0017189457498975767
YDSSSL,src-1,Stimulated,0.0,0.1063785434870908,confident nonbinder,0.5210544225752904,0.0017189457498975767
GEAVPF,src-1,Stimulated,,,1,0.5210544225752904,0.0017189457498975767
AEDAYR,src-1,Stimulated,1.0,0.8423908743769377,confident binder,0.5210544225752904,0.0017189457498975767
NPDSSR,src-1,Stimulated,0.0,0.08325987740914875,confident nonbinder,0.5210544225752904,0.0017189457498975767
GFEGIM,src-1,Stimulated,1.0,0.9194158387433583,confident binder,0.5210544225752904,0.0017189457498975767
PTGDLN,src-1,Stimulated,0.0,0.5460525786791874,low-confidence,0.5210544225752904,0.0017189457498975767
RHEEQM,src-1,Stimulated,0.0,0.33572892116317116,confident nonbinder,0.5210544225752904,0.0017189457498975767
SLVAPS,src-1,Stimulated,1.0,0.9109611613901273,confident binder,0.5210544225752904,0.0017189457498975767
KIEISN,src-1,Stimulated,0.0,0.3697078233352086,confident nonbinder,0.5210544225752904,0.0017189457498975767
SLEIKD,src-1,Stimulated,1.0,0.7101735542170685,confident binder,0.5210544225752904,0.0017189457498975767
MTNYAN,src-1,Stimulated,0.0,0.1586817366920619,confident nonbinder,0.5210544225752904,0.0017189457498975767
TTLEPG,src-1,Stimulated,1.0,0.8735374484867883,confident binder,0.5210544225752904,0.0017189457498975767
LVSQDL,src-1,Stimulated,1.0,0.6702162189187109,confident binder,0.5210544225752904,0.0017189457498975767
KVGTPE,src-1,Stimulated,0.0,0.269624737796772,confident nonbinder,0.5210544225752904,0.0017189457498975767
CNEASA,src-1,Stimulated,0.0,0.46187562876721605,low-confidence,0.5210544225752904,0.0017189457498975767
DSSNTL,src-1,Stimulated,0.0,0.4540690736372688,low-confidence,0.5210544225752904,0.0017189457498975767
EKQELL,src-1,Stimulated,1.0,0.9434768884172009,confident binder,0.5210544225752904,0.0017189457498975767
MVMNDK,src-1,Stimulated,1.0,0.7550608639775903,confident binder,0.5210544225752904,0.0017189457498975767
KIELAV,src-1,Stimulated,,,0,0.5210544225752904,0.0017189457498975767
GIVINP,src-1,Stimulated,1.0,0.6221427987991741,confident binder,0.5210544225752904,0.0017189457498975767
AKEVIH,src-1,Stimulated,1.0,0.976823550124509,confident binder,0.5210544225752904,0.0017189457498975767
RSSSLM,src-1,Stimulated,1.0,0.6319199168652732,confident binder,0.5210544225752904,0.0017189457498975767
GDLSYR,src-1,Stimulated,1.0,0.8420248517877164,confident binder,0.5210544225752904,0.0017189457498975767
ETADIG,src-1,Stimulated,1.0,0.8545217268424208,confident binder,0.5210544225752904,0.0017189457498975767
KEIIPS,src-1,Stimulated,1.0,0.7933678897386627,confident binder,0.5210544225752904,0.0017189457498975767
SVQPLK,src-1,Stimulated,1.0,0.8492358442844243,confident binder,0.5210544225752904,0.0017189457498975767
PTSPAP,src-1,Stimulated,0.0,0.05413242376898163,confident nonbinder,0.5210544225752904,0.0017189457498975767
NLDDPY,src-1,Stimulated,1.0,0.948131550860282,confident binder,0.5210544225752904,0.0017189457498975767
ELDLSK,src-1,Stimulated,1.0,0.6288820008385794,confident binder,0.5210544225752904,0.0017189457498975767
TCDSDD,src-1,Stimulated,0.0,0.03583233940494209,confident nonbinder,0.5210544225752904,0.0017189457498975767
ENDCGT,src-1,Stimulated,0.0,0.05317370913230714,confident nonbinder,0.5210544225752904,0.0017189457498975767
LNCFSG,src-1,Stimulated,0.0,0.413526586655099,low-confidence,0.5210544225752904,0.0017189457498975767
RSEDMI,src-1,Stimulated,1.0,0.6482221869869592,confident binder,0.5210544225752904,0.0017189457498975767
GHYVPL,src-1,Stimulated,1.0,0.8820585913923724,confident binder,0.5210544225752904,0.0017189457498975767
TFFDTE,src-1,Stimulated,0.0,0.441278196890316,low-confidence,0.5210544225752904,0.0017189457498975767
DAVDLD,src-1,Stimulated,1.0,0.8856161734994941,confident binder,0.5210544225752904,0.0017189457498975767
SHFASK,src-1,Stimulated,0.0,0.28268633440586116,confident nonbinder,0.5210544225752904,0.0017189457498975767
TCSAIP,src-1,Stimulated,1.0,0.8934672510461843,confident binder,0.5210544225752904,0.0017189457498975767
PDMPVV,src-1,Stimulated,1.0,0.5978865705047517,low-confidence,0.5210544225752904,0.0017189457498975767
SRIHFP,src-1,Stimulated,0.0,0.027757553710179104,confident nonbinder,0.5210544225752904,0.0017189457498975767
TGSAEL,src-1,Stimulated,0.0,0.26580387079950507,confident nonbinder,0.5210544225752904,0.0017189457498975767
PLEGLG,src-1,Stimulated,1.0,0.8350860271458503,confident binder,0.5210544225752904,0.0017189457498975767
EEEWKE,src-1,Stimulated,1.0,0.965565064308646,confident binder,0.5210544225752904,0.0017189457498975767
EHHLHL,src-1,Stimulated,1.0,0.6006805385807518,confident binder,0.5210544225752904,0.0017189457498975767
GHGDIN,src-1,Stimulated,1.0,0.6715445826375939,confident binder,0.5210544225752904,0.0017189457498975767
RHDSIA,src-1,Stimulated,1.0,0.8728985943492821,confident binder,0.5210544225752904,0.0017189457498975767
HPDAAK,src-1,Stimulated,0.0,0.40621707842363597,low-confidence,0.5210544225752904,0.0017189457498975767
KKVFLD,src-1,Stimulated,1.0,0.8806815552300427,confident binder,0.5210544225752904,0.0017189457498975767
YGDDLQ,src-1,Stimulated,1.0,0.8653634310946174,confident binder,0.5210544225752904,0.0017189457498975767
ENDIKK,src-1,Stimulated,0.0,0.22216143115497097,confident nonbinder,0.5210544225752904,0.0017189457498975767
ILTYSG,src-1,Stimulated,0.0,0.39050294239652206,confident nonbinder,0.5210544225752904,0.0017189457498975767
RDVDEQ,src-1,Stimulated,0.0,0.019062021870295414,confident nonbinder,0.5210544225752904,0.0017189457498975767
DADGVT,src-1,Stimulated,0.0,0.4892524551844528,low-confidence,0.5210544225752904,0.0017189457498975767
ERTEFY,src-1,Stimulated,1.0,0.7887824395910656,confident binder,0.5210544225752904,0.0017189457498975767
KVISAN,src-1,Stimulated,1.0,0.6878766340768349,confident binder,0.5210544225752904,0.0017189457498975767
LQCALS,src-1,Stimulated,1.0,0.9246950774705505,confident binder,0.5210544225752904,0.0017189457498975767
LIEDYV,src-1,Stimulated,1.0,0.9123354908382417,confident binder,0.5210544225752904,0.0017189457498975767
GDIDSS,src-1,Stimulated,0.0,0.08416052249217719,confident nonbinder,0.5210544225752904,0.0017189457498975767
HITWVD,src-1,Stimulated,1.0,0.9831013279237111,confident binder,0.5210544225752904,0.0017189457498975767
EVCNPK,src-1,Stimulated,1.0,0.993267310967537,confident binder,0.5210544225752904,0.0017189457498975767
NEDIPP,src-1,Stimulated,1.0,0.6391169800143984,confident binder,0.5210544225752904,0.0017189457498975767
ADLRPR,src-1,Stimulated,1.0,0.9777631823710298,confident binder,0.5210544225752904,0.0017189457498975767
YAQKPE,src-1,Stimulated,0.0,0.539077087074308,low-confidence,0.5210544225752904,0.0017189457498975767
VANEEE,src-1,Stimulated,0.0,0.04145616086257569,confident nonbinder,0.5210544225752904,0.0017189457498975767
QHTELT,src-1,Stimulated,1.0,0.9387814372253718,confident binder,0.5210544225752904,0.0017189457498975767
HTEEIE,src-1,Stimulated,,,1,0.5210544225752904,0.0017189457498975767
LIIDPS,src-1,Stimulated,1.0,0.9226591131371642,confident binder,0.5210544225752904,0.0017189457498975767
RVVVPV,src-1,Stimulated,1.0,0.8994132060575856,confident binder,0.5210544225752904,0.0017189457498975767
MKVLGQ,src-1,Stimulated,0.0,0.2658702101904774,confident nonbinder,0.5210544225752904,0.0017189457498975767
RDDFTS,src-1,Stimulated,0.0,0.0167137673954319,confident nonbinder,0.5210544225752904,0.0017189457498975767
TSQPFS,src-1,Stimulated,0.0,0.1466793380850329,confident nonbinder,0.5210544225752904,0.0017189457498975767
SNQVEE,src-1,Stimulated,0.0,0.026020722085240467,confident nonbinder,0.5210544225752904,0.0017189457498975767
AKQASH,src-1,Stimulated,0.0,0.09307722082010085,confident nonbinder,0.5210544225752904,0.0017189457498975767
PLESPR,src-1,Stimulated,1.0,0.9578450900023453,confident binder,0.5210544225752904,0.0017189457498975767
FIEAWQ,src-1,Stimulated,1.0,0.9883300326792097,confident binder,0.5210544225752904,0.0017189457498975767
EGDELQ,src-1,Stimulated,1.0,0.8985469615319899,confident binder,0.5210544225752904,0.0017189457498975767
SAEEVP,src-1,Stimulated,1.0,0.8865990813409848,confident binder,0.5210544225752904,0.0017189457498975767
LVENIN,src-1,Stimulated,1.0,0.9913036471371092,confident binder,0.5210544225752904,0.0017189457498975767
PDWHSR,src-1,Stimulated,0.0,0.27467504553390876,confident nonbinder,0.5210544225752904,0.0017189457498975767
PLWDLY,src-1,Stimulated,,,1,0.5210544225752904,0.0017189457498975767
SQNMAG,src-1,Stimulated,0.0,0.049784187225644885,confident nonbinder,0.5210544225752904,0.0017189457498975767
PVTDSE,src-1,Stimulated,0.0,0.17540100293213945,confident nonbinder,0.5210544225752904,0.0017189457498975767
LTDGAL,src-1,Stimulated,0.0,0.5265744815901715,low-confidence,0.5210544225752904,0.0017189457498975767
DSAAIS,src-1,Stimulated,1.0,0.8568256838033529,confident binder,0.5210544225752904,0.0017189457498975767
ANLEDR,src-1,Stimulated,0.0,0.3488696144153217,confident nonbinder,0.5210544225752904,0.0017189457498975767
AADFSQ,src-1,Stimulated,0.0,0.19321820388827107,confident nonbinder,0.5210544225752904,0.0017189457498975767
DEENSL,src-1,Stimulated,1.0,0.7074605659135251,confident binder,0.5210544225752904,0.0017189457498975767
SGITNG,src-1,Stimulated,0.0,0.14367972472919022,confident nonbinder,0.5210544225752904,0.0017189457498975767
FPEAST,src-1,Stimulated,0.0,0.45063521860803707,low-confidence,0.5210544225752904,0.0017189457498975767
AFAPQK,src-1,Stimulated,0.0,0.5256889063977238,low-confidence,0.5210544225752904,0.0017189457498975767
GLSFSE,src-1,Stimulated,0.0,0.2952305120094229,confident nonbinder,0.5210544225752904,0.0017189457498975767
VINPAT,src-1,Stimulated,0.0,0.13025164221359747,confident nonbinder,0.5210544225752904,0.0017189457498975767
SKEVLT,src-1,Stimulated,1.0,0.9172674970483584,confident binder,0.5210544225752904,0.0017189457498975767
NPEPEL,src-1,Stimulated,0.0,0.07968890378220439,confident nonbinder,0.5210544225752904,0.0017189457498975767
NKQIHI,src-1,Stimulated,0.0,0.49076669319606875,low-confidence,0.5210544225752904,0.0017189457498975767
NHITPM,src-1,Stimulated,1.0,0.9696537713353641,confident binder,0.5210544225752904,0.0017189457498975767
LDQATL,src-1,Stimulated,0.0,0.4451221122078015,low-confidence,0.5210544225752904,0.0017189457498975767
QDVLTY,src-1,Stimulated,0.0,0.5136752731386754,low-confidence,0.5210544225752904,0.0017189457498975767
PVEPVS,src-1,Stimulated,1.0,0.7544616523388691,confident binder,0.5210544225752904,0.0017189457498975767
QWVQQM,src-1,Stimulated,1.0,0.9466311038826157,confident binder,0.5210544225752904,0.0017189457498975767
IFSSGG,src-1,Stimulated,0.0,0.11685300150744181,confident nonbinder,0.5210544225752904,0.0017189457498975767
PSTAYK,src-1,Stimulated,1.0,0.6530927263569279,confident binder,0.5210544225752904,0.0017189457498975767
RIEILP,src-1,Stimulated,1.0,0.9132824103680399,confident binder,0.5210544225752904,0.0017189457498975767
SNVPPP,src-1,Stimulated,0.0,0.21932654790574221,confident nonbinder,0.5210544225752904,0.0017189457498975767
EAQLLK,src-1,Stimulated,1.0,0.9577067394079312,confident binder,0.5210544225752904,0.0017189457498975767
RMELVH,src-1,Stimulated,1.0,0.9157887081663046,confident binder,0.5210544225752904,0.0017189457498975767
CTFSTP,src-1,Stimulated,0.0,0.34052432656637993,confident nonbinder,0.5210544225752904,0.0017189457498975767
NNLTVP,src-f,Stimulated,1.0,0.9233462799207329,confident binder,0.5210544225752904,0.0017189457498975767
VGLTGL,src-f,Stimulated,1.0,0.7737368894556673,confident binder,0.5210544225752904,0.0017189457498975767
ERVLPS,src-f,Stimulated,1.0,0.8220461196640271,confident binder,0.5210544225752904,0.0017189457498975767
SFHAFS,src-f,Stimulated,1.0,0.6173920914329495,confident binder,0.5210544225752904,0.0017189457498975767
AKQASH,src-f,Stimulated,0.0,0.09307722082010085,confident nonbinder,0.5210544225752904,0.0017189457498975767
DYDNLS,src-f,Stimulated,1.0,0.9819155639386631,confident binder,0.5210544225752904,0.0017189457498975767
ELSSGE,src-f,Stimulated,0.0,0.14173158168358818,confident nonbinder,0.5210544225752904,0.0017189457498975767
GIANMR,src-f,Stimulated,1.0,0.9823006729254256,confident binder,0.5210544225752904,0.0017189457498975767
TLSQFQ,src-f,Stimulated,1.0,0.7921950045354295,confident binder,0.5210544225752904,0.0017189457498975767
SQVCAE,src-f,Stimulated,1.0,0.5572779225632479,low-confidence,0.5210544225752904,0.0017189457498975767
PQISSV,src-f,Stimulated,0.0,0.33596681642494125,confident nonbinder,0.5210544225752904,0.0017189457498975767
RRNIPH,src-f,Stimulated,0.0,0.1384331104190539,confident nonbinder,0.5210544225752904,0.0017189457498975767
EIVNKK,src-f,Stimulated,1.0,0.9771458467052742,confident binder,0.5210544225752904,0.0017189457498975767
DDEVIP,src-f,Stimulated,1.0,0.9454004866142097,confident binder,0.5210544225752904,0.0017189457498975767
DIDLPD,src-f,Stimulated,,,1,0.5210544225752904,0.0017189457498975767
VGEGGL,src-f,Stimulated,0.0,0.2072651366729691,confident nonbinder,0.5210544225752904,0.0017189457498975767
ADEDDF,src-f,Stimulated,0.0,0.1966247296039057,confident nonbinder,0.5210544225752904,0.0017189457498975767
SLNLPR,src-f,Stimulated,1.0,0.8569324599691509,confident binder,0.5210544225752904,0.0017189457498975767
MNEGPG,src-f,Stimulated,0.0,0.06268463445951745,confident nonbinder,0.5210544225752904,0.0017189457498975767
PYVELP,src-f,Stimulated,1.0,0.9678524912249715,confident binder,0.5210544225752904,0.0017189457498975767
KGALVP,src-f,Stimulated,1.0,0.8788312688945962,confident binder,0.5210544225752904,0.0017189457498975767
DIGIVS,src-f,Stimulated,0.0,0.540603200088663,low-confidence,0.5210544225752904,0.0017189457498975767
QNDLTE,src-f,Stimulated,0.0,0.060848520251402104,confident nonbinder,0.5210544225752904,0.0017189457498975767
ALSTAM,src-f,Stimulated,1.0,0.8602091224241862,confident binder,0.5210544225752904,0.0017189457498975767
PDSVAV,src-f,Stimulated,0.0,0.4641268841660028,low-confidence,0.5210544225752904,0.0017189457498975767
PTSPTS,src-f,Stimulated,0.0,0.012291359910415425,confident nonbinder,0.5210544225752904,0.0017189457498975767
EEDYMK,src-f,Stimulated,1.0,0.8365101128857112,confident binder,0.5210544225752904,0.0017189457498975767
QPGTGL,src-f,Stimulated,0.0,0.03697219774075908,confident nonbinder,0.5210544225752904,0.0017189457498975767
GDDQSR,src-f,Stimulated,0.0,0.05299797490188358,confident nonbinder,0.5210544225752904,0.0017189457498975767
NVDQAW,src-f,Stimulated,1.0,0.8440286471000298,confident binder,0.5210544225752904,0.0017189457498975767
DDENEV,src-f,Stimulated,0.0,0.389449624544838,confident nonbinder,0.5210544225752904,0.0017189457498975767
NTQATI,src-f,Stimulated,0.0,0.33559593575708735,confident nonbinder,0.5210544225752904,0.0017189457498975767
ENDFSS,src-f,Stimulated,0.0,0.0357510093283025,confident nonbinder,0.5210544225752904,0.0017189457498975767
TEMTPS,src-f,Stimulated,1.0,0.754350752600217,confident binder,0.5210544225752904,0.0017189457498975767
ESDAPP,src-f,Stimulated,0.0,0.35786307587009436,confident nonbinder,0.5210544225752904,0.0017189457498975767
NQDNDV,src-f,Stimulated,0.0,0.26659044558323763,confident nonbinder,0.5210544225752904,0.0017189457498975767
REWSEP,src-f,Stimulated,1.0,0.7457346575652767,confident binder,0.5210544225752904,0.0017189457498975767
ELKVIG,src-f,Stimulated,1.0,0.9158643080601138,confident binder,0.5210544225752904,0.0017189457498975767
DEDVHE,src-f,Stimulated,0.0,0.2517276605473563,confident nonbinder,0.5210544225752904,0.0017189457498975767
ADTTGQ,src-f,Stimulated,0.0,0.06046548260767777,confident nonbinder,0.5210544225752904,0.0017189457498975767
QFFVHS,src-f,Stimulated,1.0,0.7517646380311624,confident binder,0.5210544225752904,0.0017189457498975767
FEETQR,src-f,Stimulated,1.0,0.7774503928423476,confident binder,0.5210544225752904,0.0017189457498975767
LMFSGA,src-f,Stimulated,1.0,0.699430948540308,confident binder,0.5210544225752904,0.0017189457498975767
NSVMVG,src-f,Stimulated,1.0,0.8669807145104805,confident binder,0.5210544225752904,0.0017189457498975767
PQQDMV,src-f,Stimulated,1.0,0.7583964846419012,confident binder,0.5210544225752904,0.0017189457498975767
LLSTIP,src-f,Stimulated,1.0,0.946519495958368,confident binder,0.5210544225752904,0.0017189457498975767
LLILNP,src-f,Stimulated,1.0,0.8541236852699112,confident binder,0.5210544225752904,0.0017189457498975767
DGMPMT,src-f,Stimulated,0.0,0.4927836245282249,low-confidence,0.5210544225752904,0.0017189457498975767
DSELTG,src-f,Stimulated,0.0,0.050964599674377255,confident nonbinder,0.5210544225752904,0.0017189457498975767
NDQLIC,src-f,Stimulated,1.0,0.997172519653401,confident binder,0.5210544225752904,0.0017189457498975767
RATSPL,src-f,Stimulated,0.0,0.45315425895358763,low-confidence,0.5210544225752904,0.0017189457498975767
NTNQTA,src-f,Stimulated,0.0,0.16491375691304871,confident nonbinder,0.5210544225752904,0.0017189457498975767
QEIKPR,src-f,Stimulated,1.0,0.9161241881195497,confident binder,0.5210544225752904,0.0017189457498975767
PENAPA,src-f,Stimulated,0.0,0.4712594834881942,low-confidence,0.5210544225752904,0.0017189457498975767
QEGSIF,src-f,Stimulated,1.0,0.8132401828887617,confident binder,0.5210544225752904,0.0017189457498975767
STSNLY,src-f,Stimulated,1.0,0.9728332409342164,confident binder,0.5210544225752904,0.0017189457498975767
GFDTSE,src-f,Stimulated,0.0,0.16908663852868294,confident nonbinder,0.5210544225752904,0.0017189457498975767
PDWALA,src-f,Stimulated,1.0,0.9958471112037889,confident binder,0.5210544225752904,0.0017189457498975767
KLTLVT,src-f,Stimulated,1.0,0.9034751193860292,confident binder,0.5210544225752904,0.0017189457498975767
KMCNPD,src-f,Stimulated,1.0,0.9594396323206311,confident binder,0.5210544225752904,0.0017189457498975767
CPAVAL,src-f,Stimulated,1.0,0.887325749182304,confident binder,0.5210544225752904,0.0017189457498975767
SVSGQQ,src-f,Stimulated,0.0,0.06190215636317242,confident nonbinder,0.5210544225752904,0.0017189457498975767
DPATFV,src-f,Stimulated,1.0,0.7900816374184748,confident binder,0.5210544225752904,0.0017189457498975767
AFEMAS,src-f,Stimulated,1.0,0.8887437133227643,confident binder,0.5210544225752904,0.0017189457498975767
GFSGFS,src-f,Stimulated,0.0,0.3224483868222155,confident nonbinder,0.5210544225752904,0.0017189457498975767
VMASTE,src-f,Stimulated,0.0,0.3372932030072869,confident nonbinder,0.5210544225752904,0.0017189457498975767
PGIPIP,src-f,Stimulated,1.0,0.7945392753161031,confident binder,0.5210544225752904,0.0017189457498975767
SAATPG,src-f,Stimulated,0.0,0.5339014697339094,low-confidence,0.5210544225752904,0.0017189457498975767
HPEHCE,src-f,Stimulated,0.0,0.006958795058300854,confident nonbinder,0.5210544225752904,0.0017189457498975767
RDDEGR,src-f,Stimulated,0.0,0.03314632135353707,confident nonbinder,0.5210544225752904,0.0017189457498975767
NFDTIS,src-f,Stimulated,1.0,0.9610169573427892,confident binder,0.5210544225752904,0.0017189457498975767
NTDKTA,src-f,Stimulated,0.0,0.31633180310598114,confident nonbinder,0.5210544225752904,0.0017189457498975767
DDDDQL,src-f,Stimulated,0.0,0.11054886692042391,confident nonbinder,0.5210544225752904,0.0017189457498975767
YLGQTT,src-f,Stimulated,0.0,0.11457950965832134,confident nonbinder,0.5210544225752904,0.0017189457498975767
ESMNLK,src-f,Stimulated,1.0,0.9741247451917157,confident binder,0.5210544225752904,0.0017189457498975767
TPEDIE,src-f,Stimulated,1.0,0.9212062122991266,confident binder,0.5210544225752904,0.0017189457498975767
GEEDLR,src-f,Stimulated,,,1,0.5210544225752904,0.0017189457498975767
LLDQPL,src-f,Stimulated,1.0,0.949126087009925,confident binder,0.5210544225752904,0.0017189457498975767
LEEMTQ,src-f,Stimulated,1.0,0.5729041032591747,low-confidence,0.5210544225752904,0.0017189457498975767
VIILSK,src-f,Stimulated,1.0,0.8060008829856169,confident binder,0.5210544225752904,0.0017189457498975767
LQIDAI,src-f,Stimulated,1.0,0.7921089025506648,confident binder,0.5210544225752904,0.0017189457498975767
ANANAH,src-f,Stimulated,1.0,0.8868792676249374,confident binder,0.5210544225752904,0.0017189457498975767
QKLSFT,src-f,Stimulated,1.0,0.7134112659001082,confident binder,0.5210544225752904,0.0017189457498975767
IEEQET,src-f,Stimulated,0.0,0.10878580798141295,confident nonbinder,0.5210544225752904,0.0017189457498975767
KLQSAG,src-f,Stimulated,0.0,0.21770060400432104,confident nonbinder,0.5210544225752904,0.0017189457498975767
TPAEYG,src-f,Stimulated,1.0,0.6612975689158287,confident binder,0.5210544225752904,0.0017189457498975767
DFYMAG,src-f,Stimulated,1.0,0.725459924865666,confident binder,0.5210544225752904,0.0017189457498975767
SQAYAA,src-f,Stimulated,1.0,0.5959822224643054,low-confidence,0.5210544225752904,0.0017189457498975767
LHENFR,src-f,Stimulated,1.0,0.9884933823344445,confident binder,0.5210544225752904,0.0017189457498975767
DISGGG,src-f,Stimulated,0.0,0.017209464655912755,confident nonbinder,0.5210544225752904,0.0017189457498975767
HMLPTK,src-f,Stimulated,0.0,0.5,low-confidence,0.5210544225752904,0.0017189457498975767
VEAMEA,src-f,Stimulated,1.0,0.7365079588916331,confident binder,0.5210544225752904,0.0017189457498975767
DEIKEN,src-f,Stimulated,0.0,0.157108344432898,confident nonbinder,0.5210544225752904,0.0017189457498975767
IRISEL,src-f,Stimulated,1.0,0.6198262736872417,confident binder,0.5210544225752904,0.0017189457498975767
DMSAQS,src-f,Stimulated,0.0,0.1639141763118694,confident nonbinder,0.5210544225752904,0.0017189457498975767
RDSAPV,src-f,Stimulated,0.0,0.2321163736766338,confident nonbinder,0.5210544225752904,0.0017189457498975767
ILQTVT,src-f,Stimulated,1.0,0.8856293701079797,confident binder,0.5210544225752904,0.0017189457498975767
HPELLL,src-f,Stimulated,1.0,0.9676437749809401,confident binder,0.5210544225752904,0.0017189457498975767
GIAISW,src-f,Stimulated,1.0,0.7186805461334538,confident binder,0.5210544225752904,0.0017189457498975767
PNDDDD,src-f,Stimulated,0.0,0.005588341369884399,confident nonbinder,0.5210544225752904,0.0017189457498975767
LVEAPE,src-f,Stimulated,1.0,0.9457665687598511,confident binder,0.5210544225752904,0.0017189457498975767
DNGVAM,src-f,Stimulated,0.0,0.12728883808104915,confident nonbinder,0.5210544225752904,0.0017189457498975767
IDDFPS,src-f,Stimulated,0.0,0.49103150688398983,low-confidence,0.5210544225752904,0.0017189457498975767
QTAVPL,src-f,Stimulated,1.0,0.9423959248455067,confident binder,0.5210544225752904,0.0017189457498975767
PVSSPR,src-f,Stimulated,1.0,0.8489743316646401,confident binder,0.5210544225752904,0.0017189457498975767
QLSFST,src-f,Stimulated,0.0,0.48722148517239655,low-confidence,0.5210544225752904,0.0017189457498975767
PLIPVT,src-f,Stimulated,1.0,0.8053068726055975,confident binder,0.5210544225752904,0.0017189457498975767
SLSDEE,src-f,Stimulated,0.0,0.1191409253514593,confident nonbinder,0.5210544225752904,0.0017189457498975767
GEQAAV,src-f,Stimulated,0.0,0.3757250442465006,confident nonbinder,0.5210544225752904,0.0017189457498975767
GDLNVS,src-f,Stimulated,,,1,0.5210544225752904,0.0017189457498975767
ETALPA,src-f,Stimulated,1.0,0.9371058686719007,confident binder,0.5210544225752904,0.0017189457498975767
RLQVLE,src-f,Stimulated,1.0,0.9162797489093107,confident binder,0.5210544225752904,0.0017189457498975767
GDVFDT,src-f,Stimulated,0.0,0.13559081808577259,confident nonbinder,0.5210544225752904,0.0017189457498975767
VPASCT,src-f,Stimulated,0.0,0.3830120013293453,confident nonbinder,0.5210544225752904,0.0017189457498975767
AEHSEP,src-f,Stimulated,0.0,0.028970771221031272,confident nonbinder,0.5210544225752904,0.0017189457498975767
DEDPTL,src-f,Stimulated,0.0,0.041857274172677844,confident nonbinder,0.5210544225752904,0.0017189457498975767
SDDGIG,src-f,Stimulated,0.0,0.35506443340495836,confident nonbinder,0.5210544225752904,0.0017189457498975767
ENDFPV,src-f,Stimulated,1.0,0.6447872956029101,confident binder,0.5210544225752904,0.0017189457498975767
DRDSDR,src-f,Stimulated,0.0,0.019080031647122925,confident nonbinder,0.5210544225752904,0.0017189457498975767
QISDGS,src-f,Stimulated,0.0,0.13631125808533226,confident nonbinder,0.5210544225752904,0.0017189457498975767
YSETSD,src-f,Stimulated,0.0,0.07423063753550063,confident nonbinder,0.5210544225752904,0.0017189457498975767
LQKTPP,src-f,Stimulated,,,0,0.5210544225752904,0.0017189457498975767
SGAEPA,src-f,Stimulated,1.0,0.9119178920490398,confident binder,0.5210544225752904,0.0017189457498975767
KPCSQV,src-f,Stimulated,0.0,0.29294060491077223,confident nonbinder,0.5210544225752904,0.0017189457498975767
DFESEH,src-f,Stimulated,0.0,0.3068636590869118,confident nonbinder,0.5210544225752904,0.0017189457498975767
STTSDK,src-f,Stimulated,,,0,0.5210544225752904,0.0017189457498975767
DEKVTI,src-f,Stimulated,0.0,0.21263268845323247,confident nonbinder,0.5210544225752904,0.0017189457498975767
PSFEIP,src-f,Stimulated,1.0,0.851177941189138,confident binder,0.5210544225752904,0.0017189457498975767
NEDDNG,src-f,Stimulated,0.0,0.020388879731731195,confident nonbinder,0.5210544225752904,0.0017189457498975767
KEVTVK,src-f,Stimulated,1.0,0.9333797740091327,confident binder,0.5210544225752904,0.0017189457498975767
KMHDDD,src-f,Stimulated,0.0,0.02441649809781419,confident nonbinder,0.5210544225752904,0.0017189457498975767
DQSLVE,src-f,Stimulated,1.0,0.6893354616813511,confident binder,0.5210544225752904,0.0017189457498975767
EMDDVH,src-f,Stimulated,1.0,0.9063545149592571,confident binder,0.5210544225752904,0.0017189457498975767
FATGTE,src-f,Stimulated,0.0,0.19867999180112977,confident nonbinder,0.5210544225752904,0.0017189457498975767
DLERER,src-f,Stimulated,1.0,0.801042027113054,confident binder,0.5210544225752904,0.0017189457498975767
SNEEGD,src-f,Stimulated,0.0,0.052392680076493066,confident nonbinder,0.5210544225752904,0.0017189457498975767
NGGHWI,src-f,Stimulated,0.0,0.5212335446491858,low-confidence,0.5210544225752904,0.0017189457498975767
VFKDVA,src-f,Stimulated,1.0,0.8825585269669179,confident binder,0.5210544225752904,0.0017189457498975767
ESELSS,src-f,Stimulated,0.0,0.08874890918651229,confident nonbinder,0.5210544225752904,0.0017189457498975767
SEESPF,src-f,Stimulated,1.0,0.8572086238370314,confident binder,0.5210544225752904,0.0017189457498975767
HLLPLE,src-f,Stimulated,1.0,0.9134248787844103,confident binder,0.5210544225752904,0.0017189457498975767
DGNYTL,src-f,Stimulated,0.0,0.1031646844672047,confident nonbinder,0.5210544225752904,0.0017189457498975767
NSSWGA,src-f,Stimulated,1.0,0.9654201058462969,confident binder,0.5210544225752904,0.0017189457498975767
SSSSSG,src-f,Stimulated,0.0,0.00629547819872752,confident nonbinder,0.5210544225752904,0.0017189457498975767
AQTPHS,src-f,Stimulated,0.0,0.05825903896034552,confident nonbinder,0.5210544225752904,0.0017189457498975767
ELTVVQ,src-f,Stimulated,1.0,0.9486129202633483,confident binder,0.5210544225752904,0.0017189457498975767
EESEEE,src-f,Stimulated,0.0,0.036096629328591534,confident nonbinder,0.5210544225752904,0.0017189457498975767
IGEANP,src-f,Stimulated,0.0,0.19813752755756697,confident nonbinder,0.5210544225752904,0.0017189457498975767
PNEMLK,src-f,Stimulated,1.0,0.9661206651695944,confident binder,0.5210544225752904,0.0017189457498975767
TGIESL,src-f,Stimulated,1.0,0.7516931204281381,confident binder,0.5210544225752904,0.0017189457498975767
YPSDAI,src-f,Stimulated,0.0,0.4164334177773771,low-confidence,0.5210544225752904,0.0017189457498975767
DDGGYN,src-f,Stimulated,0.0,0.03864218888274188,confident nonbinder,0.5210544225752904,0.0017189457498975767
ELDLPA,src-f,Stimulated,1.0,0.9605484539088965,confident binder,0.5210544225752904,0.0017189457498975767
LMESEK,src-f,Stimulated,1.0,0.5579284521447413,low-confidence,0.5210544225752904,0.0017189457498975767
DETSSV,src-f,Stimulated,0.0,0.0893476264828336,confident nonbinder,0.5210544225752904,0.0017189457498975767
TDIPLL,src-f,Stimulated,1.0,0.8633987304303334,confident binder,0.5210544225752904,0.0017189457498975767
LHIHSD,src-f,Stimulated,0.0,0.01698827002718984,confident nonbinder,0.5210544225752904,0.0017189457498975767
SSAQLP,src-f,Stimulated,1.0,0.815021244964718,confident binder,0.5210544225752904,0.0017189457498975767
PFEMLA,src-f,Stimulated,1.0,0.9864084011155093,confident binder,0.5210544225752904,0.0017189457498975767
PFQETY,src-f,Stimulated,1.0,0.5612970642505508,low-confidence,0.5210544225752904,0.0017189457498975767
MEGGEK,src-f,Stimulated,0.0,0.003576449522197503,confident nonbinder,0.5210544225752904,0.0017189457498975767
TIIPFA,src-f,Stimulated,1.0,0.6976002898604067,confident binder,0.5210544225752904,0.0017189457498975767
SPGETI,src-f,Stimulated,0.0,0.03190493086606886,confident nonbinder,0.5210544225752904,0.0017189457498975767
PQAPAP,src-f,Stimulated,0.0,0.08149217581610091,confident nonbinder,0.5210544225752904,0.0017189457498975767
SDDNPI,src-f,Stimulated,1.0,0.8748940101681202,confident binder,0.5210544225752904,0.0017189457498975767
GYSYLK,src-f,Stimulated,1.0,0.9449079121088925,confident binder,0.5210544225752904,0.0017189457498975767
GEAVHV,src-f,Stimulated,1.0,0.7175647973585488,confident binder,0.5210544225752904,0.0017189457498975767
GLSYIR,src-f,Stimulated,1.0,0.9461948338976434,confident binder,0.5210544225752904,0.0017189457498975767
GNEVSI,src-f,Stimulated,0.0,0.22380082896814155,confident nonbinder,0.5210544225752904,0.0017189457498975767
DHNNLS,src-f,Stimulated,1.0,0.9287620509532161,confident binder,0.5210544225752904,0.0017189457498975767
SVWVED,src-f,Stimulated,1.0,0.9589460307474242,confident binder,0.5210544225752904,0.0017189457498975767
SEDAVE,src-f,Stimulated,1.0,0.7275969851741302,confident binder,0.5210544225752904,0.0017189457498975767
HLALSI,src-f,Stimulated,1.0,0.84113751286544,confident binder,0.5210544225752904,0.0017189457498975767
DDSSSR,src-f,Stimulated,0.0,0.036734126836198304,confident nonbinder,0.5210544225752904,0.0017189457498975767
DSGLVA,src-f,Stimulated,0.0,0.5068168685712634,low-confidence,0.5210544225752904,0.0017189457498975767
SAQYAL,src-f,Stimulated,0.0,0.5408250341640608,low-confidence,0.5210544225752904,0.0017189457498975767
TDVAFL,src-f,Stimulated,1.0,0.8213695561151275,confident binder,0.5210544225752904,0.0017189457498975767
KVEQLD,src-f,Stimulated,1.0,0.916900220715366,confident binder,0.5210544225752904,0.0017189457498975767
FNEYVQ,src-f,Stimulated,1.0,0.927308292131447,confident binder,0.5210544225752904,0.0017189457498975767
DQATVT,src-f,Stimulated,1.0,0.8320537363575599,confident binder,0.5210544225752904,0.0017189457498975767
GNEEVK,src-f,Stimulated,1.0,0.8982025789811261,confident binder,0.5210544225752904,0.0017189457498975767
DPYDYE,src-f,Stimulated,1.0,0.5775517817567613,low-confidence,0.5210544225752904,0.0017189457498975767
NLNHPQ,src-f,Stimulated,0.0,0.014672622946976624,confident nonbinder,0.5210544225752904,0.0017189457498975767
TAWYPP,src-f,Stimulated,1.0,0.9825544842933548,confident binder,0.5210544225752904,0.0017189457498975767
TIETAA,src-f,Stimulated,1.0,0.9103061844108922,confident binder,0.5210544225752904,0.0017189457498975767
VGETIL,src-f,Stimulated,1.0,0.9553177501557866,confident binder,0.5210544225752904,0.0017189457498975767
NACENP,src-f,Stimulated,0.0,0.40297782245403263,low-confidence,0.5210544225752904,0.0017189457498975767
DEEFDE,src-f,Stimulated,0.0,0.05327739888197568,confident nonbinder,0.5210544225752904,0.0017189457498975767
DAVQLD,src-f,Stimulated,1.0,0.8853569343718515,confident binder,0.5210544225752904,0.0017189457498975767
PAELDP,src-f,Stimulated,0.0,0.1464491213394011,confident nonbinder,0.5210544225752904,0.0017189457498975767
NPIMAP,src-f,Stimulated,1.0,0.8238613440776549,confident binder,0.5210544225752904,0.0017189457498975767
KEDEDS,src-f,Stimulated,0.0,0.01314211496306359,confident nonbinder,0.5210544225752904,0.0017189457498975767
VFTDET,src-f,Stimulated,0.0,0.3294112214851132,confident nonbinder,0.5210544225752904,0.0017189457498975767
TTSVSA,src-f,Stimulated,0.0,0.43297718627332044,low-confidence,0.5210544225752904,0.0017189457498975767
DLKQME,src-f,Stimulated,1.0,0.8390890264993196,confident binder,0.5210544225752904,0.0017189457498975767
KTSLSS,src-f,Stimulated,0.0,0.06141496700309386,confident nonbinder,0.5210544225752904,0.0017189457498975767
ELEEVK,src-f,Stimulated,,,1,0.5210544225752904,0.0017189457498975767
CLSSAY,src-f,Stimulated,1.0,0.8179519941277243,confident binder,0.5210544225752904,0.0017189457498975767
ELEDEV,src-f,Stimulated,1.0,0.6102418347401513,confident binder,0.5210544225752904,0.0017189457498975767
ESIEME,src-f,Stimulated,1.0,0.8878174450342442,confident binder,0.5210544225752904,0.0017189457498975767
DKATVS,src-f,Stimulated,1.0,0.8074588589258067,confident binder,0.5210544225752904,0.0017189457498975767
SSEDYA,src-f,Stimulated,1.0,0.7644166824772191,confident binder,0.5210544225752904,0.0017189457498975767
SEVLVT,src-f,Stimulated,1.0,0.9052511714745382,confident binder,0.5210544225752904,0.0017189457498975767
ATINHN,src-f,Stimulated,1.0,0.9474710582122936,confident binder,0.5210544225752904,0.0017189457498975767
SDSDLQ,src-f,Stimulated,1.0,0.6962728605685693,confident binder,0.5210544225752904,0.0017189457498975767
DQNLLK,src-f,Stimulated,1.0,0.8239669192806415,confident binder,0.5210544225752904,0.0017189457498975767
TVGLPR,src-f,Stimulated,1.0,0.7466540717726039,confident binder,0.5210544225752904,0.0017189457498975767
QNQNSE,src-f,Stimulated,0.0,0.12699470402033278,confident nonbinder,0.5210544225752904,0.0017189457498975767
DLAEQM,src-f,Stimulated,1.0,0.9060057378067481,confident binder,0.5210544225752904,0.0017189457498975767
ADESGR,src-f,Stimulated,0.0,0.143020692642536,confident nonbinder,0.5210544225752904,0.0017189457498975767
EEIEGL,src-f,Stimulated,1.0,0.680122962166315,confident binder,0.5210544225752904,0.0017189457498975767
TGVVTR,src-f,Stimulated,1.0,0.7355198795453316,confident binder,0.5210544225752904,0.0017189457498975767
AHNELQ,src-f,Stimulated,1.0,0.8761449669213441,confident binder,0.5210544225752904,0.0017189457498975767
GLDSQN,src-f,Stimulated,0.0,0.23373305182663387,confident nonbinder,0.5210544225752904,0.0017189457498975767
FISPII,src-f,Stimulated,1.0,0.8024322361866271,confident binder,0.5210544225752904,0.0017189457498975767
EADQRQ,src-f,Stimulated,0.0,0.07243522646704602,confident nonbinder,0.5210544225752904,0.0017189457498975767
DCEKEA,src-f,Stimulated,0.0,0.38835473298155254,confident nonbinder,0.5210544225752904,0.0017189457498975767
ENQTMS,src-f,Stimulated,1.0,0.6067689600434075,confident binder,0.5210544225752904,0.0017189457498975767
QQSRPQ,src-f,Stimulated,1.0,0.6050188816455916,confident binder,0.5210544225752904,0.0017189457498975767
DDEEEE,src-f,Stimulated,0.0,0.04512033869993694,confident nonbinder,0.5210544225752904,0.0017189457498975767
SAVSPS,src-f,Stimulated,1.0,0.6534690459160581,confident binder,0.5210544225752904,0.0017189457498975767
VDFGQQ,src-f,Stimulated,0.0,0.06091252310702261,confident nonbinder,0.5210544225752904,0.0017189457498975767
GEDEFG,src-f,Stimulated,,,0,0.5210544225752904,0.0017189457498975767
PTETMF,src-f,Stimulated,1.0,0.9664181199899866,confident binder,0.5210544225752904,0.0017189457498975767
GVEAFV,src-f,Stimulated,1.0,0.8070143644307655,confident binder,0.5210544225752904,0.0017189457498975767
VAMNPI,src-f,Stimulated,1.0,0.9238146088662478,confident binder,0.5210544225752904,0.0017189457498975767
SPGDPI,src-f,Stimulated,0.0,0.16205796720785565,confident nonbinder,0.5210544225752904,0.0017189457498975767
DRDEEE,src-f,Stimulated,0.0,0.02819590068369892,confident nonbinder,0.5210544225752904,0.0017189457498975767
LEDSGS,src-f,Stimulated,0.0,0.07754853351307503,confident nonbinder,0.5210544225752904,0.0017189457498975767
PDLECL,src-f,Stimulated,1.0,0.8609418660536191,confident binder,0.5210544225752904,0.0017189457498975767
AQIQAQ,src-f,Stimulated,1.0,0.5801505647544758,low-confidence,0.5210544225752904,0.0017189457498975767
PNASNF,src-f,Stimulated,0.0,0.24343246176201058,confident nonbinder,0.5210544225752904,0.0017189457498975767
IEDKLR,src-f,Stimulated,1.0,0.9168165460681758,confident binder,0.5210544225752904,0.0017189457498975767
SVFKPS,src-f,Stimulated,1.0,0.7274652424349941,confident binder,0.5210544225752904,0.0017189457498975767
ADESHL,src-f,Stimulated,0.0,0.5,low-confidence,0.5210544225752904,0.0017189457498975767
TAEDYY,src-f,Stimulated,1.0,0.8830291373511054,confident binder,0.5210544225752904,0.0017189457498975767
AQTNAV,src-f,Stimulated,1.0,0.8454090593398346,confident binder,0.5210544225752904,0.0017189457498975767
ADVKGE,src-f,Stimulated,0.0,0.13237495653558756,confident nonbinder,0.5210544225752904,0.0017189457498975767
SLHEET,src-f,Stimulated,0.0,0.2142443948463092,confident nonbinder,0.5210544225752904,0.0017189457498975767
EQERED,src-f,Stimulated,0.0,0.08033170762746901,confident nonbinder,0.5210544225752904,0.0017189457498975767
ESFTTR,src-f,Stimulated,0.0,0.24598870474846204,confident nonbinder,0.5210544225752904,0.0017189457498975767
SGSTAS,src-f,Stimulated,0.0,0.19522070928578072,confident nonbinder,0.5210544225752904,0.0017189457498975767
PDSEQK,src-f,Stimulated,0.0,0.11693253701838983,confident nonbinder,0.5210544225752904,0.0017189457498975767
SFSQDV,src-f,Stimulated,0.0,0.24883457186787672,confident nonbinder,0.5210544225752904,0.0017189457498975767
KISLSS,src-f,Stimulated,0.0,0.21081330033778004,confident nonbinder,0.5210544225752904,0.0017189457498975767
NPSGDL,src-f,Stimulated,0.0,0.029623937566231506,confident nonbinder,0.5210544225752904,0.0017189457498975767
SPATSL,src-f,Stimulated,0.0,0.36159878904328435,confident nonbinder,0.5210544225752904,0.0017189457498975767
DDDDGF,src-f,Stimulated,0.0,0.12214277024384668,confident nonbinder,0.5210544225752904,0.0017189457498975767
VLERPQ,src-f,Stimulated,1.0,0.9731433465000372,confident binder,0.5210544225752904,0.0017189457498975767
SGVPPP,src-f,Stimulated,0.0,0.41615248535648536,low-confidence,0.5210544225752904,0.0017189457498975767
QSGNVV,src-f,Stimulated,1.0,0.7876863747814932,confident binder,0.5210544225752904,0.0017189457498975767
SPATLT,src-f,Stimulated,,,1,0.5210544225752904,0.0017189457498975767
ASVAPL,src-f,Stimulated,1.0,0.8754761361056972,confident binder,0.5210544225752904,0.0017189457498975767
QTELGS,src-f,Stimulated,0.0,0.20796675898111697,confident nonbinder,0.5210544225752904,0.0017189457498975767
LDAEDA,src-f,Stimulated,0.0,0.47413429338682794,low-confidence,0.5210544225752904,0.0017189457498975767
QTITLK,src-f,Stimulated,1.0,0.9745705888490266,confident binder,0.5210544225752904,0.0017189457498975767
VEHEGL,src-f,Stimulated,0.0,0.30787581797720415,confident nonbinder,0.5210544225752904,0.0017189457498975767
KAQLER,src-f,Stimulated,0.0,0.13375997445348267,confident nonbinder,0.5210544225752904,0.0017189457498975767
AAVSGE,src-f,Stimulated,0.0,0.21182803924952096,confident nonbinder,0.5210544225752904,0.0017189457498975767
RKTELP,src-f,Stimulated,1.0,0.607071436361425,confident binder,0.5210544225752904,0.0017189457498975767
SHADVD,src-f,Stimulated,1.0,0.8460169317648083,confident binder,0.5210544225752904,0.0017189457498975767
DRVCSG,src-f,Stimulated,0.0,0.1524528480114208,confident nonbinder,0.5210544225752904,0.0017189457498975767
NCRAPM,src-f,Stimulated,0.0,0.02420941289702251,confident nonbinder,0.5210544225752904,0.0017189457498975767
MEGLSE,src-f,Stimulated,0.0,0.014290228859961939,confident nonbinder,0.5210544225752904,0.0017189457498975767
DEFQEC,src-f,Stimulated,1.0,0.966054858403824,confident binder,0.5210544225752904,0.0017189457498975767
NLDLDE,src-f,Stimulated,0.0,0.2784454115709426,confident nonbinder,0.5210544225752904,0.0017189457498975767
DDEEED,src-f,Stimulated,0.0,0.03944612952642415,confident nonbinder,0.5210544225752904,0.0017189457498975767
VNVETS,src-f,Stimulated,0.0,0.2805973556546711,confident nonbinder,0.5210544225752904,0.0017189457498975767
ANVEAI,src-f,Stimulated,1.0,0.7346731607524251,confident binder,0.5210544225752904,0.0017189457498975767
AQDAAH,src-f,Stimulated,0.0,0.38814910768051303,confident nonbinder,0.5210544225752904,0.0017189457498975767
VYQDPR,src-f,Stimulated,1.0,0.9072003009872974,confident binder,0.5210544225752904,0.0017189457498975767
ETQENT,src-f,Stimulated,0.0,0.07511881632205432,confident nonbinder,0.5210544225752904,0.0017189457498975767
NDGYGG,src-f,Stimulated,0.0,0.0024713613044077924,confident nonbinder,0.5210544225752904,0.0017189457498975767
YGEKPE,src-f,Stimulated,1.0,0.6725035965206075,confident binder,0.5210544225752904,0.0017189457498975767
SVAVSS,src-f,Stimulated,0.0,0.5307065673822279,low-confidence,0.5210544225752904,0.0017189457498975767
PSTPSA,src-f,Stimulated,0.0,0.03084630940584195,confident nonbinder,0.5210544225752904,0.0017189457498975767
AVTYHE,src-f,Stimulated,1.0,0.6571523340057237,confident binder,0.5210544225752904,0.0017189457498975767
GVRELV,src-f,Stimulated,0.0,0.04894873727562119,confident nonbinder,0.5210544225752904,0.0017189457498975767
DPTFED,src-f,Stimulated,0.0,0.05029044206573056,confident nonbinder,0.5210544225752904,0.0017189457498975767
HTELLA,src-f,Stimulated,1.0,0.9845192356425039,confident binder,0.5210544225752904,0.0017189457498975767
VLTPGE,src-f,Stimulated,0.0,0.14071761688937892,confident nonbinder,0.5210544225752904,0.0017189457498975767
VEEGDL,src-f,Stimulated,0.0,0.14142468202808917,confident nonbinder,0.5210544225752904,0.0017189457498975767
GDSGGP,src-f,Stimulated,0.0,0.006215172633018473,confident nonbinder,0.5210544225752904,0.0017189457498975767
LESEMG,src-f,Stimulated,1.0,0.7830170087235799,confident binder,0.5210544225752904,0.0017189457498975767
PSISDV,src-f,Stimulated,0.0,0.27216418221408345,confident nonbinder,0.5210544225752904,0.0017189457498975767
SFMGTC,src-f,Stimulated,1.0,0.9382848504398222,confident binder,0.5210544225752904,0.0017189457498975767
AMDFQA,src-f,Stimulated,1.0,0.75132418890275,confident binder,0.5210544225752904,0.0017189457498975767
HLTVPI,src-f,Stimulated,1.0,0.9320906895432909,confident binder,0.5210544225752904,0.0017189457498975767
AEEESV,src-f,Stimulated,0.0,0.4574439261041566,low-confidence,0.5210544225752904,0.0017189457498975767
DEDKAM,src-f,Stimulated,0.0,0.4663812175049519,low-confidence,0.5210544225752904,0.0017189457498975767
EISGCT,src-f,Stimulated,0.0,0.21801235383389087,confident nonbinder,0.5210544225752904,0.0017189457498975767
QELILE,src-f,Stimulated,,,1,0.5210544225752904,0.0017189457498975767
PVGSSA,src-f,Stimulated,0.0,0.0769773840129181,confident nonbinder,0.5210544225752904,0.0017189457498975767
VNVQHN,src-f,Stimulated,0.0,0.48466791765252853,low-confidence,0.5210544225752904,0.0017189457498975767
EGEAGL,src-f,Stimulated,0.0,0.3533806978629904,confident nonbinder,0.5210544225752904,0.0017189457498975767
HSVSQP,src-f,Stimulated,0.0,0.1758649453908389,confident nonbinder,0.5210544225752904,0.0017189457498975767
SEEAEM,src-f,Stimulated,0.0,0.22734482876515955,confident nonbinder,0.5210544225752904,0.0017189457498975767
KDEIES,src-f,Stimulated,0.0,0.04397244953888024,confident nonbinder,0.5210544225752904,0.0017189457498975767
VTATVE,src-f,Stimulated,1.0,0.8847649939217126,confident binder,0.5210544225752904,0.0017189457498975767
DASSFG,src-f,Stimulated,0.0,0.22791413883392492,confident nonbinder,0.5210544225752904,0.0017189457498975767
PDFKDM,src-f,Stimulated,0.0,0.14212580411571615,confident nonbinder,0.5210544225752904,0.0017189457498975767
GVGSGG,src-f,Stimulated,0.0,0.010187094341768026,confident nonbinder,0.5210544225752904,0.0017189457498975767
GHDCPQ,src-f,Stimulated,1.0,0.6886617332192011,confident binder,0.5210544225752904,0.0017189457498975767
GGKEPA,src-f,Stimulated,1.0,0.7133807561062646,confident binder,0.5210544225752904,0.0017189457498975767
EEDDPF,src-f,Stimulated,1.0,0.8517973740246239,confident binder,0.5210544225752904,0.0017189457498975767
GHTEGA,src-f,Stimulated,0.0,0.29585912092339667,confident nonbinder,0.5210544225752904,0.0017189457498975767
ELGPGR,src-f,Stimulated,0.0,0.026914861681818912,confident nonbinder,0.5210544225752904,0.0017189457498975767
HLEQPK,src-f,Stimulated,1.0,0.9673674904412728,confident binder,0.5210544225752904,0.0017189457498975767
ETDSSS,src-f,Stimulated,0.0,0.03116905508997692,confident nonbinder,0.5210544225752904,0.0017189457498975767
DTSAND,src-f,Stimulated,0.0,0.02989447651899956,confident nonbinder,0.5210544225752904,0.0017189457498975767
PQGHPP,src-f,Stimulated,0.0,0.0003362375850211413,confident nonbinder,0.5210544225752904,0.0017189457498975767
NFNNDF,src-f,Stimulated,1.0,0.7289629687278363,confident binder,0.5210544225752904,0.0017189457498975767
DDEKHF,src-f,Stimulated,1.0,0.5815476707425589,low-confidence,0.5210544225752904,0.0017189457498975767
NVELFE,src-f,Stimulated,1.0,0.9300069101473398,confident binder,0.5210544225752904,0.0017189457498975767
KLDMIA,src-f,Stimulated,1.0,0.9778376895618793,confident binder,0.5210544225752904,0.0017189457498975767
VLGSLL,src-f,Stimulated,1.0,0.712570662396529,confident binder,0.5210544225752904,0.0017189457498975767
AVEDRP,src-f,Stimulated,0.0,0.4818690578185696,low-confidence,0.5210544225752904,0.0017189457498975767
EAPVFE,src-f,Stimulated,0.0,0.4074523075842442,low-confidence,0.5210544225752904,0.0017189457498975767
KDEETE,src-f,Stimulated,0.0,0.06094647574414273,confident nonbinder,0.5210544225752904,0.0017189457498975767
GLYASR,src-f,Stimulated,1.0,0.6125126111151935,confident binder,0.5210544225752904,0.0017189457498975767
TEQPIL,src-f,Stimulated,1.0,0.8568226561862688,confident binder,0.5210544225752904,0.0017189457498975767
EVQEVQ,src-f,Stimulated,1.0,0.9126449455018302,confident binder,0.5210544225752904,0.0017189457498975767
THRPVS,src-f,Stimulated,0.0,0.0034561524533719993,confident nonbinder,0.5210544225752904,0.0017189457498975767
NLDDDG,src-f,Stimulated,0.0,0.06279156791998879,confident nonbinder,0.5210544225752904,0.0017189457498975767
SFSHGL,src-f,Stimulated,0.0,0.006055422565643506,confident nonbinder,0.5210544225752904,0.0017189457498975767
SEAADP,src-f,Stimulated,0.0,0.05614398133582336,confident nonbinder,0.5210544225752904,0.0017189457498975767
GIVSEK,src-f,Stimulated,0.0,0.4718362520740959,low-confidence,0.5210544225752904,0.0017189457498975767
ELGELE,src-f,Stimulated,1.0,0.8363552529571894,confident binder,0.5210544225752904,0.0017189457498975767
SIFSSP,src-f,Stimulated,0.0,0.23253210711220662,confident nonbinder,0.5210544225752904,0.0017189457498975767
APDWFG,src-f,Stimulated,1.0,0.972661389452142,confident binder,0.5210544225752904,0.0017189457498975767
SGTQSQ,src-f,Stimulated,0.0,0.04834953120150257,confident nonbinder,0.5210544225752904,0.0017189457498975767
EIGFDL,src-f,Stimulated,0.0,0.25892336598259874,confident nonbinder,0.5210544225752904,0.0017189457498975767
TDDLSD,src-f,Stimulated,0.0,0.042469509691285504,confident nonbinder,0.5210544225752904,0.0017189457498975767
EMSDVW,src-f,Stimulated,1.0,0.9102194231901112,confident binder,0.5210544225752904,0.0017189457498975767
SDSVIR,src-f,Stimulated,1.0,0.9327920442689666,confident binder,0.5210544225752904,0.0017189457498975767
TVSLQP,src-f,Stimulated,0.0,0.5477515007260191,low-confidence,0.5210544225752904,0.0017189457498975767
RTTYIS,src-f,Stimulated,1.0,0.7070809191810297,confident binder,0.5210544225752904,0.0017189457498975767
DILANI,src-f,Stimulated,1.0,0.7714099268610107,confident binder,0.5210544225752904,0.0017189457498975767
KKSSLN,src-f,Stimulated,0.0,0.5369566402092183,low-confidence,0.5210544225752904,0.0017189457498975767
EQQDVP,src-f,Stimulated,1.0,0.6329730130847155,confident binder,0.5210544225752904,0.0017189457498975767
NSLSLP,src-f,Stimulated,1.0,0.9153031505410744,confident binder,0.5210544225752904,0.0017189457498975767
DRDSLL,src-f,Stimulated,,,1,0.5210544225752904,0.0017189457498975767
RYEYNH,src-f,Stimulated,0.0,0.16961641741049407,confident nonbinder,0.5210544225752904,0.0017189457498975767
TDASTS,src-f,Stimulated,0.0,0.07597201575272144,confident nonbinder,0.5210544225752904,0.0017189457498975767
SDFNYG,src-f,Stimulated,1.0,0.686451492030727,confident binder,0.5210544225752904,0.0017189457498975767
NIHHGR,src-f,Stimulated,0.0,0.007259656349858228,confident nonbinder,0.5210544225752904,0.0017189457498975767
NVLTAE,src-f,Stimulated,1.0,0.8996107438425025,confident binder,0.5210544225752904,0.0017189457498975767
PVEDAA,src-f,Stimulated,1.0,0.8582697863409793,confident binder,0.5210544225752904,0.0017189457498975767
TGDDLT,src-f,Stimulated,1.0,0.8792747538317757,confident binder,0.5210544225752904,0.0017189457498975767
LLKPVD,src-f,Stimulated,1.0,0.7591206230988545,confident binder,0.5210544225752904,0.0017189457498975767
EINDLP,src-f,Stimulated,1.0,0.8093727112787727,confident binder,0.5210544225752904,0.0017189457498975767
NMAWGQ,src-f,Stimulated,1.0,0.9742828714633637,confident binder,0.5210544225752904,0.0017189457498975767
RNVTPV,src-f,Stimulated,1.0,0.6329629718103302,confident binder,0.5210544225752904,0.0017189457498975767
MAEGQY,src-f,Stimulated,0.0,0.15627444020561546,confident nonbinder,0.5210544225752904,0.0017189457498975767
SQIESF,src-f,Stimulated,1.0,0.6318514222151784,confident binder,0.5210544225752904,0.0017189457498975767
HVGAQH,src-f,Stimulated,0.0,0.15390544076703863,confident nonbinder,0.5210544225752904,0.0017189457498975767
TIQILL,src-f,Stimulated,,,1,0.5210544225752904,0.0017189457498975767
NPALLG,src-f,Stimulated,1.0,0.8980881248868865,confident binder,0.5210544225752904,0.0017189457498975767
TASNWN,src-f,Stimulated,1.0,0.9955710842702995,confident binder,0.5210544225752904,0.0017189457498975767
KVSSSE,src-f,Stimulated,0.0,0.058499008186636704,confident nonbinder,0.5210544225752904,0.0017189457498975767
PDIAGV,src-f,Stimulated,0.0,0.434111284068507,low-confidence,0.5210544225752904,0.0017189457498975767
MVSLLS,src-f,Stimulated,1.0,0.8516103915552017,confident binder,0.5210544225752904,0.0017189457498975767
PKATPQ,src-f,Stimulated,1.0,0.6182532548843929,confident binder,0.5210544225752904,0.0017189457498975767
YDELGE,src-f,Stimulated,0.0,0.11700425450772284,confident nonbinder,0.5210544225752904,0.0017189457498975767
AALGLK,src-f,Stimulated,1.0,0.8993769819070462,confident binder,0.5210544225752904,0.0017189457498975767
SAYQVG,src-f,Stimulated,1.0,0.6280691712825495,confident binder,0.5210544225752904,0.0017189457498975767
VATIPK,src-f,Stimulated,1.0,0.8456223211268721,confident binder,0.5210544225752904,0.0017189457498975767
PLVALA,src-f,Stimulated,,,1,0.5210544225752904,0.0017189457498975767
ENLTAG,src-f,Stimulated,0.0,0.3432091341261428,confident nonbinder,0.5210544225752904,0.0017189457498975767
ELSELQ,src-f,Stimulated,1.0,0.9486262225762735,confident binder,0.5210544225752904,0.0017189457498975767
SDFGKL,src-f,Stimulated,0.0,0.2008607518937778,confident nonbinder,0.5210544225752904,0.0017189457498975767
AHEEQP,src-f,Stimulated,0.0,0.42061816464100704,low-confidence,0.5210544225752904,0.0017189457498975767
SSSPSN,src-f,Stimulated,0.0,0.0039136371176409146,confident nonbinder,0.5210544225752904,0.0017189457498975767
GNATVI,src-f,Stimulated,1.0,0.8152641302588497,confident binder,0.5210544225752904,0.0017189457498975767
SIGEKF,src-f,Stimulated,0.0,0.46587206196349906,low-confidence,0.5210544225752904,0.0017189457498975767
DSAAAV,src-f,Stimulated,0.0,0.5,low-confidence,0.5210544225752904,0.0017189457498975767
HSLDAI,src-f,Stimulated,1.0,0.7215979489125559,confident binder,0.5210544225752904,0.0017189457498975767
SSCSVI,src-f,Stimulated,1.0,0.7174764758480895,confident binder,0.5210544225752904,0.0017189457498975767
IDDSLK,src-f,Stimulated,1.0,0.8586384631608576,confident binder,0.5210544225752904,0.0017189457498975767
GDQETW,src-f,Stimulated,0.0,0.1620885603410736,confident nonbinder,0.5210544225752904,0.0017189457498975767
TIDLLK,src-f,Stimulated,1.0,0.9721924144287435,confident binder,0.5210544225752904,0.0017189457498975767
MKIETE,src-f,Stimulated,0.0,0.2664396360216604,confident nonbinder,0.5210544225752904,0.0017189457498975767
QIGDIK,src-f,Stimulated,1.0,0.834416789929655,confident binder,0.5210544225752904,0.0017189457498975767
SNAVTF,src-f,Stimulated,0.0,0.5445819913288782,low-confidence,0.5210544225752904,0.0017189457498975767
PACTQE,src-f,Stimulated,0.0,0.3768152633529382,confident nonbinder,0.5210544225752904,0.0017189457498975767
IVAATT,src-f,Stimulated,1.0,0.5897056633382498,low-confidence,0.5210544225752904,0.0017189457498975767
DINACE,src-f,Stimulated,0.0,0.2963243741953984,confident nonbinder,0.5210544225752904,0.0017189457498975767
EATGLS,src-f,Stimulated,1.0,0.6385327050772913,confident binder,0.5210544225752904,0.0017189457498975767
DEADTD,src-f,Stimulated,0.0,0.12310095573355623,confident nonbinder,0.5210544225752904,0.0017189457498975767
KTAICG,src-f,Stimulated,0.0,0.3766496394384973,confident nonbinder,0.5210544225752904,0.0017189457498975767
EPCADI,src-f,Stimulated,0.0,0.3152331859308578,confident nonbinder,0.5210544225752904,0.0017189457498975767
DSSTSA,src-f,Stimulated,0.0,0.087103853751998,confident nonbinder,0.5210544225752904,0.0017189457498975767
GAGDIR,src-f,Stimulated,1.0,0.7349058172639668,confident binder,0.5210544225752904,0.0017189457498975767
SLACAS,src-f,Stimulated,1.0,0.8184400372693004,confident binder,0.5210544225752904,0.0017189457498975767
EDSQLP,src-f,Stimulated,1.0,0.7101569877352233,confident binder,0.5210544225752904,0.0017189457498975767
PNGTVK,src-f,Stimulated,0.0,0.44003438986488,low-confidence,0.5210544225752904,0.0017189457498975767
SDINAN,src-f,Stimulated,1.0,0.8283196089943956,confident binder,0.5210544225752904,0.0017189457498975767
ELDYPK,src-f,Stimulated,1.0,0.9364528406865081,confident binder,0.5210544225752904,0.0017189457498975767
MFAGTA,src-f,Stimulated,0.0,0.5,low-confidence,0.5210544225752904,0.0017189457498975767
HEGAVG,src-f,Stimulated,0.0,0.18733125173352297,confident nonbinder,0.5210544225752904,0.0017189457498975767
YVEAAQ,src-f,Stimulated,1.0,0.7966795443862793,confident binder,0.5210544225752904,0.0017189457498975767
SDTEDA,src-f,Stimulated,0.0,0.060096564735562505,confident nonbinder,0.5210544225752904,0.0017189457498975767
SYPTSS,src-f,Stimulated,0.0,0.04466424432700719,confident nonbinder,0.5210544225752904,0.0017189457498975767
PHVLSQ,src-f,Stimulated,0.0,0.443521082662455,low-confidence,0.5210544225752904,0.0017189457498975767
ENEGSE,src-f,Stimulated,0.0,0.011402641125410366,confident nonbinder,0.5210544225752904,0.0017189457498975767
DSSHHS,src-f,Stimulated,0.0,0.0005391140442151839,confident nonbinder,0.5210544225752904,0.0017189457498975767
DLDDKD,src-f,Stimulated,0.0,0.434906728754977,low-confidence,0.5210544225752904,0.0017189457498975767
TLSCAA,src-f,Stimulated,1.0,0.8979337205065234,confident binder,0.5210544225752904,0.0017189457498975767
AYAQTS,src-f,Stimulated,0.0,0.484347870769346,low-confidence,0.5210544225752904,0.0017189457498975767
VQQAPQ,src-f,Stimulated,0.0,0.4207932463659459,low-confidence,0.5210544225752904,0.0017189457498975767
HQVVPK,src-f,Stimulated,1.0,0.9210677508179179,confident binder,0.5210544225752904,0.0017189457498975767
GNNNQS,src-f,Stimulated,0.0,0.05810819546175725,confident nonbinder,0.5210544225752904,0.0017189457498975767
WDQPDI,src-f,Stimulated,0.0,0.0070956675676381075,confident nonbinder,0.5210544225752904,0.0017189457498975767
NHSPNS,src-f,Stimulated,0.0,0.015592983332661027,confident nonbinder,0.5210544225752904,0.0017189457498975767
AQLLQN,src-f,Stimulated,1.0,0.5977906155598532,low-confidence,0.5210544225752904,0.0017189457498975767
ELGDFE,src-f,Stimulated,0.0,0.4924473339557406,low-confidence,0.5210544225752904,0.0017189457498975767
NSSNIP,src-f,Stimulated,1.0,0.9523590806990386,confident binder,0.5210544225752904,0.0017189457498975767
NGTNLP,src-f,Stimulated,1.0,0.9757074970895558,confident binder,0.5210544225752904,0.0017189457498975767
HTGIAS,src-f,Stimulated,0.0,0.08438723190879596,confident nonbinder,0.5210544225752904,0.0017189457498975767
FHHTLE,src-f,Stimulated,1.0,0.9594434200703256,confident binder,0.5210544225752904,0.0017189457498975767
TVHSPV,src-f,Stimulated,1.0,0.8020663740675564,confident binder,0.5210544225752904,0.0017189457498975767
ILQQHV,src-f,Stimulated,1.0,0.7610159104749217,confident binder,0.5210544225752904,0.0017189457498975767
GPEVEV,src-f,Stimulated,0.0,0.3038911374363994,confident nonbinder,0.5210544225752904,0.0017189457498975767
EDEPTK,src-f,Stimulated,0.0,0.037516455854306935,confident nonbinder,0.5210544225752904,0.0017189457498975767
SLVEKI,src-f,Stimulated,1.0,0.8993299417500384,confident binder,0.5210544225752904,0.0017189457498975767
ALEYQP,src-f,Stimulated,1.0,0.6972239529963336,confident binder,0.5210544225752904,0.0017189457498975767
LIAGMP,src-f,Stimulated,1.0,0.8163270551857451,confident binder,0.5210544225752904,0.0017189457498975767
SSTEAV,src-f,Stimulated,0.0,0.39536370398271237,confident nonbinder,0.5210544225752904,0.0017189457498975767
KCSCGE,src-f,Stimulated,0.0,0.14158815555964596,confident nonbinder,0.5210544225752904,0.0017189457498975767
HWLDLP,src-f,Stimulated,1.0,0.9881639437570662,confident binder,0.5210544225752904,0.0017189457498975767
VDSYLE,src-f,Stimulated,1.0,0.762117571752212,confident binder,0.5210544225752904,0.0017189457498975767
HESGLN,src-f,Stimulated,1.0,0.6390381653717933,confident binder,0.5210544225752904,0.0017189457498975767
PDGALY,src-f,Stimulated,0.0,0.5309158172305166,low-confidence,0.5210544225752904,0.0017189457498975767
PPTVVY,src-f,Stimulated,1.0,0.8900306160779761,confident binder,0.5210544225752904,0.0017189457498975767
EPISMD,src-f,Stimulated,1.0,0.8036815493092424,confident binder,0.5210544225752904,0.0017189457498975767
VPSTAK,src-f,Stimulated,0.0,0.4754145517257938,low-confidence,0.5210544225752904,0.0017189457498975767
VHELTE,src-f,Stimulated,0.0,0.39490918815090503,confident nonbinder,0.5210544225752904,0.0017189457498975767
LEGPVP,src-f,Stimulated,0.0,0.21256642747047833,confident nonbinder,0.5210544225752904,0.0017189457498975767
DILPIA,src-f,Stimulated,1.0,0.8849785728346191,confident binder,0.5210544225752904,0.0017189457498975767
VYGSYS,src-f,Stimulated,0.0,0.23961933948284475,confident nonbinder,0.5210544225752904,0.0017189457498975767
VTQQTP,src-f,Stimulated,0.0,0.1323923582048169,confident nonbinder,0.5210544225752904,0.0017189457498975767
GTHGDS,src-f,Stimulated,0.0,0.003931206701949118,confident nonbinder,0.5210544225752904,0.0017189457498975767
DISGCC,src-f,Stimulated,1.0,0.9724011815059905,confident binder,0.5210544225752904,0.0017189457498975767
KDWETE,src-f,Stimulated,1.0,0.9106834038669918,confident binder,0.5210544225752904,0.0017189457498975767
LTVDEV,src-f,Stimulated,1.0,0.7411211643552439,confident binder,0.5210544225752904,0.0017189457498975767
EKSFMA,src-f,Stimulated,1.0,0.8652494365028435,confident binder,0.5210544225752904,0.0017189457498975767
TPSTAT,src-f,Stimulated,0.0,0.2508588465396558,confident nonbinder,0.5210544225752904,0.0017189457498975767
NVSTFQ,src-f,Stimulated,1.0,0.817289198705172,confident binder,0.5210544225752904,0.0017189457498975767
PEGQGI,src-f,Stimulated,0.0,0.018778072832898018,confident nonbinder,0.5210544225752904,0.0017189457498975767
DAGPPS,src-f,Stimulated,0.0,0.027638238551317335,confident nonbinder,0.5210544225752904,0.0017189457498975767
ALDGKD,src-f,Stimulated,0.0,0.2746345871046582,confident nonbinder,0.5210544225752904,0.0017189457498975767
AHTEAD,src-f,Stimulated,0.0,0.5327161441928292,low-confidence,0.5210544225752904,0.0017189457498975767
ETEYPQ,src-f,Stimulated,1.0,0.6821513517698788,confident binder,0.5210544225752904,0.0017189457498975767
EPASSQ,src-f,Stimulated,0.0,0.05980829321141761,confident nonbinder,0.5210544225752904,0.0017189457498975767
EQLQTT,src-f,Stimulated,0.0,0.26195650900129186,confident nonbinder,0.5210544225752904,0.0017189457498975767
QLDTLN,src-f,Stimulated,,,1,0.5210544225752904,0.0017189457498975767
GSQFSF,src-f,Stimulated,0.0,0.2954975026316547,confident nonbinder,0.5210544225752904,0.0017189457498975767
DQEEGH,src-f,Stimulated,0.0,0.14984738690048607,confident nonbinder,0.5210544225752904,0.0017189457498975767
PGLGIS,src-f,Stimulated,1.0,0.8305373368378017,confident binder,0.5210544225752904,0.0017189457498975767
DMRAAD,src-f,Stimulated,0.0,0.001481853164910109,confident nonbinder,0.5210544225752904,0.0017189457498975767
DDSNFV,src-f,Stimulated,1.0,0.8865197540837739,confident binder,0.5210544225752904,0.0017189457498975767
PASPNM,src-f,Stimulated,0.0,0.06987326603127844,confident nonbinder,0.5210544225752904,0.0017189457498975767
TDTADY,src-f,Stimulated,0.0,0.06143479755867723,confident nonbinder,0.5210544225752904,0.0017189457498975767
RIANMF,src-f,Stimulated,1.0,0.9645888040107182,confident binder,0.5210544225752904,0.0017189457498975767
LATDDL,src-f,Stimulated,0.0,0.4758713680233645,low-confidence,0.5210544225752904,0.0017189457498975767
IPETDE,src-f,Stimulated,0.0,0.06968970867389639,confident nonbinder,0.5210544225752904,0.0017189457498975767
LDGGYE,src-f,Stimulated,0.0,0.05123847688454531,confident nonbinder,0.5210544225752904,0.0017189457498975767
TLATPP,src-f,Stimulated,1.0,0.9557804984305167,confident binder,0.5210544225752904,0.0017189457498975767
DDFQER,src-f,Stimulated,0.0,0.07572408121126714,confident nonbinder,0.5210544225752904,0.0017189457498975767
RISYVV,src-f,Stimulated,1.0,0.7473703581620197,confident binder,0.5210544225752904,0.0017189457498975767
DPSSAE,src-f,Stimulated,0.0,0.09387485695337754,confident nonbinder,0.5210544225752904,0.0017189457498975767
KGWGLD,src-f,Stimulated,1.0,0.9836036454841341,confident binder,0.5210544225752904,0.0017189457498975767
DLIDRP,src-f,Stimulated,1.0,0.676932565166737,confident binder,0.5210544225752904,0.0017189457498975767
GHELEH,src-f,Stimulated,0.0,0.23625838628989448,confident nonbinder,0.5210544225752904,0.0017189457498975767
SVGTEE,src-f,Stimulated,0.0,0.02327022952097243,confident nonbinder,0.5210544225752904,0.0017189457498975767
ENVAQL,src-f,Stimulated,0.0,0.5153380091778146,low-confidence,0.5210544225752904,0.0017189457498975767
PVSMET,src-f,Stimulated,0.0,0.38644202157161683,confident nonbinder,0.5210544225752904,0.0017189457498975767
PEDESD,src-f,Stimulated,0.0,0.04550442324747869,confident nonbinder,0.5210544225752904,0.0017189457498975767
SIICPS,src-f,Stimulated,1.0,0.9139158364315361,confident binder,0.5210544225752904,0.0017189457498975767
TPVVTR,src-f,Stimulated,,,0,0.5210544225752904,0.0017189457498975767
VHNIPE,src-f,Stimulated,0.0,0.45486328938928977,low-confidence,0.5210544225752904,0.0017189457498975767
FLSNIA,src-f,Stimulated,1.0,0.986692816998255,confident binder,0.5210544225752904,0.0017189457498975767
KNSDGS,src-f,Stimulated,0.0,0.008581607651919346,confident nonbinder,0.5210544225752904,0.0017189457498975767
FNNVQQ,src-f,Stimulated,0.0,0.24266048079020008,confident nonbinder,0.5210544225752904,0.0017189457498975767
ADIDPA,src-f,Stimulated,1.0,0.9087535058862372,confident binder,0.5210544225752904,0.0017189457498975767
SMEEEI,src-f,Stimulated,0.0,0.491939077270993,low-confidence,0.5210544225752904,0.0017189457498975767
GEDMTV,src-f,Stimulated,0.0,0.2939899875221976,confident nonbinder,0.5210544225752904,0.0017189457498975767
GSSSNF,src-f,Stimulated,0.0,0.073256114745331,confident nonbinder,0.5210544225752904,0.0017189457498975767
RQGLIL,src-f,Stimulated,0.0,0.4929742681828602,low-confidence,0.5210544225752904,0.0017189457498975767
EAEELL,src-f,Stimulated,1.0,0.977054390870294,confident binder,0.5210544225752904,0.0017189457498975767
GGSYDI,src-f,Stimulated,,,0,0.5210544225752904,0.0017189457498975767
EQAEGK,src-f,Stimulated,0.0,0.25777800882296936,confident nonbinder,0.5210544225752904,0.0017189457498975767
AIQKDE,src-f,Stimulated,0.0,0.10949202664608304,confident nonbinder,0.5210544225752904,0.0017189457498975767
PAQSSP,src-f,Stimulated,0.0,0.039648476869812994,confident nonbinder,0.5210544225752904,0.0017189457498975767
SMETRE,src-f,Stimulated,0.0,0.26882350355291695,confident nonbinder,0.5210544225752904,0.0017189457498975767
EKIDLR,src-f,Stimulated,1.0,0.944607786090948,confident binder,0.5210544225752904,0.0017189457498975767
HLEEYV,src-f,Stimulated,1.0,0.9676339316643221,confident binder,0.5210544225752904,0.0017189457498975767
DPEEAW,src-f,Stimulated,1.0,0.7211397135711672,confident binder,0.5210544225752904,0.0017189457498975767
DALNSP,src-f,Stimulated,1.0,0.7662418953324707,confident binder,0.5210544225752904,0.0017189457498975767
PLVPVK,src-f,Stimulated,1.0,0.8899270677281578,confident binder,0.5210544225752904,0.0017189457498975767
NPLHVE,src-f,Stimulated,0.0,0.10025838992907045,confident nonbinder,0.5210544225752904,0.0017189457498975767
RTELQS,src-f,Stimulated,0.0,0.09804548058354133,confident nonbinder,0.5210544225752904,0.0017189457498975767
GLKDLL,src-f,Stimulated,1.0,0.9191984493137395,confident binder,0.5210544225752904,0.0017189457498975767
LAEQVA,src-f,Stimulated,1.0,0.9581962459142106,confident binder,0.5210544225752904,0.0017189457498975767
GDQRPH,src-f,Stimulated,1.0,0.7065275972375035,confident binder,0.5210544225752904,0.0017189457498975767
PEAWIV,src-f,Stimulated,1.0,0.9924656032785066,confident binder,0.5210544225752904,0.0017189457498975767
DEGEII,src-f,Stimulated,1.0,0.7889512071218838,confident binder,0.5210544225752904,0.0017189457498975767
VQECEG,src-f,Stimulated,0.0,0.122507160320815,confident nonbinder,0.5210544225752904,0.0017189457498975767
EVNQYP,src-f,Stimulated,1.0,0.5795800118687977,low-confidence,0.5210544225752904,0.0017189457498975767
PPQEAC,src-f,Stimulated,1.0,0.9927585014864849,confident binder,0.5210544225752904,0.0017189457498975767
LHAIVT,src-f,Stimulated,1.0,0.9466699774686544,confident binder,0.5210544225752904,0.0017189457498975767
AVTQDC,src-f,Stimulated,1.0,0.9672586923808504,confident binder,0.5210544225752904,0.0017189457498975767
ELKPIF,src-f,Stimulated,1.0,0.8980504149919369,confident binder,0.5210544225752904,0.0017189457498975767
YSETTE,src-f,Stimulated,0.0,0.1293323809683203,confident nonbinder,0.5210544225752904,0.0017189457498975767
DDEPAP,src-f,Stimulated,0.0,0.04762255855810399,confident nonbinder,0.5210544225752904,0.0017189457498975767
TSLEME,src-f,Stimulated,1.0,0.9210737220465746,confident binder,0.5210544225752904,0.0017189457498975767
FPVEFT,src-f,Stimulated,1.0,0.8820008449013818,confident binder,0.5210544225752904,0.0017189457498975767
SDDHAE,src-f,Stimulated,0.0,0.0008509506644937307,confident nonbinder,0.5210544225752904,0.0017189457498975767
EEENVG,src-f,Stimulated,1.0,0.9253159159103569,confident binder,0.5210544225752904,0.0017189457498975767
AITADL,src-f,Stimulated,1.0,0.647598160271182,confident binder,0.5210544225752904,0.0017189457498975767
VPVNAV,src-f,Stimulated,1.0,0.8998563588282658,confident binder,0.5210544225752904,0.0017189457498975767
SKSTLS,src-f,Stimulated,1.0,0.7235337580232205,confident binder,0.5210544225752904,0.0017189457498975767
GEVELL,src-f,Stimulated,1.0,0.9632168095725426,confident binder,0.5210544225752904,0.0017189457498975767
QQNSFV,src-f,Stimulated,0.0,0.3393819670363285,confident nonbinder,0.5210544225752904,0.0017189457498975767
KVELQA,src-f,Stimulated,1.0,0.7706048216580673,confident binder,0.5210544225752904,0.0017189457498975767
LDDFQR,src-f,Stimulated,0.0,0.4155430829731834,low-confidence,0.5210544225752904,0.0017189457498975767
GIQQSA,src-f,Stimulated,0.0,0.3371168656658238,confident nonbinder,0.5210544225752904,0.0017189457498975767
ERQEAA,src-f,Stimulated,0.0,0.54352910441157,low-confidence,0.5210544225752904,0.0017189457498975767
TETAAE,src-f,Stimulated,0.0,0.31932043635019347,confident nonbinder,0.5210544225752904,0.0017189457498975767
LAQELQ,src-f,Stimulated,1.0,0.9428321410994024,confident binder,0.5210544225752904,0.0017189457498975767
TPEEEQ,src-f,Stimulated,0.0,0.10199891098432333,confident nonbinder,0.5210544225752904,0.0017189457498975767
RDAEIQ,src-f,Stimulated,1.0,0.7935704084763698,confident binder,0.5210544225752904,0.0017189457498975767
FLSATP,src-f,Stimulated,1.0,0.7492456688236361,confident binder,0.5210544225752904,0.0017189457498975767
LQGGAV,src-f,Stimulated,0.0,0.07706187217875325,confident nonbinder,0.5210544225752904,0.0017189457498975767
SANMHS,src-f,Stimulated,0.0,0.19516218438805438,confident nonbinder,0.5210544225752904,0.0017189457498975767
SPWVSP,src-f,Stimulated,1.0,0.9428954522150396,confident binder,0.5210544225752904,0.0017189457498975767
RVDEEV,src-f,Stimulated,0.0,0.20483208540561287,confident nonbinder,0.5210544225752904,0.0017189457498975767
ETNPDE,src-f,Stimulated,0.0,0.0017920543459729727,confident nonbinder,0.5210544225752904,0.0017189457498975767
PDGSGI,src-f,Stimulated,0.0,0.008652193040796913,confident nonbinder,0.5210544225752904,0.0017189457498975767
PIIQFS,src-f,Stimulated,1.0,0.7431591261883915,confident binder,0.5210544225752904,0.0017189457498975767
SYSPSY,src-f,Stimulated,0.0,0.057280520225528764,confident nonbinder,0.5210544225752904,0.0017189457498975767
GFEYGK,src-f,Stimulated,0.0,0.5302104891408707,low-confidence,0.5210544225752904,0.0017189457498975767
GKDSSR,src-f,Stimulated,0.0,0.03592380917753157,confident nonbinder,0.5210544225752904,0.0017189457498975767
PLDIPY,src-f,Stimulated,1.0,0.9218161891236165,confident binder,0.5210544225752904,0.0017189457498975767
DDIEQT,src-f,Stimulated,0.0,0.29981107371159554,confident nonbinder,0.5210544225752904,0.0017189457498975767
GLEQAF,src-f,Stimulated,1.0,0.9110790264940944,confident binder,0.5210544225752904,0.0017189457498975767
RMVDPS,src-f,Stimulated,1.0,0.6845332842034031,confident binder,0.5210544225752904,0.0017189457498975767
KEYTQN,src-f,Stimulated,0.0,0.1480741519362518,confident nonbinder,0.5210544225752904,0.0017189457498975767
FTINED,src-f,Stimulated,1.0,0.8978647419656417,confident binder,0.5210544225752904,0.0017189457498975767
VDDVDE,src-f,Stimulated,0.0,0.05241015940323603,confident nonbinder,0.5210544225752904,0.0017189457498975767
TYQTAL,src-f,Stimulated,1.0,0.8479369030615874,confident binder,0.5210544225752904,0.0017189457498975767
KREPIQ,src-f,Stimulated,1.0,0.565198617293377,low-confidence,0.5210544225752904,0.0017189457498975767
STSLAN,src-f,Stimulated,0.0,0.31469638669836164,confident nonbinder,0.5210544225752904,0.0017189457498975767
DDGFSG,src-f,Stimulated,0.0,0.002792598423942367,confident nonbinder,0.5210544225752904,0.0017189457498975767
TTQSQE,src-f,Stimulated,0.0,0.07276319911440186,confident nonbinder,0.5210544225752904,0.0017189457498975767
QLSYPA,src-f,Stimulated,1.0,0.9421340335492956,confident binder,0.5210544225752904,0.0017189457498975767
SVNYHL,src-f,Stimulated,0.0,0.5173818716267428,low-confidence,0.5210544225752904,0.0017189457498975767
IKQQIT,src-f,Stimulated,1.0,0.7801535291862919,confident binder,0.5210544225752904,0.0017189457498975767
NANCEE,src-f,Stimulated,0.0,0.06142929186585342,confident nonbinder,0.5210544225752904,0.0017189457498975767
IQGDAA,src-f,Stimulated,0.0,0.0908382078732986,confident nonbinder,0.5210544225752904,0.0017189457498975767
SVYGSY,src-f,Stimulated,0.0,0.22463618201418117,confident nonbinder,0.5210544225752904,0.0017189457498975767
AGAILE,src-f,Stimulated,1.0,0.9391989298573602,confident binder,0.5210544225752904,0.0017189457498975767
HDLPQE,src-f,Stimulated,0.0,0.07486578315979152,confident nonbinder,0.5210544225752904,0.0017189457498975767
HFVQDV,src-f,Stimulated,1.0,0.6707030241434654,confident binder,0.5210544225752904,0.0017189457498975767
SGSSQS,src-f,Stimulated,0.0,0.04018126600585251,confident nonbinder,0.5210544225752904,0.0017189457498975767
DASIQG,src-f,Stimulated,0.0,0.0755609912127262,confident nonbinder,0.5210544225752904,0.0017189457498975767
EDAGLK,src-f,Stimulated,1.0,0.8484317863320502,confident binder,0.5210544225752904,0.0017189457498975767
TEMAFP,src-f,Stimulated,1.0,0.7302559267227944,confident binder,0.5210544225752904,0.0017189457498975767
SGVMSG,src-f,Stimulated,0.0,0.25171427109318434,confident nonbinder,0.5210544225752904,0.0017189457498975767
EPTFSH,src-f,Stimulated,0.0,0.1882024596126505,confident nonbinder,0.5210544225752904,0.0017189457498975767
DNNEEV,src-f,Stimulated,0.0,0.024049976271787305,confident nonbinder,0.5210544225752904,0.0017189457498975767
DGIDYA,src-f,Stimulated,1.0,0.919533869724212,confident binder,0.5210544225752904,0.0017189457498975767
DTDDRA,src-f,Stimulated,0.0,0.1657480230430808,confident nonbinder,0.5210544225752904,0.0017189457498975767
AMDIIS,src-f,Stimulated,1.0,0.9203004017086854,confident binder,0.5210544225752904,0.0017189457498975767
SLVPFK,src-f,Stimulated,1.0,0.7550196231935673,confident binder,0.5210544225752904,0.0017189457498975767
DVVPEA,src-f,Stimulated,0.0,0.44538875342817397,low-confidence,0.5210544225752904,0.0017189457498975767
EREEGL,src-f,Stimulated,0.0,0.33007243370184053,confident nonbinder,0.5210544225752904,0.0017189457498975767
EVKDMP,src-f,Stimulated,1.0,0.8138163455046272,confident binder,0.5210544225752904,0.0017189457498975767
DIDVPP,src-f,Stimulated,,,1,0.5210544225752904,0.0017189457498975767
DVSYVL,src-f,Stimulated,1.0,0.898424708283432,confident binder,0.5210544225752904,0.0017189457498975767
TLIVER,src-f,Stimulated,1.0,0.8825117471695771,confident binder,0.5210544225752904,0.0017189457498975767
QVDAMG,src-f,Stimulated,1.0,0.797593414492685,confident binder,0.5210544225752904,0.0017189457498975767
ITEELR,src-f,Stimulated,,,1,0.5210544225752904,0.0017189457498975767
AHENLN,src-f,Stimulated,1.0,0.9914458770274094,confident binder,0.5210544225752904,0.0017189457498975767
KVSYFE,src-f,Stimulated,1.0,0.61920674166965,confident binder,0.5210544225752904,0.0017189457498975767
PLSDFQ,src-f,Stimulated,1.0,0.7543716172502192,confident binder,0.5210544225752904,0.0017189457498975767
EEKNFR,src-f,Stimulated,1.0,0.8901029427780615,confident binder,0.5210544225752904,0.0017189457498975767
GQENFR,src-f,Stimulated,1.0,0.9486241887137782,confident binder,0.5210544225752904,0.0017189457498975767
SGGTNS,src-f,Stimulated,0.0,0.007996977729830509,confident nonbinder,0.5210544225752904,0.0017189457498975767
PQLNPF,src-f,Stimulated,1.0,0.9851373315067555,confident binder,0.5210544225752904,0.0017189457498975767
DNEDDH,src-f,Stimulated,0.0,0.027959340585010616,confident nonbinder,0.5210544225752904,0.0017189457498975767
AIQPSP,src-f,Stimulated,0.0,0.0866076179459663,confident nonbinder,0.5210544225752904,0.0017189457498975767
PNGEIP,src-f,Stimulated,0.0,0.5169040108123448,low-confidence,0.5210544225752904,0.0017189457498975767
LQEVGD,src-f,Stimulated,0.0,0.2696695049724357,confident nonbinder,0.5210544225752904,0.0017189457498975767
QIELEE,src-f,Stimulated,0.0,0.415576934933863,low-confidence,0.5210544225752904,0.0017189457498975767
DEDQPW,src-f,Stimulated,1.0,0.7278648580110907,confident binder,0.5210544225752904,0.0017189457498975767
SEQTIP,src-f,Stimulated,1.0,0.8908613037111209,confident binder,0.5210544225752904,0.0017189457498975767
LPTVNF,src-f,Stimulated,1.0,0.7584174503288943,confident binder,0.5210544225752904,0.0017189457498975767
VSSHIQ,src-f,Stimulated,0.0,0.02691951106086221,confident nonbinder,0.5210544225752904,0.0017189457498975767
ITTPSD,src-f,Stimulated,0.0,0.026489244469157198,confident nonbinder,0.5210544225752904,0.0017189457498975767
PHIEIW,src-f,Stimulated,1.0,0.9669282776468773,confident binder,0.5210544225752904,0.0017189457498975767
FDKGEV,src-f,Stimulated,0.0,0.18297200284139034,confident nonbinder,0.5210544225752904,0.0017189457498975767
GSSGVI,src-f,Stimulated,0.0,0.32988765364482286,confident nonbinder,0.5210544225752904,0.0017189457498975767
SYSPQK,src-f,Stimulated,0.0,0.08604075844275538,confident nonbinder,0.5210544225752904,0.0017189457498975767
PYVKPV,src-f,Stimulated,1.0,0.912020171026548,confident binder,0.5210544225752904,0.0017189457498975767
SEEDLE,src-f,Stimulated,1.0,0.886310488892842,confident binder,0.5210544225752904,0.0017189457498975767
QLQQQY,src-f,Stimulated,1.0,0.5952867922986199,low-confidence,0.5210544225752904,0.0017189457498975767
SILTSS,src-f,Stimulated,1.0,0.5986870059809435,low-confidence,0.5210544225752904,0.0017189457498975767
VCADVQ,src-f,Stimulated,1.0,0.8455765240591826,confident binder,0.5210544225752904,0.0017189457498975767
RIDEIL,src-f,Stimulated,1.0,0.9192488746529615,confident binder,0.5210544225752904,0.0017189457498975767
DDGKDL,src-f,Stimulated,0.0,0.004930674292727943,confident nonbinder,0.5210544225752904,0.0017189457498975767
QQDAPE,src-f,Stimulated,0.0,0.36531124266346987,confident nonbinder,0.5210544225752904,0.0017189457498975767
LVVDLL,src-f,Stimulated,1.0,0.8880799795654795,confident binder,0.5210544225752904,0.0017189457498975767
PWGITP,src-f,Stimulated,1.0,0.8280927522571888,confident binder,0.5210544225752904,0.0017189457498975767
KKFSLK,src-f,Stimulated,1.0,0.789529338680441,confident binder,0.5210544225752904,0.0017189457498975767
SSQIPT,src-f,Stimulated,0.0,0.37572384895294686,confident nonbinder,0.5210544225752904,0.0017189457498975767
DRDSLG,src-f,Stimulated,1.0,0.5534008525687812,low-confidence,0.5210544225752904,0.0017189457498975767
LTGTPS,src-f,Stimulated,0.0,0.36448601389432617,confident nonbinder,0.5210544225752904,0.0017189457498975767
DDEDDS,src-f,Stimulated,0.0,0.014820053433076585,confident nonbinder,0.5210544225752904,0.0017189457498975767
EDEQAA,src-f,Stimulated,0.0,0.5,low-confidence,0.5210544225752904,0.0017189457498975767
EKDVSS,src-f,Stimulated,0.0,0.04212965281179699,confident nonbinder,0.5210544225752904,0.0017189457498975767
ATLSVA,src-f,Stimulated,1.0,0.9296923139466495,confident binder,0.5210544225752904,0.0017189457498975767
MPDSNR,src-f,Stimulated,0.0,0.04728958146652757,confident nonbinder,0.5210544225752904,0.0017189457498975767
LAEPKE,src-f,Stimulated,0.0,0.2545838266059916,confident nonbinder,0.5210544225752904,0.0017189457498975767
ETNYLL,src-f,Stimulated,1.0,0.8599753230447167,confident binder,0.5210544225752904,0.0017189457498975767
PNDKTS,src-f,Stimulated,0.0,0.02343414951334655,confident nonbinder,0.5210544225752904,0.0017189457498975767
DLVSDK,src-f,Stimulated,0.0,0.5253145369623492,low-confidence,0.5210544225752904,0.0017189457498975767
TAQGSS,src-f,Stimulated,0.0,0.02217312138297929,confident nonbinder,0.5210544225752904,0.0017189457498975767
STLASN,src-f,Stimulated,0.0,0.34082211841071924,confident nonbinder,0.5210544225752904,0.0017189457498975767
PTQLSR,src-f,Stimulated,0.0,0.2219492545946484,confident nonbinder,0.5210544225752904,0.0017189457498975767
DIANIP,src-f,Stimulated,1.0,0.9761574481765791,confident binder,0.5210544225752904,0.0017189457498975767
FEQGKT,src-f,Stimulated,0.0,0.27832998948153537,confident nonbinder,0.5210544225752904,0.0017189457498975767
MGMMAK,src-f,Stimulated,1.0,0.7664631963880898,confident binder,0.5210544225752904,0.0017189457498975767
KEEGEA,src-f,Stimulated,0.0,0.03861705360370415,confident nonbinder,0.5210544225752904,0.0017189457498975767
VERDLD,src-f,Stimulated,0.0,0.009261882861199763,confident nonbinder,0.5210544225752904,0.0017189457498975767
STAHLS,src-f,Stimulated,0.0,0.03859829646510305,confident nonbinder,0.5210544225752904,0.0017189457498975767
DREDRY,src-f,Stimulated,0.0,0.1277457912003585,confident nonbinder,0.5210544225752904,0.0017189457498975767
SLSDPL,src-f,Stimulated,1.0,0.891628055629684,confident binder,0.5210544225752904,0.0017189457498975767
PGVGFA,src-f,Stimulated,1.0,0.6526521451950588,confident binder,0.5210544225752904,0.0017189457498975767
EDDEQV,src-f,Stimulated,,,0,0.5210544225752904,0.0017189457498975767
LQALNV,src-f,Stimulated,1.0,0.7622847551343215,confident binder,0.5210544225752904,0.0017189457498975767
ITESPQ,src-f,Stimulated,1.0,0.6374474393804916,confident binder,0.5210544225752904,0.0017189457498975767
DFSEFG,src-f,Stimulated,1.0,0.6630894163382001,confident binder,0.5210544225752904,0.0017189457498975767
KVNGIL,src-f,Stimulated,1.0,0.686457657830353,confident binder,0.5210544225752904,0.0017189457498975767
TADAPA,src-f,Stimulated,1.0,0.8164651210004072,confident binder,0.5210544225752904,0.0017189457498975767
GFINTG,src-f,Stimulated,1.0,0.7486998376586899,confident binder,0.5210544225752904,0.0017189457498975767
SPGDVI,src-f,Stimulated,0.0,0.3288171059635742,confident nonbinder,0.5210544225752904,0.0017189457498975767
KKQEYI,src-f,Stimulated,0.0,0.5435344044787951,low-confidence,0.5210544225752904,0.0017189457498975767
VVTRPA,src-f,Stimulated,1.0,0.9528448371688191,confident binder,0.5210544225752904,0.0017189457498975767
NTTPAK,src-f,Stimulated,0.0,0.2483515664498611,confident nonbinder,0.5210544225752904,0.0017189457498975767
DLEHAQ,src-f,Stimulated,0.0,0.015596399080288304,confident nonbinder,0.5210544225752904,0.0017189457498975767
MLSPEL,src-f,Stimulated,0.0,0.3895306018138679,confident nonbinder,0.5210544225752904,0.0017189457498975767
AIEVVS,src-f,Stimulated,1.0,0.9412899141034929,confident binder,0.5210544225752904,0.0017189457498975767
ADLVYK,src-f,Stimulated,1.0,0.9367999931415781,confident binder,0.5210544225752904,0.0017189457498975767
RGSSLL,src-f,Stimulated,1.0,0.7258398030918278,confident binder,0.5210544225752904,0.0017189457498975767
WDECEP,src-f,Stimulated,0.0,0.0053852822270407195,confident nonbinder,0.5210544225752904,0.0017189457498975767
SIEESP,src-f,Stimulated,0.0,0.38578380325684775,confident nonbinder,0.5210544225752904,0.0017189457498975767
AHTGDK,src-f,Stimulated,0.0,0.046767629160790004,confident nonbinder,0.5210544225752904,0.0017189457498975767
EINVYD,src-f,Stimulated,1.0,0.6201049990862997,confident binder,0.5210544225752904,0.0017189457498975767
DHEATA,src-f,Stimulated,0.0,0.46627935331468806,low-confidence,0.5210544225752904,0.0017189457498975767
EKNVPL,src-f,Stimulated,0.0,0.5,low-confidence,0.5210544225752904,0.0017189457498975767
DRMEVS,src-f,Stimulated,1.0,0.8348092626704384,confident binder,0.5210544225752904,0.0017189457498975767
LLSHPT,src-f,Stimulated,0.0,0.04723204908943549,confident nonbinder,0.5210544225752904,0.0017189457498975767
TTDSSL,src-f,Stimulated,0.0,0.19053097488053922,confident nonbinder,0.5210544225752904,0.0017189457498975767
EIQSSQ,src-f,Stimulated,0.0,0.10847410457107437,confident nonbinder,0.5210544225752904,0.0017189457498975767
ATGTGS,src-f,Stimulated,0.0,0.019591595336752803,confident nonbinder,0.5210544225752904,0.0017189457498975767
NPTEFK,src-f,Stimulated,1.0,0.8540918557084745,confident binder,0.5210544225752904,0.0017189457498975767
SAPSEE,src-f,Stimulated,0.0,0.006110370208790845,confident nonbinder,0.5210544225752904,0.0017189457498975767
SPDVHD,src-f,Stimulated,0.0,0.17694431534527746,confident nonbinder,0.5210544225752904,0.0017189457498975767
LAALDL,src-f,Stimulated,1.0,0.8394512671920646,confident binder,0.5210544225752904,0.0017189457498975767
PMEEQW,src-f,Stimulated,1.0,0.7414210443275133,confident binder,0.5210544225752904,0.0017189457498975767
VDLDPL,src-f,Stimulated,1.0,0.8980703254838968,confident binder,0.5210544225752904,0.0017189457498975767
QAEPPP,src-f,Stimulated,0.0,0.36113509651349884,confident nonbinder,0.5210544225752904,0.0017189457498975767
QQLQPL,src-f,Stimulated,1.0,0.9137258436262523,confident binder,0.5210544225752904,0.0017189457498975767
IIKVPH,src-f,Stimulated,1.0,0.8186265473733088,confident binder,0.5210544225752904,0.0017189457498975767
DQTSSS,src-f,Stimulated,0.0,0.015890613500249732,confident nonbinder,0.5210544225752904,0.0017189457498975767
DISSQQ,src-f,Stimulated,0.0,0.13805159050878626,confident nonbinder,0.5210544225752904,0.0017189457498975767
HHVAAA,src-f,Stimulated,1.0,0.8890878482727386,confident binder,0.5210544225752904,0.0017189457498975767
WVTDQP,src-f,Stimulated,0.0,0.013432933448682573,confident nonbinder,0.5210544225752904,0.0017189457498975767
FIGNQD,src-f,Stimulated,1.0,0.6638737369873705,confident binder,0.5210544225752904,0.0017189457498975767
CADKTA,src-f,Stimulated,0.0,0.5284255445942125,low-confidence,0.5210544225752904,0.0017189457498975767
ELNPES,src-f,Stimulated,0.0,0.017135327568369794,confident nonbinder,0.5210544225752904,0.0017189457498975767
CLASPE,src-f,Stimulated,1.0,0.94765029220397,confident binder,0.5210544225752904,0.0017189457498975767
NIEAVK,src-f,Stimulated,,,1,0.5210544225752904,0.0017189457498975767
DDVELK,src-f,Stimulated,1.0,0.9583961689215834,confident binder,0.5210544225752904,0.0017189457498975767
AEMWME,src-f,Stimulated,1.0,0.9819357238846064,confident binder,0.5210544225752904,0.0017189457498975767
VVADIR,src-f,Stimulated,1.0,0.9278010818368319,confident binder,0.5210544225752904,0.0017189457498975767
SGDAYW,src-f,Stimulated,1.0,0.7628309628283426,confident binder,0.5210544225752904,0.0017189457498975767
EEEGSG,src-f,Stimulated,0.0,0.010200054521124399,confident nonbinder,0.5210544225752904,0.0017189457498975767
KIQEEE,src-f,Stimulated,0.0,0.10987321880603466,confident nonbinder,0.5210544225752904,0.0017189457498975767
EHQVLE,src-f,Stimulated,1.0,0.9397052629449536,confident binder,0.5210544225752904,0.0017189457498975767
SAEAGI,src-f,Stimulated,0.0,0.28940939955585443,confident nonbinder,0.5210544225752904,0.0017189457498975767
DDEVLE,src-f,Stimulated,1.0,0.9199924666019341,confident binder,0.5210544225752904,0.0017189457498975767
LDVELS,src-f,Stimulated,1.0,0.9555828516667917,confident binder,0.5210544225752904,0.0017189457498975767
HVELLE,src-f,Stimulated,1.0,0.9754053557154111,confident binder,0.5210544225752904,0.0017189457498975767
PLGQPS,src-f,Stimulated,0.0,0.3918023540655652,confident nonbinder,0.5210544225752904,0.0017189457498975767
TVSEVR,src-f,Stimulated,,,1,0.5210544225752904,0.0017189457498975767
SDELQD,src-f,Stimulated,0.0,0.08473059930847672,confident nonbinder,0.5210544225752904,0.0017189457498975767
EVESLP,src-f,Stimulated,1.0,0.9485689752519716,confident binder,0.5210544225752904,0.0017189457498975767
QIHNPT,src-f,Stimulated,1.0,0.9463276590776272,confident binder,0.5210544225752904,0.0017189457498975767
VLSLVQ,src-f,Stimulated,1.0,0.8894906719210556,confident binder,0.5210544225752904,0.0017189457498975767
FGATLK,src-f,Stimulated,1.0,0.987600051283178,confident binder,0.5210544225752904,0.0017189457498975767
TEDNVV,src-f,Stimulated,1.0,0.9818940289524282,confident binder,0.5210544225752904,0.0017189457498975767
YLGEGD,src-f,Stimulated,0.0,0.08353945310566896,confident nonbinder,0.5210544225752904,0.0017189457498975767
PESQIK,src-f,Stimulated,1.0,0.9087059402726093,confident binder,0.5210544225752904,0.0017189457498975767
NEGPVL,src-f,Stimulated,0.0,0.31132853411251693,confident nonbinder,0.5210544225752904,0.0017189457498975767
NPVLMV,src-f,Stimulated,1.0,0.9128853157197061,confident binder,0.5210544225752904,0.0017189457498975767
SHEEAL,src-f,Stimulated,1.0,0.8302055365877858,confident binder,0.5210544225752904,0.0017189457498975767
RLDLEL,src-f,Stimulated,0.0,0.4742486995222666,low-confidence,0.5210544225752904,0.0017189457498975767
DLLRPG,src-f,Stimulated,1.0,0.9677638346056894,confident binder,0.5210544225752904,0.0017189457498975767
VVEDMS,src-f,Stimulated,1.0,0.8972748649561894,confident binder,0.5210544225752904,0.0017189457498975767
LTFIYS,src-f,Stimulated,1.0,0.7814496747971067,confident binder,0.5210544225752904,0.0017189457498975767
LPSETR,src-f,Stimulated,0.0,0.4128088147442866,low-confidence,0.5210544225752904,0.0017189457498975767
AISVHV,src-f,Stimulated,1.0,0.8409244061487435,confident binder,0.5210544225752904,0.0017189457498975767
GHEEEE,src-f,Stimulated,0.0,0.09846082026264721,confident nonbinder,0.5210544225752904,0.0017189457498975767
GEQESL,src-f,Stimulated,0.0,0.1822458894093351,confident nonbinder,0.5210544225752904,0.0017189457498975767
SNCLPS,src-f,Stimulated,1.0,0.6243624402124907,confident binder,0.5210544225752904,0.0017189457498975767
SVDGPE,src-f,Stimulated,0.0,0.4286349534075193,low-confidence,0.5210544225752904,0.0017189457498975767
SLSQQV,src-f,Stimulated,0.0,0.5467305028060971,low-confidence,0.5210544225752904,0.0017189457498975767
QETSTL,src-f,Stimulated,0.0,0.2159781981574429,confident nonbinder,0.5210544225752904,0.0017189457498975767
YSSSIL,src-f,Stimulated,1.0,0.8467313296231996,confident binder,0.5210544225752904,0.0017189457498975767
DKISPS,src-f,Stimulated,1.0,0.5918998903185959,low-confidence,0.5210544225752904,0.0017189457498975767
EEIKDE,src-f,Stimulated,0.0,0.08569702847085872,confident nonbinder,0.5210544225752904,0.0017189457498975767
DEIDGD,src-f,Stimulated,0.0,0.14617368606206166,confident nonbinder,0.5210544225752904,0.0017189457498975767
INEAFV,src-f,Stimulated,1.0,0.6729617189624046,confident binder,0.5210544225752904,0.0017189457498975767
SVTGGT,src-f,Stimulated,0.0,0.05923353400364921,confident nonbinder,0.5210544225752904,0.0017189457498975767
GTQVEY,src-f,Stimulated,0.0,0.16673919822992386,confident nonbinder,0.5210544225752904,0.0017189457498975767
PVQSAP,src-f,Stimulated,0.0,0.424163889002282,low-confidence,0.5210544225752904,0.0017189457498975767
AFVPAQ,src-f,Stimulated,1.0,0.5677945800296293,low-confidence,0.5210544225752904,0.0017189457498975767
EEMELA,src-f,Stimulated,1.0,0.9741139701851569,confident binder,0.5210544225752904,0.0017189457498975767
PVQIQN,src-f,Stimulated,0.0,0.45868649200953154,low-confidence,0.5210544225752904,0.0017189457498975767
GFDPPR,src-f,Stimulated,1.0,0.6478614255641569,confident binder,0.5210544225752904,0.0017189457498975767
DETLMR,src-f,Stimulated,1.0,0.9236980374287052,confident binder,0.5210544225752904,0.0017189457498975767
DASNGQ,src-f,Stimulated,0.0,0.2525848961703816,confident nonbinder,0.5210544225752904,0.0017189457498975767
PMGAVT,src-f,Stimulated,0.0,0.4445161747421821,low-confidence,0.5210544225752904,0.0017189457498975767
ALDICF,src-f,Stimulated,1.0,0.8982682728457678,confident binder,0.5210544225752904,0.0017189457498975767
ALFTHD,src-f,Stimulated,1.0,0.7815379473291224,confident binder,0.5210544225752904,0.0017189457498975767
ANTIQS,src-f,Stimulated,0.0,0.17167707597231738,confident nonbinder,0.5210544225752904,0.0017189457498975767
REVDLE,src-f,Stimulated,1.0,0.7919341011822473,confident binder,0.5210544225752904,0.0017189457498975767
DVVQLY,src-f,Stimulated,1.0,0.9390330204938825,confident binder,0.5210544225752904,0.0017189457498975767
GPAEVK,src-f,Stimulated,1.0,0.9191200363473889,confident binder,0.5210544225752904,0.0017189457498975767
ANVELR,src-f,Stimulated,1.0,0.9665349484811308,confident binder,0.5210544225752904,0.0017189457498975767
ETSPFF,src-f,Stimulated,0.0,0.5476160261906,low-confidence,0.5210544225752904,0.0017189457498975767
LDYMLR,src-f,Stimulated,,,1,0.5210544225752904,0.0017189457498975767
NAEEEA,src-f,Stimulated,0.0,0.48404217430507396,low-confidence,0.5210544225752904,0.0017189457498975767
PIDEVE,src-f,Stimulated,1.0,0.8922687276993059,confident binder,0.5210544225752904,0.0017189457498975767
VLEIPT,src-f,Stimulated,1.0,0.9267120951458296,confident binder,0.5210544225752904,0.0017189457498975767
VDYGIP,src-f,Stimulated,1.0,0.7063829711792659,confident binder,0.5210544225752904,0.0017189457498975767
YLEPVY,src-f,Stimulated,1.0,0.9074495709639818,confident binder,0.5210544225752904,0.0017189457498975767
-MTAIP,src-f,Stimulated,,,,0.5210544225752904,0.0017189457498975767
EDVSIL,src-f,Stimulated,1.0,0.9352882312632448,confident binder,0.5210544225752904,0.0017189457498975767
VNEEFV,src-f,Stimulated,1.0,0.7954270697865428,confident binder,0.5210544225752904,0.0017189457498975767
NLAWGQ,src-f,Stimulated,1.0,0.9867408256838267,confident binder,0.5210544225752904,0.0017189457498975767
LNSPTC,src-f,Stimulated,1.0,0.9186153287149017,confident binder,0.5210544225752904,0.0017189457498975767
GVEEVD,src-f,Stimulated,1.0,0.926037352372709,confident binder,0.5210544225752904,0.0017189457498975767
AEHAVV,src-f,Stimulated,1.0,0.8567890725944428,confident binder,0.5210544225752904,0.0017189457498975767
RPGCDV,src-f,Stimulated,0.0,0.01574182652563767,confident nonbinder,0.5210544225752904,0.0017189457498975767
DTIEDA,src-f,Stimulated,0.0,0.5,low-confidence,0.5210544225752904,0.0017189457498975767
FIVDVI,src-f,Stimulated,1.0,0.8492164236069663,confident binder,0.5210544225752904,0.0017189457498975767
AVKVPP,src-f,Stimulated,1.0,0.8346567537800159,confident binder,0.5210544225752904,0.0017189457498975767
PVSGAV,src-f,Stimulated,0.0,0.3731637905824208,confident nonbinder,0.5210544225752904,0.0017189457498975767
YQALAN,src-f,Stimulated,1.0,0.635169641201629,confident binder,0.5210544225752904,0.0017189457498975767
KADHLF,src-f,Stimulated,0.0,0.10517270246944709,confident nonbinder,0.5210544225752904,0.0017189457498975767
GKQDAE,src-f,Stimulated,0.0,0.09776335246198249,confident nonbinder,0.5210544225752904,0.0017189457498975767
EETWEE,src-f,Stimulated,1.0,0.8998724998939913,confident binder,0.5210544225752904,0.0017189457498975767
QDIITP,src-f,Stimulated,0.0,0.3921266200498027,confident nonbinder,0.5210544225752904,0.0017189457498975767
PVEPTP,src-f,Stimulated,0.0,0.12611455059052476,confident nonbinder,0.5210544225752904,0.0017189457498975767
PLDVPN,src-f,Stimulated,1.0,0.9185826909222435,confident binder,0.5210544225752904,0.0017189457498975767
FEIEEN,src-f,Stimulated,1.0,0.7441006080563328,confident binder,0.5210544225752904,0.0017189457498975767
GYWITG,src-f,Stimulated,1.0,0.9309852528726605,confident binder,0.5210544225752904,0.0017189457498975767
ETVQDR,src-f,Stimulated,0.0,0.238996428950546,confident nonbinder,0.5210544225752904,0.0017189457498975767
EFQDTF,src-f,Stimulated,1.0,0.6749151829628316,confident binder,0.5210544225752904,0.0017189457498975767
DDKTLI,src-f,Stimulated,1.0,0.8499693583371759,confident binder,0.5210544225752904,0.0017189457498975767
KPISWP,src-f,Stimulated,1.0,0.9875553887884293,confident binder,0.5210544225752904,0.0017189457498975767
KSSFPK,src-f,Stimulated,0.0,0.5144345309715578,low-confidence,0.5210544225752904,0.0017189457498975767
DEEEVE,src-f,Stimulated,,,1,0.5210544225752904,0.0017189457498975767
QGESFS,src-f,Stimulated,1.0,0.6889212567534112,confident binder,0.5210544225752904,0.0017189457498975767
LINLLK,src-f,Stimulated,1.0,0.9227698126178993,confident binder,0.5210544225752904,0.0017189457498975767
DPSDLS,src-f,Stimulated,1.0,0.7466859900138935,confident binder,0.5210544225752904,0.0017189457498975767
LVEADG,src-f,Stimulated,0.0,0.4201998762835562,low-confidence,0.5210544225752904,0.0017189457498975767
VDEQIK,src-f,Stimulated,,,1,0.5210544225752904,0.0017189457498975767
PYVAPE,src-f,Stimulated,1.0,0.9150932641151208,confident binder,0.5210544225752904,0.0017189457498975767
PPSPQA,src-f,Stimulated,0.0,0.04938978075456231,confident nonbinder,0.5210544225752904,0.0017189457498975767
AIDLIE,src-f,Stimulated,1.0,0.9347103798499333,confident binder,0.5210544225752904,0.0017189457498975767
SISPAF,src-f,Stimulated,0.0,0.4379738345484926,low-confidence,0.5210544225752904,0.0017189457498975767
SKSVAI,src-f,Stimulated,0.0,0.41068280953901953,low-confidence,0.5210544225752904,0.0017189457498975767
QSMDPR,src-f,Stimulated,1.0,0.7786463505697925,confident binder,0.5210544225752904,0.0017189457498975767
LSSLGS,src-f,Stimulated,0.0,0.2125098966093396,confident nonbinder,0.5210544225752904,0.0017189457498975767
YDEDLK,src-f,Stimulated,1.0,0.9293475523305079,confident binder,0.5210544225752904,0.0017189457498975767
DEKSED,src-f,Stimulated,0.0,0.007838111553460196,confident nonbinder,0.5210544225752904,0.0017189457498975767
AESTWN,src-f,Stimulated,1.0,0.9950142833406551,confident binder,0.5210544225752904,0.0017189457498975767
DLNASP,src-f,Stimulated,0.0,0.10100649876173125,confident nonbinder,0.5210544225752904,0.0017189457498975767
AVPAVN,src-f,Stimulated,1.0,0.7209653805501115,confident binder,0.5210544225752904,0.0017189457498975767
EDQWLR,src-f,Stimulated,1.0,0.993210218809235,confident binder,0.5210544225752904,0.0017189457498975767
TVNSPT,src-f,Stimulated,0.0,0.4900258122863706,low-confidence,0.5210544225752904,0.0017189457498975767
VHARPS,src-f,Stimulated,1.0,0.9298041792594911,confident binder,0.5210544225752904,0.0017189457498975767
QDDTIG,src-f,Stimulated,1.0,0.7533083653195105,confident binder,0.5210544225752904,0.0017189457498975767
TKESSL,src-f,Stimulated,0.0,0.1753629610525247,confident nonbinder,0.5210544225752904,0.0017189457498975767
NSEPIK,src-f,Stimulated,1.0,0.8549319105193176,confident binder,0.5210544225752904,0.0017189457498975767
ILQNLN,src-f,Stimulated,1.0,0.9804168519871851,confident binder,0.5210544225752904,0.0017189457498975767
SVITLK,src-f,Stimulated,1.0,0.9545666762433831,confident binder,0.5210544225752904,0.0017189457498975767
PFDMLA,src-f,Stimulated,1.0,0.9772682821275732,confident binder,0.5210544225752904,0.0017189457498975767
GSGDLG,src-f,Stimulated,0.0,0.19819596844994106,confident nonbinder,0.5210544225752904,0.0017189457498975767
EIMLPR,src-f,Stimulated,1.0,0.9440081253473088,confident binder,0.5210544225752904,0.0017189457498975767
QLLQAL,src-f,Stimulated,1.0,0.9231743832474749,confident binder,0.5210544225752904,0.0017189457498975767
AFQLIH,src-f,Stimulated,1.0,0.9583350971513201,confident binder,0.5210544225752904,0.0017189457498975767
DVSMLH,src-f,Stimulated,1.0,0.9671197266071148,confident binder,0.5210544225752904,0.0017189457498975767
HFTDGP,src-f,Stimulated,0.0,0.2703975504002599,confident nonbinder,0.5210544225752904,0.0017189457498975767
PNESPS,src-f,Stimulated,0.0,0.3133497036376148,confident nonbinder,0.5210544225752904,0.0017189457498975767
TQVSTR,src-f,Stimulated,0.0,0.34924370918885606,confident nonbinder,0.5210544225752904,0.0017189457498975767
SQGWSG,src-f,Stimulated,0.0,0.48199934926713195,low-confidence,0.5210544225752904,0.0017189457498975767
DAGSLD,src-f,Stimulated,0.0,0.4096060202105963,low-confidence,0.5210544225752904,0.0017189457498975767
SPGQPP,src-f,Stimulated,0.0,0.07390881350553966,confident nonbinder,0.5210544225752904,0.0017189457498975767
TVEYDS,src-f,Stimulated,0.0,0.28178577779811814,confident nonbinder,0.5210544225752904,0.0017189457498975767
NEVEVT,src-f,Stimulated,1.0,0.9438581060962347,confident binder,0.5210544225752904,0.0017189457498975767
DIAVPI,src-f,Stimulated,1.0,0.9330608264854667,confident binder,0.5210544225752904,0.0017189457498975767
DEHPEE,src-f,Stimulated,0.0,0.004469416826825309,confident nonbinder,0.5210544225752904,0.0017189457498975767
QTDEEF,src-f,Stimulated,0.0,0.3950041145253156,confident nonbinder,0.5210544225752904,0.0017189457498975767
DDPGSY,src-f,Stimulated,0.0,0.0036650372587639316,confident nonbinder,0.5210544225752904,0.0017189457498975767
RLSEVS,src-f,Stimulated,1.0,0.7878135840537956,confident binder,0.5210544225752904,0.0017189457498975767
GIERPV,src-f,Stimulated,1.0,0.9617372973807703,confident binder,0.5210544225752904,0.0017189457498975767
NQAVLE,src-f,Stimulated,,,1,0.5210544225752904,0.0017189457498975767
LDYSIP,src-f,Stimulated,1.0,0.9040775374810742,confident binder,0.5210544225752904,0.0017189457498975767
PLSSST,src-f,Stimulated,0.0,0.17005334684218956,confident nonbinder,0.5210544225752904,0.0017189457498975767
ILSQCG,src-f,Stimulated,0.0,0.441880502854356,low-confidence,0.5210544225752904,0.0017189457498975767
NLTFVL,src-f,Stimulated,1.0,0.950409106006534,confident binder,0.5210544225752904,0.0017189457498975767
LAQLQV,src-f,Stimulated,1.0,0.7881276909657383,confident binder,0.5210544225752904,0.0017189457498975767
EMSISR,src-f,Stimulated,0.0,0.37847434484620474,confident nonbinder,0.5210544225752904,0.0017189457498975767
ILEGTH,src-f,Stimulated,0.0,0.43740176183608837,low-confidence,0.5210544225752904,0.0017189457498975767
DNAEPI,src-f,Stimulated,1.0,0.8231969161399156,confident binder,0.5210544225752904,0.0017189457498975767
NWQVTQ,src-f,Stimulated,1.0,0.9493998867189279,confident binder,0.5210544225752904,0.0017189457498975767
IKHDIP,src-f,Stimulated,1.0,0.7296118389744387,confident binder,0.5210544225752904,0.0017189457498975767
DIATET,src-f,Stimulated,,,0,0.5210544225752904,0.0017189457498975767
GGMTLN,src-f,Stimulated,,,1,0.5210544225752904,0.0017189457498975767
PEVKPD,src-f,Stimulated,1.0,0.6961246003530254,confident binder,0.5210544225752904,0.0017189457498975767
AFAGSR,src-f,Stimulated,0.0,0.4228938391728526,low-confidence,0.5210544225752904,0.0017189457498975767
TDVEIL,src-f,Stimulated,1.0,0.9627284688448069,confident binder,0.5210544225752904,0.0017189457498975767
ELVSSS,src-f,Stimulated,0.0,0.5054560887155818,low-confidence,0.5210544225752904,0.0017189457498975767
PEIRER,src-f,Stimulated,1.0,0.6291716050211809,confident binder,0.5210544225752904,0.0017189457498975767
SVLSTP,src-f,Stimulated,0.0,0.5083637364758555,low-confidence,0.5210544225752904,0.0017189457498975767
DMTNGS,src-f,Stimulated,0.0,0.5157443646495831,low-confidence,0.5210544225752904,0.0017189457498975767
PMGSQT,src-f,Stimulated,0.0,0.02553536610255995,confident nonbinder,0.5210544225752904,0.0017189457498975767
DMTDNR,src-f,Stimulated,0.0,0.2853881546573343,confident nonbinder,0.5210544225752904,0.0017189457498975767
STDITR,src-f,Stimulated,0.0,0.23384986750720846,confident nonbinder,0.5210544225752904,0.0017189457498975767
SSSDWV,src-f,Stimulated,1.0,0.9869183582234617,confident binder,0.5210544225752904,0.0017189457498975767
DPQPEI,src-f,Stimulated,0.0,0.02445091477560673,confident nonbinder,0.5210544225752904,0.0017189457498975767
EVDIAF,src-f,Stimulated,1.0,0.8904568932119452,confident binder,0.5210544225752904,0.0017189457498975767
QESKPA,src-f,Stimulated,1.0,0.713249460717204,confident binder,0.5210544225752904,0.0017189457498975767
HQVSSG,src-f,Stimulated,0.0,0.047718017161674176,confident nonbinder,0.5210544225752904,0.0017189457498975767
PITEFD,src-f,Stimulated,1.0,0.7729714036384241,confident binder,0.5210544225752904,0.0017189457498975767
DDSEDE,src-f,Stimulated,0.0,0.010972455501353012,confident nonbinder,0.5210544225752904,0.0017189457498975767
TEATLR,src-f,Stimulated,1.0,0.9777855555983875,confident binder,0.5210544225752904,0.0017189457498975767
VDDGIN,src-f,Stimulated,1.0,0.6558900864772212,confident binder,0.5210544225752904,0.0017189457498975767
MEHSPD,src-f,Stimulated,0.0,0.18553737229941447,confident nonbinder,0.5210544225752904,0.0017189457498975767
DTTLVQ,src-f,Stimulated,1.0,0.8541549797469671,confident binder,0.5210544225752904,0.0017189457498975767
NRSTVS,src-f,Stimulated,1.0,0.76342169057352,confident binder,0.5210544225752904,0.0017189457498975767
QPVPVE,src-f,Stimulated,1.0,0.6405454202253303,confident binder,0.5210544225752904,0.0017189457498975767
IPIESE,src-f,Stimulated,0.0,0.37536535566744506,confident nonbinder,0.5210544225752904,0.0017189457498975767
PDGTAT,src-f,Stimulated,0.0,0.025969621306298502,confident nonbinder,0.5210544225752904,0.0017189457498975767
SEIMET,src-f,Stimulated,0.0,0.42308498774007997,low-confidence,0.5210544225752904,0.0017189457498975767
ERHSLA,src-f,Stimulated,1.0,0.8814003845531155,confident binder,0.5210544225752904,0.0017189457498975767
MLLGSR,src-f,Stimulated,1.0,0.5834523386551325,low-confidence,0.5210544225752904,0.0017189457498975767
RDDHLF,src-f,Stimulated,0.0,0.031940802760238036,confident nonbinder,0.5210544225752904,0.0017189457498975767
SLTNAK,src-f,Stimulated,1.0,0.9536739338710623,confident binder,0.5210544225752904,0.0017189457498975767
SDFEFA,src-f,Stimulated,1.0,0.767041344677914,confident binder,0.5210544225752904,0.0017189457498975767
MGQNVE,src-f,Stimulated,1.0,0.9257343538691097,confident binder,0.5210544225752904,0.0017189457498975767
LFDESP,src-f,Stimulated,1.0,0.6018102489066135,confident binder,0.5210544225752904,0.0017189457498975767
GHDLPP,src-f,Stimulated,1.0,0.6105501776891633,confident binder,0.5210544225752904,0.0017189457498975767
VELLMG,src-f,Stimulated,1.0,0.8672025369512361,confident binder,0.5210544225752904,0.0017189457498975767
KDSEAD,src-f,Stimulated,0.0,0.07860522073600085,confident nonbinder,0.5210544225752904,0.0017189457498975767
GESYFS,src-f,Stimulated,0.0,0.401079752752829,low-confidence,0.5210544225752904,0.0017189457498975767
SMNSVS,src-f,Stimulated,0.0,0.5,low-confidence,0.5210544225752904,0.0017189457498975767
SDGRPL,src-f,Stimulated,0.0,0.39345332612207395,confident nonbinder,0.5210544225752904,0.0017189457498975767
ENIPDE,src-f,Stimulated,0.0,0.013772716985252988,confident nonbinder,0.5210544225752904,0.0017189457498975767
DILDDL,src-f,Stimulated,1.0,0.6834020039668043,confident binder,0.5210544225752904,0.0017189457498975767
KELSLM,src-f,Stimulated,1.0,0.959920339145088,confident binder,0.5210544225752904,0.0017189457498975767
PDAAGL,src-f,Stimulated,0.0,0.2807784238500493,confident nonbinder,0.5210544225752904,0.0017189457498975767
ELEEWL,src-f,Stimulated,1.0,0.999990134045194,confident binder,0.5210544225752904,0.0017189457498975767
LDDEEV,src-f,Stimulated,0.0,0.2974009423246861,confident nonbinder,0.5210544225752904,0.0017189457498975767
EGGYGH,src-f,Stimulated,0.0,0.017808084063427262,confident nonbinder,0.5210544225752904,0.0017189457498975767
DNIPIF,src-f,Stimulated,1.0,0.8673651261532614,confident binder,0.5210544225752904,0.0017189457498975767
TEGMGS,src-f,Stimulated,0.0,0.024045775408279697,confident nonbinder,0.5210544225752904,0.0017189457498975767
QVADTQ,src-f,Stimulated,0.0,0.5,low-confidence,0.5210544225752904,0.0017189457498975767
EYEVLD,src-f,Stimulated,1.0,0.9800760402469141,confident binder,0.5210544225752904,0.0017189457498975767
CDFPSP,src-f,Stimulated,0.0,0.0770275348489137,confident nonbinder,0.5210544225752904,0.0017189457498975767
EGETVS,src-f,Stimulated,1.0,0.8866389969257329,confident binder,0.5210544225752904,0.0017189457498975767
YDSEPG,src-f,Stimulated,0.0,0.24809684467514903,confident nonbinder,0.5210544225752904,0.0017189457498975767
PNSIPQ,src-f,Stimulated,0.0,0.30902735340586945,confident nonbinder,0.5210544225752904,0.0017189457498975767
TNSFTH,src-f,Stimulated,0.0,0.17281274371508834,confident nonbinder,0.5210544225752904,0.0017189457498975767
IVCVTS,src-f,Stimulated,1.0,0.7344339028957894,confident binder,0.5210544225752904,0.0017189457498975767
VEEQLK,src-f,Stimulated,1.0,0.9678996057706805,confident binder,0.5210544225752904,0.0017189457498975767
LCTAEK,src-f,Stimulated,1.0,0.6091457306686497,confident binder,0.5210544225752904,0.0017189457498975767
SKVSLI,src-f,Stimulated,1.0,0.8561509932198834,confident binder,0.5210544225752904,0.0017189457498975767
SQSPWS,src-f,Stimulated,1.0,0.9648386929554311,confident binder,0.5210544225752904,0.0017189457498975767
DMEHET,src-f,Stimulated,0.0,0.0017116948060639965,confident nonbinder,0.5210544225752904,0.0017189457498975767
LAVAPT,src-f,Stimulated,1.0,0.8894865894473588,confident binder,0.5210544225752904,0.0017189457498975767
HAVSFK,src-f,Stimulated,1.0,0.8282936283924603,confident binder,0.5210544225752904,0.0017189457498975767
PAALSS,src-f,Stimulated,0.0,0.3100655155719953,confident nonbinder,0.5210544225752904,0.0017189457498975767
MVDSPL,src-f,Stimulated,1.0,0.8070563966338609,confident binder,0.5210544225752904,0.0017189457498975767
RIDLNI,src-f,Stimulated,0.0,0.3709072638267727,confident nonbinder,0.5210544225752904,0.0017189457498975767
SSTVPL,src-f,Stimulated,1.0,0.7522754462801498,confident binder,0.5210544225752904,0.0017189457498975767
YGANSG,src-f,Stimulated,0.0,0.4417108722326367,low-confidence,0.5210544225752904,0.0017189457498975767
PESTQQ,src-f,Stimulated,0.0,0.06812957248334836,confident nonbinder,0.5210544225752904,0.0017189457498975767
EMEEKL,src-f,Stimulated,1.0,0.8585241617005859,confident binder,0.5210544225752904,0.0017189457498975767
EDFEPI,src-f,Stimulated,1.0,0.7981274437729556,confident binder,0.5210544225752904,0.0017189457498975767
EVDSSQ,src-f,Stimulated,0.0,0.11282880737954618,confident nonbinder,0.5210544225752904,0.0017189457498975767
EDRDTV,src-f,Stimulated,0.0,0.00024815164492892353,confident nonbinder,0.5210544225752904,0.0017189457498975767
QLQEIQ,src-f,Stimulated,1.0,0.9615353057838424,confident binder,0.5210544225752904,0.0017189457498975767
DDSDPF,src-f,Stimulated,1.0,0.7011805339012164,confident binder,0.5210544225752904,0.0017189457498975767
NTQSLV,src-f,Stimulated,1.0,0.9289447507887888,confident binder,0.5210544225752904,0.0017189457498975767
GTHCTE,src-f,Stimulated,0.0,0.09990949759806884,confident nonbinder,0.5210544225752904,0.0017189457498975767
IDIDSC,src-f,Stimulated,1.0,0.9711527046702098,confident binder,0.5210544225752904,0.0017189457498975767
SIESVR,src-f,Stimulated,1.0,0.9370539622256284,confident binder,0.5210544225752904,0.0017189457498975767
QVLPGR,src-f,Stimulated,0.0,0.52919820294519,low-confidence,0.5210544225752904,0.0017189457498975767
SKTDLV,src-f,Stimulated,1.0,0.8439930152518755,confident binder,0.5210544225752904,0.0017189457498975767
EDEQGL,src-f,Stimulated,0.0,0.1609321322696014,confident nonbinder,0.5210544225752904,0.0017189457498975767
VNVPSR,src-f,Stimulated,0.0,0.10806844805349135,confident nonbinder,0.5210544225752904,0.0017189457498975767
VMVGAK,src-f,Stimulated,1.0,0.653636272297589,confident binder,0.5210544225752904,0.0017189457498975767
VIQDAI,src-f,Stimulated,1.0,0.6713952588020958,confident binder,0.5210544225752904,0.0017189457498975767
RTGEPE,src-f,Stimulated,0.0,0.06647420208659645,confident nonbinder,0.5210544225752904,0.0017189457498975767
AMTSHL,src-f,Stimulated,1.0,0.7102768285622165,confident binder,0.5210544225752904,0.0017189457498975767
KEHFIS,src-f,Stimulated,1.0,0.8290125411851165,confident binder,0.5210544225752904,0.0017189457498975767
MAEPQG,src-f,Stimulated,0.0,0.034470334537337145,confident nonbinder,0.5210544225752904,0.0017189457498975767
PPSDFH,src-f,Stimulated,1.0,0.5896539023813037,low-confidence,0.5210544225752904,0.0017189457498975767
SVLVPT,src-f,Stimulated,1.0,0.9345430855361968,confident binder,0.5210544225752904,0.0017189457498975767
EDVPYT,src-f,Stimulated,0.0,0.3285570705293674,confident nonbinder,0.5210544225752904,0.0017189457498975767
TPMVNG,src-f,Stimulated,0.0,0.18186506673993524,confident nonbinder,0.5210544225752904,0.0017189457498975767
KEETNW,src-f,Stimulated,0.0,0.20360998967641092,confident nonbinder,0.5210544225752904,0.0017189457498975767
DLCNTR,src-f,Stimulated,1.0,0.9578523189251779,confident binder,0.5210544225752904,0.0017189457498975767
RTMDVM,src-f,Stimulated,1.0,0.809346222291271,confident binder,0.5210544225752904,0.0017189457498975767
ALDYAG,src-f,Stimulated,0.0,0.5426620759459325,low-confidence,0.5210544225752904,0.0017189457498975767
QPLEMD,src-f,Stimulated,1.0,0.9242785977386461,confident binder,0.5210544225752904,0.0017189457498975767
KVDQTN,src-f,Stimulated,0.0,0.1937044390764234,confident nonbinder,0.5210544225752904,0.0017189457498975767
VDITIS,src-f,Stimulated,1.0,0.9012482462286159,confident binder,0.5210544225752904,0.0017189457498975767
TGGGYE,src-f,Stimulated,0.0,0.06789660433104054,confident nonbinder,0.5210544225752904,0.0017189457498975767
PHELFS,src-f,Stimulated,1.0,0.8320937185970745,confident binder,0.5210544225752904,0.0017189457498975767
EERVPD,src-f,Stimulated,0.0,0.0010974146308167444,confident nonbinder,0.5210544225752904,0.0017189457498975767
PLLQPD,src-f,Stimulated,1.0,0.9488765367142943,confident binder,0.5210544225752904,0.0017189457498975767
PEAVTQ,src-f,Stimulated,0.0,0.2834463229559317,confident nonbinder,0.5210544225752904,0.0017189457498975767
EIVVPD,src-f,Stimulated,1.0,0.9378923358472181,confident binder,0.5210544225752904,0.0017189457498975767
GECPEV,src-f,Stimulated,0.0,0.10299910125778544,confident nonbinder,0.5210544225752904,0.0017189457498975767
ETCVEE,src-f,Stimulated,0.0,0.2872607234243088,confident nonbinder,0.5210544225752904,0.0017189457498975767
TVSNSE,src-f,Stimulated,1.0,0.6338868075681323,confident binder,0.5210544225752904,0.0017189457498975767
QVQAPL,src-f,Stimulated,1.0,0.917688440464233,confident binder,0.5210544225752904,0.0017189457498975767
EQGAVR,src-f,Stimulated,0.0,0.5301538982450256,low-confidence,0.5210544225752904,0.0017189457498975767
EDGDIE,src-f,Stimulated,0.0,0.531637976404819,low-confidence,0.5210544225752904,0.0017189457498975767
QNTSAV,src-f,Stimulated,0.0,0.27476912050209396,confident nonbinder,0.5210544225752904,0.0017189457498975767
ITADLN,src-f,Stimulated,1.0,0.9025117565581118,confident binder,0.5210544225752904,0.0017189457498975767
ASYGGR,src-f,Stimulated,0.0,0.0677228686199889,confident nonbinder,0.5210544225752904,0.0017189457498975767
EELEQS,src-f,Stimulated,0.0,0.4880726140658194,low-confidence,0.5210544225752904,0.0017189457498975767
ISTGPS,src-f,Stimulated,0.0,0.1587676762219828,confident nonbinder,0.5210544225752904,0.0017189457498975767
ALEAIK,src-f,Stimulated,,,1,0.5210544225752904,0.0017189457498975767
GLELWK,src-f,Stimulated,1.0,0.9999828321228323,confident binder,0.5210544225752904,0.0017189457498975767
DQSELF,src-f,Stimulated,1.0,0.9530798216624208,confident binder,0.5210544225752904,0.0017189457498975767
NVATTV,src-f,Stimulated,1.0,0.7740903538070113,confident binder,0.5210544225752904,0.0017189457498975767
TVGVSP,src-f,Stimulated,,,0,0.5210544225752904,0.0017189457498975767
FSQVAS,src-f,Stimulated,1.0,0.6990631624116812,confident binder,0.5210544225752904,0.0017189457498975767
SNITPV,src-f,Stimulated,1.0,0.8250027308253051,confident binder,0.5210544225752904,0.0017189457498975767
DEDIPR,src-f,Stimulated,,,1,0.5210544225752904,0.0017189457498975767
VGLEFT,src-f,Stimulated,1.0,0.8118615283547131,confident binder,0.5210544225752904,0.0017189457498975767
EVGMMP,src-f,Stimulated,1.0,0.7198990189196021,confident binder,0.5210544225752904,0.0017189457498975767
FLDTHQ,src-f,Stimulated,1.0,0.8956544723973745,confident binder,0.5210544225752904,0.0017189457498975767
PASFSS,src-f,Stimulated,0.0,0.12256390730486458,confident nonbinder,0.5210544225752904,0.0017189457498975767
LDFSDK,src-f,Stimulated,0.0,0.16864547321598247,confident nonbinder,0.5210544225752904,0.0017189457498975767
EVALLY,src-f,Stimulated,1.0,0.9673360860393999,confident binder,0.5210544225752904,0.0017189457498975767
IIEPHP,src-f,Stimulated,0.0,0.40977474859834895,low-confidence,0.5210544225752904,0.0017189457498975767
DDDYLQ,src-f,Stimulated,1.0,0.7185417902257154,confident binder,0.5210544225752904,0.0017189457498975767
NNEVQS,src-f,Stimulated,0.0,0.17625018234536544,confident nonbinder,0.5210544225752904,0.0017189457498975767
QDLIAL,src-f,Stimulated,1.0,0.869138701285084,confident binder,0.5210544225752904,0.0017189457498975767
ADDLSA,src-f,Stimulated,0.0,0.2577259756253565,confident nonbinder,0.5210544225752904,0.0017189457498975767
SAESFL,src-f,Stimulated,1.0,0.7346703786802592,confident binder,0.5210544225752904,0.0017189457498975767
KDQDCS,src-f,Stimulated,0.0,0.08825483318794122,confident nonbinder,0.5210544225752904,0.0017189457498975767
EPEPIS,src-f,Stimulated,1.0,0.7113555622583828,confident binder,0.5210544225752904,0.0017189457498975767
RHVVCS,src-f,Stimulated,1.0,0.5879918164339379,low-confidence,0.5210544225752904,0.0017189457498975767
NNGYGN,src-f,Stimulated,0.0,0.0074343536401786205,confident nonbinder,0.5210544225752904,0.0017189457498975767
FDQQAF,src-f,Stimulated,1.0,0.8471667728418758,confident binder,0.5210544225752904,0.0017189457498975767
NPGEWQ,src-f,Stimulated,1.0,0.9828271716511676,confident binder,0.5210544225752904,0.0017189457498975767
KVDITE,src-f,Stimulated,0.0,0.23946092944590955,confident nonbinder,0.5210544225752904,0.0017189457498975767
QFQPPR,src-f,Stimulated,1.0,0.7221964315095204,confident binder,0.5210544225752904,0.0017189457498975767
EEMTDE,src-f,Stimulated,0.0,0.05075899977001376,confident nonbinder,0.5210544225752904,0.0017189457498975767
DADNFD,src-f,Stimulated,1.0,0.8686162360737464,confident binder,0.5210544225752904,0.0017189457498975767
LPEDVA,src-f,Stimulated,1.0,0.9614776240961868,confident binder,0.5210544225752904,0.0017189457498975767
ACAGAA,src-f,Stimulated,1.0,0.5934767340568905,low-confidence,0.5210544225752904,0.0017189457498975767
QEGPEI,src-f,Stimulated,0.0,0.007072643968384219,confident nonbinder,0.5210544225752904,0.0017189457498975767
QAAISA,src-f,Stimulated,1.0,0.6646269110669376,confident binder,0.5210544225752904,0.0017189457498975767
PDLSPE,src-f,Stimulated,1.0,0.6559785040272015,confident binder,0.5210544225752904,0.0017189457498975767
PLSEID,src-f,Stimulated,1.0,0.9377608039811527,confident binder,0.5210544225752904,0.0017189457498975767
AVSNDD,src-f,Stimulated,0.0,0.4249860639843821,low-confidence,0.5210544225752904,0.0017189457498975767
SDAQMD,src-f,Stimulated,1.0,0.6824314887543848,confident binder,0.5210544225752904,0.0017189457498975767
IDVIPK,src-f,Stimulated,1.0,0.8757432599310768,confident binder,0.5210544225752904,0.0017189457498975767
TVGGSD,src-f,Stimulated,0.0,0.009956284779760488,confident nonbinder,0.5210544225752904,0.0017189457498975767
EDVDVL,src-f,Stimulated,1.0,0.9202212613925831,confident binder,0.5210544225752904,0.0017189457498975767
LHDPAE,src-f,Stimulated,0.0,0.20018530762258513,confident nonbinder,0.5210544225752904,0.0017189457498975767
MLGSAP,src-f,Stimulated,,,0,0.5210544225752904,0.0017189457498975767
TPFDAG,src-f,Stimulated,0.0,0.18262664000374731,confident nonbinder,0.5210544225752904,0.0017189457498975767
SDSEMA,src-f,Stimulated,1.0,0.8266147384963209,confident binder,0.5210544225752904,0.0017189457498975767
RFNNHA,src-f,Stimulated,1.0,0.7311698282358516,confident binder,0.5210544225752904,0.0017189457498975767
SAVAGE,src-f,Stimulated,0.0,0.19422516608948312,confident nonbinder,0.5210544225752904,0.0017189457498975767
EDSEGG,src-f,Stimulated,0.0,0.01638757827765973,confident nonbinder,0.5210544225752904,0.0017189457498975767
ANGFSN,src-f,Stimulated,0.0,0.01494636846018017,confident nonbinder,0.5210544225752904,0.0017189457498975767
NFENLI,src-f,Stimulated,1.0,0.993207122921137,confident binder,0.5210544225752904,0.0017189457498975767
DFCLVS,src-f,Stimulated,1.0,0.9285730411470761,confident binder,0.5210544225752904,0.0017189457498975767
SLASSQ,src-f,Stimulated,0.0,0.3157307359090671,confident nonbinder,0.5210544225752904,0.0017189457498975767
AETHFY,src-f,Stimulated,0.0,0.032510875287819645,confident nonbinder,0.5210544225752904,0.0017189457498975767
YPSQSD,src-f,Stimulated,0.0,0.03515868129304805,confident nonbinder,0.5210544225752904,0.0017189457498975767
CLELPE,src-f,Stimulated,,,1,0.5210544225752904,0.0017189457498975767
YTNNWS,src-f,Stimulated,1.0,0.9907470822966329,confident binder,0.5210544225752904,0.0017189457498975767
KTEDLK,src-f,Stimulated,1.0,0.9220187906576256,confident binder,0.5210544225752904,0.0017189457498975767
ELDCQQ,src-f,Stimulated,1.0,0.578572591071645,low-confidence,0.5210544225752904,0.0017189457498975767
ESEDGP,src-f,Stimulated,0.0,0.05386960255818785,confident nonbinder,0.5210544225752904,0.0017189457498975767
VLSTAM,src-f,Stimulated,1.0,0.8429946496189301,confident binder,0.5210544225752904,0.0017189457498975767
TQSALK,src-f,Stimulated,1.0,0.9145135942324933,confident binder,0.5210544225752904,0.0017189457498975767
ENQALD,src-f,Stimulated,1.0,0.7322846093419589,confident binder,0.5210544225752904,0.0017189457498975767
LSDSRP,src-f,Stimulated,0.0,0.10066110687144107,confident nonbinder,0.5210544225752904,0.0017189457498975767
DKVGVS,src-f,Stimulated,1.0,0.5730021149333346,low-confidence,0.5210544225752904,0.0017189457498975767
RPQDTR,src-f,Stimulated,0.0,0.045119319689081346,confident nonbinder,0.5210544225752904,0.0017189457498975767
TIEDED,src-f,Stimulated,0.0,0.23227039671686497,confident nonbinder,0.5210544225752904,0.0017189457498975767
CHHSQE,src-f,Stimulated,0.0,0.2010655175180445,confident nonbinder,0.5210544225752904,0.0017189457498975767
QVELQP,src-f,Stimulated,1.0,0.6635939380859636,confident binder,0.5210544225752904,0.0017189457498975767
DAQYQN,src-f,Stimulated,0.0,0.11946219638153392,confident nonbinder,0.5210544225752904,0.0017189457498975767
QAQGPA,src-f,Stimulated,1.0,0.5515062047094043,low-confidence,0.5210544225752904,0.0017189457498975767
PAEPPA,src-f,Stimulated,1.0,0.6078712167052829,confident binder,0.5210544225752904,0.0017189457498975767
PTEEFP,src-f,Stimulated,1.0,0.8217525197503072,confident binder,0.5210544225752904,0.0017189457498975767
VVTTLP,src-f,Stimulated,1.0,0.8976524201855961,confident binder,0.5210544225752904,0.0017189457498975767
KQVGFA,src-f,Stimulated,1.0,0.5544665579324618,low-confidence,0.5210544225752904,0.0017189457498975767
GIQAQS,src-f,Stimulated,0.0,0.22128255046124967,confident nonbinder,0.5210544225752904,0.0017189457498975767
EIIAPS,src-f,Stimulated,1.0,0.9143064991935623,confident binder,0.5210544225752904,0.0017189457498975767
VDAPAG,src-f,Stimulated,0.0,0.06118155531057628,confident nonbinder,0.5210544225752904,0.0017189457498975767
TLDTAP,src-f,Stimulated,1.0,0.7630206956733747,confident binder,0.5210544225752904,0.0017189457498975767
QDNRPV,src-f,Stimulated,1.0,0.6314275904873857,confident binder,0.5210544225752904,0.0017189457498975767
GVSSTN,src-f,Stimulated,0.0,0.11896850401983736,confident nonbinder,0.5210544225752904,0.0017189457498975767
GEEDVS,src-f,Stimulated,,,1,0.5210544225752904,0.0017189457498975767
TLGSSP,src-f,Stimulated,0.0,0.049512567104762886,confident nonbinder,0.5210544225752904,0.0017189457498975767
KMITCA,src-f,Stimulated,1.0,0.861608370017535,confident binder,0.5210544225752904,0.0017189457498975767
DDESES,src-f,Stimulated,0.0,0.0194740991479822,confident nonbinder,0.5210544225752904,0.0017189457498975767
ELTTIK,src-f,Stimulated,1.0,0.9746368727534205,confident binder,0.5210544225752904,0.0017189457498975767
FESGPP,src-f,Stimulated,0.0,0.5389552470890556,low-confidence,0.5210544225752904,0.0017189457498975767
EVVPTV,src-f,Stimulated,0.0,0.4752341691722618,low-confidence,0.5210544225752904,0.0017189457498975767
SEIEPA,src-f,Stimulated,1.0,0.9532644111116998,confident binder,0.5210544225752904,0.0017189457498975767
EDENEQ,src-f,Stimulated,0.0,0.15327216088571016,confident nonbinder,0.5210544225752904,0.0017189457498975767
GTALDS,src-f,Stimulated,0.0,0.12928993863339133,confident nonbinder,0.5210544225752904,0.0017189457498975767
PNEEKP,src-f,Stimulated,0.0,0.18311915430147888,confident nonbinder,0.5210544225752904,0.0017189457498975767
QFDTQV,src-f,Stimulated,1.0,0.668957006029276,confident binder,0.5210544225752904,0.0017189457498975767
EEESCL,src-f,Stimulated,1.0,0.6767915632729518,confident binder,0.5210544225752904,0.0017189457498975767
DREDYD,src-f,Stimulated,0.0,0.5425577445325861,low-confidence,0.5210544225752904,0.0017189457498975767
AEATHF,src-f,Stimulated,1.0,0.8711636933070367,confident binder,0.5210544225752904,0.0017189457498975767
LEQVQG,src-f,Stimulated,0.0,0.3065305057586531,confident nonbinder,0.5210544225752904,0.0017189457498975767
GILQVK,src-f,Stimulated,1.0,0.9218732609153963,confident binder,0.5210544225752904,0.0017189457498975767
VLALKD,src-f,Stimulated,1.0,0.8537366656155039,confident binder,0.5210544225752904,0.0017189457498975767
GHELVM,src-f,Stimulated,1.0,0.9700100989977024,confident binder,0.5210544225752904,0.0017189457498975767
YDEGQE,src-f,Stimulated,0.0,0.029518004991552018,confident nonbinder,0.5210544225752904,0.0017189457498975767
GIEVTH,src-f,Stimulated,1.0,0.6434204457744865,confident binder,0.5210544225752904,0.0017189457498975767
NFDNIE,src-f,Stimulated,1.0,0.983569117837011,confident binder,0.5210544225752904,0.0017189457498975767
RLDLNM,src-f,Stimulated,0.0,0.4664255348677764,low-confidence,0.5210544225752904,0.0017189457498975767
RFFHPI,src-f,Stimulated,0.0,0.06024821901305351,confident nonbinder,0.5210544225752904,0.0017189457498975767
ENIEHV,src-f,Stimulated,1.0,0.7437057761550735,confident binder,0.5210544225752904,0.0017189457498975767
GESLGG,src-f,Stimulated,0.0,0.023920341632229173,confident nonbinder,0.5210544225752904,0.0017189457498975767
PVTEST,src-f,Stimulated,0.0,0.3291404188583505,confident nonbinder,0.5210544225752904,0.0017189457498975767
AMEEEM,src-f,Stimulated,1.0,0.727398511260751,confident binder,0.5210544225752904,0.0017189457498975767
AVCIED,src-f,Stimulated,1.0,0.6715274308826816,confident binder,0.5210544225752904,0.0017189457498975767
IPSDWC,src-f,Stimulated,1.0,0.9630336729131032,confident binder,0.5210544225752904,0.0017189457498975767
DEEETK,src-f,Stimulated,0.0,0.35897609658889584,confident nonbinder,0.5210544225752904,0.0017189457498975767
CGEAED,src-f,Stimulated,0.0,0.2218259432791059,confident nonbinder,0.5210544225752904,0.0017189457498975767
DLVTAT,src-f,Stimulated,1.0,0.8438780557889834,confident binder,0.5210544225752904,0.0017189457498975767
DPQGTI,src-f,Stimulated,0.0,0.040057750099652706,confident nonbinder,0.5210544225752904,0.0017189457498975767
MYNIAM,src-f,Stimulated,1.0,0.6218215944998605,confident binder,0.5210544225752904,0.0017189457498975767
GCVATL,src-f,Stimulated,1.0,0.654304198264473,confident binder,0.5210544225752904,0.0017189457498975767
LQTEHQ,src-f,Stimulated,0.0,0.480129474169718,low-confidence,0.5210544225752904,0.0017189457498975767
SKNLDA,src-f,Stimulated,0.0,0.04755933790727692,confident nonbinder,0.5210544225752904,0.0017189457498975767
DPVPCR,src-f,Stimulated,0.0,0.38955358297763865,confident nonbinder,0.5210544225752904,0.0017189457498975767
TIVDSQ,src-f,Stimulated,0.0,0.5116398774496923,low-confidence,0.5210544225752904,0.0017189457498975767
NFSSPS,src-f,Stimulated,1.0,0.7472656006480325,confident binder,0.5210544225752904,0.0017189457498975767
SESQSP,src-f,Stimulated,0.0,0.02595735831987657,confident nonbinder,0.5210544225752904,0.0017189457498975767
KLRVPG,src-f,Stimulated,0.0,0.004065002264606689,confident nonbinder,0.5210544225752904,0.0017189457498975767
GAETGS,src-f,Stimulated,0.0,0.11035677690577908,confident nonbinder,0.5210544225752904,0.0017189457498975767
DGGFTT,src-f,Stimulated,0.0,0.021441244210093368,confident nonbinder,0.5210544225752904,0.0017189457498975767
KFEEVH,src-f,Stimulated,1.0,0.9548887562934772,confident binder,0.5210544225752904,0.0017189457498975767
VVDLSI,src-f,Stimulated,1.0,0.7646261391209097,confident binder,0.5210544225752904,0.0017189457498975767
PDSAAW,src-f,Stimulated,0.0,0.35313444543639344,confident nonbinder,0.5210544225752904,0.0017189457498975767
SQYLAE,src-f,Stimulated,0.0,0.3380669016778053,confident nonbinder,0.5210544225752904,0.0017189457498975767
ELEGGR,src-f,Stimulated,0.0,0.36280453070053936,confident nonbinder,0.5210544225752904,0.0017189457498975767
LTEEKC,src-f,Stimulated,1.0,0.9935837641654207,confident binder,0.5210544225752904,0.0017189457498975767
DVQQYR,src-f,Stimulated,1.0,0.9046246639702419,confident binder,0.5210544225752904,0.0017189457498975767
SHWMPK,src-f,Stimulated,1.0,0.9910458087900643,confident binder,0.5210544225752904,0.0017189457498975767
QTDVAS,src-f,Stimulated,0.0,0.43419271831704903,low-confidence,0.5210544225752904,0.0017189457498975767
PEVYNL,src-f,Stimulated,0.0,0.5402984632452926,low-confidence,0.5210544225752904,0.0017189457498975767
NLAEAS,src-f,Stimulated,1.0,0.8810355676617516,confident binder,0.5210544225752904,0.0017189457498975767
VDCQIL,src-f,Stimulated,1.0,0.8929108601763773,confident binder,0.5210544225752904,0.0017189457498975767
PLEPAK,src-f,Stimulated,1.0,0.6453160614306093,confident binder,0.5210544225752904,0.0017189457498975767
EDKDIE,src-f,Stimulated,1.0,0.6985394044214946,confident binder,0.5210544225752904,0.0017189457498975767
NFQHNV,src-f,Stimulated,0.0,0.024654658449686968,confident nonbinder,0.5210544225752904,0.0017189457498975767
SLELHR,src-f,Stimulated,1.0,0.9146279532914733,confident binder,0.5210544225752904,0.0017189457498975767
VIDGSD,src-f,Stimulated,0.0,0.06559318124536591,confident nonbinder,0.5210544225752904,0.0017189457498975767
AYNPGN,src-f,Stimulated,0.0,0.025862855112647524,confident nonbinder,0.5210544225752904,0.0017189457498975767
FLDEVH,src-f,Stimulated,,,1,0.5210544225752904,0.0017189457498975767
RQAYLS,src-f,Stimulated,1.0,0.6778401381391223,confident binder,0.5210544225752904,0.0017189457498975767
VVCRPV,src-f,Stimulated,1.0,0.928099469378867,confident binder,0.5210544225752904,0.0017189457498975767
ASAAQQ,src-f,Stimulated,0.0,0.20841930636007883,confident nonbinder,0.5210544225752904,0.0017189457498975767
ASVNLP,src-f,Stimulated,,,1,0.5210544225752904,0.0017189457498975767
ISINQR,src-f,Stimulated,1.0,0.8502853026954957,confident binder,0.5210544225752904,0.0017189457498975767
ACKPIG,src-f,Stimulated,0.0,0.4946056486348677,low-confidence,0.5210544225752904,0.0017189457498975767
SLQDKQ,src-f,Stimulated,0.0,0.4590778440364123,low-confidence,0.5210544225752904,0.0017189457498975767
PLVDIT,src-f,Stimulated,1.0,0.9150785697899959,confident binder,0.5210544225752904,0.0017189457498975767
SSVTNK,src-f,Stimulated,0.0,0.24701602426457833,confident nonbinder,0.5210544225752904,0.0017189457498975767
STCYET,src-f,Stimulated,0.0,0.1988119482557711,confident nonbinder,0.5210544225752904,0.0017189457498975767
LLGHHR,src-f,Stimulated,0.0,0.012079978173750654,confident nonbinder,0.5210544225752904,0.0017189457498975767
QSQAVK,src-f,Stimulated,1.0,0.8461876628563638,confident binder,0.5210544225752904,0.0017189457498975767
DFGDPQ,src-f,Stimulated,0.0,0.3702183057256061,confident nonbinder,0.5210544225752904,0.0017189457498975767
AIGPNT,src-f,Stimulated,0.0,0.01758668105941005,confident nonbinder,0.5210544225752904,0.0017189457498975767
QIDVSG,src-f,Stimulated,0.0,0.20741698499483233,confident nonbinder,0.5210544225752904,0.0017189457498975767
TVEEQL,src-f,Stimulated,1.0,0.864663718844857,confident binder,0.5210544225752904,0.0017189457498975767
ELLGNP,src-f,Stimulated,0.0,0.4229203355677531,low-confidence,0.5210544225752904,0.0017189457498975767
QLLETH,src-f,Stimulated,1.0,0.90866709912812,confident binder,0.5210544225752904,0.0017189457498975767
SEGDQE,src-f,Stimulated,0.0,0.009544690339678362,confident nonbinder,0.5210544225752904,0.0017189457498975767
PMLSDH,src-f,Stimulated,0.0,0.4362568749179106,low-confidence,0.5210544225752904,0.0017189457498975767
RLGSVC,src-f,Stimulated,1.0,0.976303891182926,confident binder,0.5210544225752904,0.0017189457498975767
SGFSLE,src-f,Stimulated,1.0,0.7772711379112306,confident binder,0.5210544225752904,0.0017189457498975767
RDDENE,src-f,Stimulated,0.0,0.00836966704265781,confident nonbinder,0.5210544225752904,0.0017189457498975767
SESPAS,src-f,Stimulated,0.0,0.029535737896634304,confident nonbinder,0.5210544225752904,0.0017189457498975767
TLTSSP,src-f,Stimulated,0.0,0.30951943064519766,confident nonbinder,0.5210544225752904,0.0017189457498975767
VQHSSA,src-f,Stimulated,0.0,0.11464985569046934,confident nonbinder,0.5210544225752904,0.0017189457498975767
RVALPE,src-f,Stimulated,1.0,0.803798842015675,confident binder,0.5210544225752904,0.0017189457498975767
PSESVD,src-f,Stimulated,1.0,0.6434639980740829,confident binder,0.5210544225752904,0.0017189457498975767
LFEAPR,src-f,Stimulated,1.0,0.9778406630987839,confident binder,0.5210544225752904,0.0017189457498975767
SVAFVA,src-f,Stimulated,1.0,0.9307300027500874,confident binder,0.5210544225752904,0.0017189457498975767
GQQQPT,src-f,Stimulated,0.0,0.27292546294175846,confident nonbinder,0.5210544225752904,0.0017189457498975767
MDESLE,src-f,Stimulated,1.0,0.7732539851092959,confident binder,0.5210544225752904,0.0017189457498975767
PIEEAT,src-f,Stimulated,1.0,0.765080822167639,confident binder,0.5210544225752904,0.0017189457498975767
DWEQHR,src-f,Stimulated,1.0,0.9828801637289902,confident binder,0.5210544225752904,0.0017189457498975767
DKDDEE,src-f,Stimulated,0.0,0.013509567158935035,confident nonbinder,0.5210544225752904,0.0017189457498975767
DICTLN,src-f,Stimulated,1.0,0.9456634591939389,confident binder,0.5210544225752904,0.0017189457498975767
DQSHLL,src-f,Stimulated,0.0,0.03217393063969144,confident nonbinder,0.5210544225752904,0.0017189457498975767
DPEFLQ,src-f,Stimulated,1.0,0.9278675243305907,confident binder,0.5210544225752904,0.0017189457498975767
QIQPTQ,src-f,Stimulated,0.0,0.08029025157927233,confident nonbinder,0.5210544225752904,0.0017189457498975767
EEEEQP,src-f,Stimulated,0.0,0.19092421293913514,confident nonbinder,0.5210544225752904,0.0017189457498975767
EIGGSD,src-f,Stimulated,0.0,0.0064660790480245,confident nonbinder,0.5210544225752904,0.0017189457498975767
KLYGLS,src-f,Stimulated,1.0,0.8356905179404459,confident binder,0.5210544225752904,0.0017189457498975767
PMWSSF,src-f,Stimulated,1.0,0.9385359129750135,confident binder,0.5210544225752904,0.0017189457498975767
FLSGFQ,src-f,Stimulated,1.0,0.7634345600797924,confident binder,0.5210544225752904,0.0017189457498975767
KNGSYS,src-f,Stimulated,0.0,0.0238083190036909,confident nonbinder,0.5210544225752904,0.0017189457498975767
PVEGKD,src-f,Stimulated,0.0,0.24145666910497757,confident nonbinder,0.5210544225752904,0.0017189457498975767
EGNNPP,src-f,Stimulated,1.0,0.7076862989815451,confident binder,0.5210544225752904,0.0017189457498975767
NYTPIT,src-f,Stimulated,1.0,0.8567839994802062,confident binder,0.5210544225752904,0.0017189457498975767
GGFVPA,src-f,Stimulated,1.0,0.8602132652652784,confident binder,0.5210544225752904,0.0017189457498975767
DQVKLE,src-f,Stimulated,1.0,0.8580757825220005,confident binder,0.5210544225752904,0.0017189457498975767
YLTLVI,src-f,Stimulated,1.0,0.893327162011358,confident binder,0.5210544225752904,0.0017189457498975767
SEGNIT,src-f,Stimulated,1.0,0.8449690872344855,confident binder,0.5210544225752904,0.0017189457498975767
VDEATR,src-f,Stimulated,0.0,0.2683693969540104,confident nonbinder,0.5210544225752904,0.0017189457498975767
SLGDYV,src-f,Stimulated,0.0,0.5,low-confidence,0.5210544225752904,0.0017189457498975767
TDAEEK,src-f,Stimulated,0.0,0.2254300277725785,confident nonbinder,0.5210544225752904,0.0017189457498975767
AASNPS,src-f,Stimulated,1.0,0.8889944685744793,confident binder,0.5210544225752904,0.0017189457498975767
TDEGPG,src-f,Stimulated,0.0,0.1250017438225862,confident nonbinder,0.5210544225752904,0.0017189457498975767
EINTIR,src-f,Stimulated,1.0,0.9295104888645946,confident binder,0.5210544225752904,0.0017189457498975767
NADKTA,src-f,Stimulated,0.0,0.3451918147421472,confident nonbinder,0.5210544225752904,0.0017189457498975767
KAHEQL,src-f,Stimulated,0.0,0.2782840408929241,confident nonbinder,0.5210544225752904,0.0017189457498975767
THGQSL,src-f,Stimulated,0.0,0.0616541077089579,confident nonbinder,0.5210544225752904,0.0017189457498975767
THELVT,src-f,Stimulated,1.0,0.9546153113946599,confident binder,0.5210544225752904,0.0017189457498975767
LPAEDE,src-f,Stimulated,0.0,0.21320216078282977,confident nonbinder,0.5210544225752904,0.0017189457498975767
TISTIN,src-f,Stimulated,1.0,0.9214939851700967,confident binder,0.5210544225752904,0.0017189457498975767
SSTDQF,src-f,Stimulated,0.0,0.24400654323195706,confident nonbinder,0.5210544225752904,0.0017189457498975767
SRASPE,src-f,Stimulated,0.0,0.46501505859807685,low-confidence,0.5210544225752904,0.0017189457498975767
QEEVVT,src-f,Stimulated,1.0,0.9427870197801075,confident binder,0.5210544225752904,0.0017189457498975767
VHATMA,src-f,Stimulated,1.0,0.9455570511988463,confident binder,0.5210544225752904,0.0017189457498975767
DLVQHA,src-f,Stimulated,1.0,0.9270486763008128,confident binder,0.5210544225752904,0.0017189457498975767
QPAVAR,src-f,Stimulated,1.0,0.8061366466793464,confident binder,0.5210544225752904,0.0017189457498975767
LEEDQY,src-f,Stimulated,0.0,0.5210025772833978,low-confidence,0.5210544225752904,0.0017189457498975767
RTVISA,src-f,Stimulated,0.0,0.48344883594687754,low-confidence,0.5210544225752904,0.0017189457498975767
LNECGR,src-f,Stimulated,0.0,0.5133484932861256,low-confidence,0.5210544225752904,0.0017189457498975767
QTASMV,src-f,Stimulated,1.0,0.8934516125867358,confident binder,0.5210544225752904,0.0017189457498975767
SGVSDY,src-f,Stimulated,0.0,0.14767892567205965,confident nonbinder,0.5210544225752904,0.0017189457498975767
RDEPPS,src-f,Stimulated,0.0,0.03527851395141787,confident nonbinder,0.5210544225752904,0.0017189457498975767
ANAVDA,src-f,Stimulated,0.0,0.42892733079385525,low-confidence,0.5210544225752904,0.0017189457498975767
TPYVAP,src-f,Stimulated,1.0,0.5973917774074959,low-confidence,0.5210544225752904,0.0017189457498975767
SLSGWS,src-f,Stimulated,1.0,0.9862722563285261,confident binder,0.5210544225752904,0.0017189457498975767
PYYGYG,src-f,Stimulated,0.0,0.3868340895131193,confident nonbinder,0.5210544225752904,0.0017189457498975767
TMQQQQ,src-f,Stimulated,0.0,0.28365468415308,confident nonbinder,0.5210544225752904,0.0017189457498975767
ASLHSW,src-f,Stimulated,0.0,0.017638962250713902,confident nonbinder,0.5210544225752904,0.0017189457498975767
KEENRD,src-f,Stimulated,0.0,0.20641499521338927,confident nonbinder,0.5210544225752904,0.0017189457498975767
GYGQGG,src-f,Stimulated,0.0,0.007273618543951294,confident nonbinder,0.5210544225752904,0.0017189457498975767
PDQQQC,src-f,Stimulated,1.0,0.9585493790705588,confident binder,0.5210544225752904,0.0017189457498975767
TTSTFS,src-f,Stimulated,1.0,0.6214243580684241,confident binder,0.5210544225752904,0.0017189457498975767
SQDSGI,src-f,Stimulated,0.0,0.04176780496828512,confident nonbinder,0.5210544225752904,0.0017189457498975767
SFETGE,src-f,Stimulated,0.0,0.34059619561412685,confident nonbinder,0.5210544225752904,0.0017189457498975767
PYQSPT,src-f,Stimulated,1.0,0.6280937840437624,confident binder,0.5210544225752904,0.0017189457498975767
RDTGCS,src-f,Stimulated,,,0,0.5210544225752904,0.0017189457498975767
EVAPGL,src-f,Stimulated,0.0,0.3723898142389376,confident nonbinder,0.5210544225752904,0.0017189457498975767
DEDPMF,src-f,Stimulated,1.0,0.7403808117145121,confident binder,0.5210544225752904,0.0017189457498975767
KTEDIK,src-f,Stimulated,1.0,0.9345273562707029,confident binder,0.5210544225752904,0.0017189457498975767
RGFEYI,src-f,Stimulated,1.0,0.6103374705282232,confident binder,0.5210544225752904,0.0017189457498975767
EVSWSE,src-f,Stimulated,1.0,0.9735576208394999,confident binder,0.5210544225752904,0.0017189457498975767
SSSSIP,src-f,Stimulated,1.0,0.6431883344591482,confident binder,0.5210544225752904,0.0017189457498975767
SITQSG,src-f,Stimulated,0.0,0.07548770958684117,confident nonbinder,0.5210544225752904,0.0017189457498975767
EGEVVT,src-f,Stimulated,1.0,0.9327310184454265,confident binder,0.5210544225752904,0.0017189457498975767
PGSSFP,src-f,Stimulated,0.0,0.404345925022556,low-confidence,0.5210544225752904,0.0017189457498975767
LSGPGP,src-f,Stimulated,0.0,0.004625431890160872,confident nonbinder,0.5210544225752904,0.0017189457498975767
STCVDN,src-f,Stimulated,0.0,0.22460115448099852,confident nonbinder,0.5210544225752904,0.0017189457498975767
RPENFQ,src-f,Stimulated,1.0,0.7392157158936318,confident binder,0.5210544225752904,0.0017189457498975767
LDPPAL,src-f,Stimulated,0.0,0.16396913064265503,confident nonbinder,0.5210544225752904,0.0017189457498975767
NTEETG,src-f,Stimulated,0.0,0.15697000119204008,confident nonbinder,0.5210544225752904,0.0017189457498975767
GDASEI,src-f,Stimulated,0.0,0.09984316561029523,confident nonbinder,0.5210544225752904,0.0017189457498975767
LLQACD,src-f,Stimulated,1.0,0.8186891597444332,confident binder,0.5210544225752904,0.0017189457498975767
PHLAAR,src-f,Stimulated,1.0,0.8882044566685218,confident binder,0.5210544225752904,0.0017189457498975767
NTTSYL,src-f,Stimulated,1.0,0.7945659872026086,confident binder,0.5210544225752904,0.0017189457498975767
KIAYPS,src-f,Stimulated,1.0,0.8159804203975087,confident binder,0.5210544225752904,0.0017189457498975767
ENDDPH,src-f,Stimulated,0.0,0.4530292924514109,low-confidence,0.5210544225752904,0.0017189457498975767
SHGQSG,src-f,Stimulated,0.0,0.0033083011545456406,confident nonbinder,0.5210544225752904,0.0017189457498975767
SDAVHP,src-f,Stimulated,0.0,0.38561312370111983,confident nonbinder,0.5210544225752904,0.0017189457498975767
VVTYTG,src-f,Stimulated,0.0,0.3195187800966962,confident nonbinder,0.5210544225752904,0.0017189457498975767
MILQTL,src-f,Stimulated,1.0,0.6889455040972053,confident binder,0.5210544225752904,0.0017189457498975767
PLEDDE,src-f,Stimulated,0.0,0.17622439821738684,confident nonbinder,0.5210544225752904,0.0017189457498975767
LEEIQQ,src-f,Stimulated,0.0,0.5,low-confidence,0.5210544225752904,0.0017189457498975767
AEGYVS,src-f,Stimulated,0.0,0.37416461803773615,confident nonbinder,0.5210544225752904,0.0017189457498975767
DFDSTA,src-f,Stimulated,0.0,0.413800162683271,low-confidence,0.5210544225752904,0.0017189457498975767
STGATA,src-f,Stimulated,0.0,0.04479604279946539,confident nonbinder,0.5210544225752904,0.0017189457498975767
AIEPTE,src-f,Stimulated,0.0,0.15143898791784988,confident nonbinder,0.5210544225752904,0.0017189457498975767
ELSSAV,src-f,Stimulated,1.0,0.6796538621285253,confident binder,0.5210544225752904,0.0017189457498975767
FAAWVL,src-f,Stimulated,1.0,0.9465547111455737,confident binder,0.5210544225752904,0.0017189457498975767
HIDMST,src-f,Stimulated,0.0,0.4502571853877385,low-confidence,0.5210544225752904,0.0017189457498975767
GNLHPS,src-f,Stimulated,0.0,0.005000380270091285,confident nonbinder,0.5210544225752904,0.0017189457498975767
KDNDLF,src-f,Stimulated,1.0,0.7791210195619891,confident binder,0.5210544225752904,0.0017189457498975767
SQVVGE,src-f,Stimulated,0.0,0.18644683243804974,confident nonbinder,0.5210544225752904,0.0017189457498975767
PGQHPS,src-f,Stimulated,0.0,0.0022216824731912275,confident nonbinder,0.5210544225752904,0.0017189457498975767
NLATWE,src-f,Stimulated,1.0,0.9969284251481226,confident binder,0.5210544225752904,0.0017189457498975767
MDVNPR,src-f,Stimulated,1.0,0.9686331033399256,confident binder,0.5210544225752904,0.0017189457498975767
KEVAAQ,src-f,Stimulated,0.0,0.4504979314799052,low-confidence,0.5210544225752904,0.0017189457498975767
GSGLDL,src-f,Stimulated,0.0,0.04399531724916768,confident nonbinder,0.5210544225752904,0.0017189457498975767
LDFNID,src-f,Stimulated,1.0,0.9703846449438401,confident binder,0.5210544225752904,0.0017189457498975767
AGVDFE,src-f,Stimulated,1.0,0.7622887846884675,confident binder,0.5210544225752904,0.0017189457498975767
QNICNT,src-f,Stimulated,0.0,0.3742503569873486,confident nonbinder,0.5210544225752904,0.0017189457498975767
QVISSL,src-f,Stimulated,1.0,0.7614105358045978,confident binder,0.5210544225752904,0.0017189457498975767
SPQQVI,src-f,Stimulated,1.0,0.7693819476134296,confident binder,0.5210544225752904,0.0017189457498975767
VELDLD,src-f,Stimulated,1.0,0.9398104361915346,confident binder,0.5210544225752904,0.0017189457498975767
DPGEEV,src-f,Stimulated,0.0,0.018515416010352483,confident nonbinder,0.5210544225752904,0.0017189457498975767
EMLEGL,src-f,Stimulated,1.0,0.8366163421196811,confident binder,0.5210544225752904,0.0017189457498975767
EVDGPK,src-f,Stimulated,1.0,0.751716232566037,confident binder,0.5210544225752904,0.0017189457498975767
EEGQDL,src-f,Stimulated,0.0,0.011349964737920035,confident nonbinder,0.5210544225752904,0.0017189457498975767
VGGILR,src-f,Stimulated,1.0,0.7550567051153478,confident binder,0.5210544225752904,0.0017189457498975767
SEEIQI,src-f,Stimulated,0.0,0.47725352426698264,low-confidence,0.5210544225752904,0.0017189457498975767
KLEGAF,src-f,Stimulated,1.0,0.781293189331866,confident binder,0.5210544225752904,0.0017189457498975767
VVTVPN,src-f,Stimulated,1.0,0.8865370870671512,confident binder,0.5210544225752904,0.0017189457498975767
GPSTFL,src-f,Stimulated,1.0,0.6035254415996484,confident binder,0.5210544225752904,0.0017189457498975767
RAEDTA,src-f,Stimulated,0.0,0.15365611429553946,confident nonbinder,0.5210544225752904,0.0017189457498975767
SLGISA,src-f,Stimulated,0.0,0.298938495181918,confident nonbinder,0.5210544225752904,0.0017189457498975767
CASCED,src-f,Stimulated,0.0,0.2936677649094082,confident nonbinder,0.5210544225752904,0.0017189457498975767
HDEGGG,src-f,Stimulated,0.0,0.006393620958665851,confident nonbinder,0.5210544225752904,0.0017189457498975767
KIDLFQ,src-f,Stimulated,1.0,0.7188711738464225,confident binder,0.5210544225752904,0.0017189457498975767
NTVCSE,src-f,Stimulated,0.0,0.5228954274648849,low-confidence,0.5210544225752904,0.0017189457498975767
PVTVAP,src-f,Stimulated,1.0,0.7322259217358219,confident binder,0.5210544225752904,0.0017189457498975767
AQLINV,src-f,Stimulated,1.0,0.7548836692736359,confident binder,0.5210544225752904,0.0017189457498975767
TADDDT,src-f,Stimulated,0.0,0.03324893729803502,confident nonbinder,0.5210544225752904,0.0017189457498975767
PSSSGS,src-f,Stimulated,0.0,0.013874545232211512,confident nonbinder,0.5210544225752904,0.0017189457498975767
DLQQAS,src-f,Stimulated,1.0,0.5676412368005049,low-confidence,0.5210544225752904,0.0017189457498975767
DTGALD,src-f,Stimulated,0.0,0.5,low-confidence,0.5210544225752904,0.0017189457498975767
YTDSGI,src-f,Stimulated,0.0,0.18183452160517014,confident nonbinder,0.5210544225752904,0.0017189457498975767
ESDSLE,src-f,Stimulated,1.0,0.6998415993330854,confident binder,0.5210544225752904,0.0017189457498975767
NFDNIG,src-f,Stimulated,1.0,0.9768334924213194,confident binder,0.5210544225752904,0.0017189457498975767
EGEDQV,src-f,Stimulated,0.0,0.35978094134627175,confident nonbinder,0.5210544225752904,0.0017189457498975767
GLTPAS,src-f,Stimulated,0.0,0.20651092637840276,confident nonbinder,0.5210544225752904,0.0017189457498975767
LAELQG,src-f,Stimulated,0.0,0.5425444006155697,low-confidence,0.5210544225752904,0.0017189457498975767
APISIA,src-f,Stimulated,1.0,0.9067511011084136,confident binder,0.5210544225752904,0.0017189457498975767
AVELDT,src-f,Stimulated,0.0,0.5203355201191675,low-confidence,0.5210544225752904,0.0017189457498975767
SENNFK,src-f,Stimulated,1.0,0.8478970034430713,confident binder,0.5210544225752904,0.0017189457498975767
GLLAIH,src-f,Stimulated,1.0,0.9505776731068584,confident binder,0.5210544225752904,0.0017189457498975767
GGQTIT,src-f,Stimulated,1.0,0.8692091204354623,confident binder,0.5210544225752904,0.0017189457498975767
EEFATY,src-f,Stimulated,0.0,0.2933048865704106,confident nonbinder,0.5210544225752904,0.0017189457498975767
FEEYSQ,src-f,Stimulated,0.0,0.4418377044935826,low-confidence,0.5210544225752904,0.0017189457498975767
GNGYAN,src-f,Stimulated,0.0,0.0182185320211057,confident nonbinder,0.5210544225752904,0.0017189457498975767
SGQEAG,src-f,Stimulated,0.0,0.14529919045831316,confident nonbinder,0.5210544225752904,0.0017189457498975767
SSEIVI,src-f,Stimulated,1.0,0.8788544633242057,confident binder,0.5210544225752904,0.0017189457498975767
KQQLAD,src-f,Stimulated,0.0,0.11516680582866629,confident nonbinder,0.5210544225752904,0.0017189457498975767
PELVSP,src-f,Stimulated,0.0,0.5120696616114943,low-confidence,0.5210544225752904,0.0017189457498975767
EDLPLK,src-f,Stimulated,1.0,0.8755081742091753,confident binder,0.5210544225752904,0.0017189457498975767
QGTQPG,src-f,Stimulated,0.0,0.36452721918567177,confident nonbinder,0.5210544225752904,0.0017189457498975767
ESDLVV,src-f,Stimulated,1.0,0.8666311798767742,confident binder,0.5210544225752904,0.0017189457498975767
ETEAKR,src-f,Stimulated,1.0,0.569894919753983,low-confidence,0.5210544225752904,0.0017189457498975767
LQALTC,src-f,Stimulated,1.0,0.9679795953070567,confident binder,0.5210544225752904,0.0017189457498975767
QQEEMV,src-f,Stimulated,1.0,0.941892816161113,confident binder,0.5210544225752904,0.0017189457498975767
WIEDVE,src-f,Stimulated,0.0,0.13515760587122588,confident nonbinder,0.5210544225752904,0.0017189457498975767
NKENVD,src-f,Stimulated,1.0,0.9300289496036432,confident binder,0.5210544225752904,0.0017189457498975767
GPSGPF,src-f,Stimulated,0.0,0.3857766551297373,confident nonbinder,0.5210544225752904,0.0017189457498975767
ALAEPL,src-f,Stimulated,1.0,0.9703337586220533,confident binder,0.5210544225752904,0.0017189457498975767
EQENTR,src-f,Stimulated,1.0,0.6050719278073428,confident binder,0.5210544225752904,0.0017189457498975767
FNIEFT,src-f,Stimulated,1.0,0.874203266418812,confident binder,0.5210544225752904,0.0017189457498975767
ALSFQA,src-f,Stimulated,1.0,0.8442663596990752,confident binder,0.5210544225752904,0.0017189457498975767
QDINLD,src-f,Stimulated,1.0,0.9751891710354809,confident binder,0.5210544225752904,0.0017189457498975767
KPNNHS,src-f,Stimulated,0.0,0.19323567779941692,confident nonbinder,0.5210544225752904,0.0017189457498975767
DNMLSR,src-f,Stimulated,0.0,0.1925854007680605,confident nonbinder,0.5210544225752904,0.0017189457498975767
DADFST,src-f,Stimulated,0.0,0.11044931868001959,confident nonbinder,0.5210544225752904,0.0017189457498975767
KLEQLS,src-f,Stimulated,1.0,0.9472401505590109,confident binder,0.5210544225752904,0.0017189457498975767
DSVELS,src-f,Stimulated,1.0,0.902165538530239,confident binder,0.5210544225752904,0.0017189457498975767
AQGAMF,src-f,Stimulated,1.0,0.5804453463822572,low-confidence,0.5210544225752904,0.0017189457498975767
PQQLNR,src-f,Stimulated,0.0,0.10382407301854878,confident nonbinder,0.5210544225752904,0.0017189457498975767
EDMPIK,src-f,Stimulated,1.0,0.7817999302497434,confident binder,0.5210544225752904,0.0017189457498975767
AQQANA,src-f,Stimulated,0.0,0.1950863823703996,confident nonbinder,0.5210544225752904,0.0017189457498975767
DGEAAA,src-f,Stimulated,1.0,0.6879125084309614,confident binder,0.5210544225752904,0.0017189457498975767
LEGVAR,src-f,Stimulated,0.0,0.40869205182820567,low-confidence,0.5210544225752904,0.0017189457498975767
TNASTT,src-f,Stimulated,0.0,0.0817238948180709,confident nonbinder,0.5210544225752904,0.0017189457498975767
ADSAQK,src-f,Stimulated,0.0,0.14257289084703417,confident nonbinder,0.5210544225752904,0.0017189457498975767
QTLDDV,src-f,Stimulated,0.0,0.47027833388110374,low-confidence,0.5210544225752904,0.0017189457498975767
QIGVFD,src-f,Stimulated,0.0,0.4303710109885813,low-confidence,0.5210544225752904,0.0017189457498975767
KNELIQ,src-f,Stimulated,1.0,0.8751370717370327,confident binder,0.5210544225752904,0.0017189457498975767
EVGFSD,src-f,Stimulated,0.0,0.05250931905756891,confident nonbinder,0.5210544225752904,0.0017189457498975767
AEESFL,src-f,Stimulated,1.0,0.8552959144989088,confident binder,0.5210544225752904,0.0017189457498975767
SDDDLT,src-f,Stimulated,1.0,0.7418670175748495,confident binder,0.5210544225752904,0.0017189457498975767
NNLNLT,src-f,Stimulated,1.0,0.9835234185126006,confident binder,0.5210544225752904,0.0017189457498975767
ALGLEA,src-f,Stimulated,0.0,0.506341299184379,low-confidence,0.5210544225752904,0.0017189457498975767
GTGLGD,src-f,Stimulated,0.0,0.009830257957912963,confident nonbinder,0.5210544225752904,0.0017189457498975767
SFGSGT,src-f,Stimulated,0.0,0.01900256806442857,confident nonbinder,0.5210544225752904,0.0017189457498975767
TVFTAL,src-f,Stimulated,1.0,0.8223136715639506,confident binder,0.5210544225752904,0.0017189457498975767
SSLEPL,src-f,Stimulated,1.0,0.9202011960478771,confident binder,0.5210544225752904,0.0017189457498975767
ESDFSK,src-f,Stimulated,0.0,0.107803462008268,confident nonbinder,0.5210544225752904,0.0017189457498975767
SHDSDI,src-f,Stimulated,0.0,0.06142888556389226,confident nonbinder,0.5210544225752904,0.0017189457498975767
RISNSL,src-f,Stimulated,1.0,0.5826437725376747,low-confidence,0.5210544225752904,0.0017189457498975767
TITGYP,src-f,Stimulated,0.0,0.5490960392093855,low-confidence,0.5210544225752904,0.0017189457498975767
EEEWCG,src-f,Stimulated,1.0,0.980747346695938,confident binder,0.5210544225752904,0.0017189457498975767
ADDTLS,src-f,Stimulated,1.0,0.8565770625516661,confident binder,0.5210544225752904,0.0017189457498975767
SSSNEQ,src-f,Stimulated,0.0,0.07209284878884643,confident nonbinder,0.5210544225752904,0.0017189457498975767
PDTFPS,src-f,Stimulated,0.0,0.4623624383467463,low-confidence,0.5210544225752904,0.0017189457498975767
HETNIK,src-f,Stimulated,1.0,0.9800236791935846,confident binder,0.5210544225752904,0.0017189457498975767
QIQPGR,src-f,Stimulated,0.0,0.12284287398373668,confident nonbinder,0.5210544225752904,0.0017189457498975767
EVGMIR,src-f,Stimulated,1.0,0.9135695885041512,confident binder,0.5210544225752904,0.0017189457498975767
AELLSS,src-f,Stimulated,1.0,0.5869801291374259,low-confidence,0.5210544225752904,0.0017189457498975767
AALESL,src-f,Stimulated,1.0,0.7920841309088474,confident binder,0.5210544225752904,0.0017189457498975767
TLSDPH,src-f,Stimulated,1.0,0.9265167373775909,confident binder,0.5210544225752904,0.0017189457498975767
NLQMTS,src-f,Stimulated,1.0,0.6595339383624822,confident binder,0.5210544225752904,0.0017189457498975767
DQISVL,src-f,Stimulated,1.0,0.8937065116724914,confident binder,0.5210544225752904,0.0017189457498975767
FEFNTA,src-f,Stimulated,1.0,0.9248160232334418,confident binder,0.5210544225752904,0.0017189457498975767
SDGTAR,src-f,Stimulated,0.0,0.07605722421441947,confident nonbinder,0.5210544225752904,0.0017189457498975767
MPQYPA,src-f,Stimulated,1.0,0.6426602921268197,confident binder,0.5210544225752904,0.0017189457498975767
INHQHN,src-f,Stimulated,,,0,0.5210544225752904,0.0017189457498975767
PVANGG,src-f,Stimulated,1.0,0.611616601702013,confident binder,0.5210544225752904,0.0017189457498975767
ELAQWG,src-f,Stimulated,1.0,0.9942561444144051,confident binder,0.5210544225752904,0.0017189457498975767
SDHDEN,src-f,Stimulated,0.0,0.010442762907738816,confident nonbinder,0.5210544225752904,0.0017189457498975767
EEEAHY,src-f,Stimulated,0.0,0.5484765621735963,low-confidence,0.5210544225752904,0.0017189457498975767
GFVEAN,src-f,Stimulated,1.0,0.8177289768140724,confident binder,0.5210544225752904,0.0017189457498975767
TPLVSR,src-f,Stimulated,1.0,0.7014006526484587,confident binder,0.5210544225752904,0.0017189457498975767
TENPTE,src-f,Stimulated,0.0,0.006643926549434134,confident nonbinder,0.5210544225752904,0.0017189457498975767
EAEDDE,src-f,Stimulated,0.0,0.03880288501723744,confident nonbinder,0.5210544225752904,0.0017189457498975767
TLSNNS,src-f,Stimulated,1.0,0.7040266119140384,confident binder,0.5210544225752904,0.0017189457498975767
PNIAPE,src-f,Stimulated,1.0,0.6858026930692922,confident binder,0.5210544225752904,0.0017189457498975767
ELKEIL,src-f,Stimulated,1.0,0.9663642276223292,confident binder,0.5210544225752904,0.0017189457498975767
GNAIVA,src-f,Stimulated,1.0,0.8848118911559155,confident binder,0.5210544225752904,0.0017189457498975767
EWSAQE,src-f,Stimulated,1.0,0.9451751090917275,confident binder,0.5210544225752904,0.0017189457498975767
LVADEE,src-f,Stimulated,1.0,0.5965471266453602,low-confidence,0.5210544225752904,0.0017189457498975767
PSVNVQ,src-f,Stimulated,1.0,0.9448793469298437,confident binder,0.5210544225752904,0.0017189457498975767
PDEDEE,src-f,Stimulated,0.0,0.025613226439021555,confident nonbinder,0.5210544225752904,0.0017189457498975767
ISVQDE,src-f,Stimulated,0.0,0.1218810721052179,confident nonbinder,0.5210544225752904,0.0017189457498975767
PTTEVD,src-f,Stimulated,1.0,0.810256286123038,confident binder,0.5210544225752904,0.0017189457498975767
AIHLQL,src-f,Stimulated,1.0,0.7701201914227435,confident binder,0.5210544225752904,0.0017189457498975767
LYGLSE,src-f,Stimulated,0.0,0.18554890436301152,confident nonbinder,0.5210544225752904,0.0017189457498975767
AIAAVD,src-f,Stimulated,,,0,0.5210544225752904,0.0017189457498975767
SDEELL,src-f,Stimulated,1.0,0.964441288556959,confident binder,0.5210544225752904,0.0017189457498975767
KEYTVK,src-f,Stimulated,1.0,0.8799413637459451,confident binder,0.5210544225752904,0.0017189457498975767
NEEEEN,src-f,Stimulated,0.0,0.1273775029297581,confident nonbinder,0.5210544225752904,0.0017189457498975767
NMEVLN,src-f,Stimulated,1.0,0.9832777438533106,confident binder,0.5210544225752904,0.0017189457498975767
QPAVHG,src-f,Stimulated,0.0,0.3845002444489393,confident nonbinder,0.5210544225752904,0.0017189457498975767
TNVMQY,src-f,Stimulated,1.0,0.6395888844244217,confident binder,0.5210544225752904,0.0017189457498975767
GLEDLS,src-f,Stimulated,1.0,0.9497842692947532,confident binder,0.5210544225752904,0.0017189457498975767
LNNIVS,src-f,Stimulated,1.0,0.6536854995331071,confident binder,0.5210544225752904,0.0017189457498975767
QQESVA,src-f,Stimulated,1.0,0.911882391439147,confident binder,0.5210544225752904,0.0017189457498975767
PSDTET,src-f,Stimulated,0.0,0.02495929671123924,confident nonbinder,0.5210544225752904,0.0017189457498975767
KPAAPV,src-f,Stimulated,1.0,0.745567853420198,confident binder,0.5210544225752904,0.0017189457498975767
GDDNDC,src-f,Stimulated,1.0,0.9635397300051338,confident binder,0.5210544225752904,0.0017189457498975767
VREGSY,src-f,Stimulated,0.0,0.07829090572289012,confident nonbinder,0.5210544225752904,0.0017189457498975767
RVQTSP,src-f,Stimulated,0.0,0.08466391179911657,confident nonbinder,0.5210544225752904,0.0017189457498975767
VIEPFQ,src-f,Stimulated,0.0,0.548206407723816,low-confidence,0.5210544225752904,0.0017189457498975767
FDSGRD,src-f,Stimulated,0.0,0.05449302125031348,confident nonbinder,0.5210544225752904,0.0017189457498975767
KVTQVE,src-f,Stimulated,1.0,0.8041902455663319,confident binder,0.5210544225752904,0.0017189457498975767
DQYWAP,src-f,Stimulated,1.0,0.9600260003818132,confident binder,0.5210544225752904,0.0017189457498975767
DVLVIE,src-f,Stimulated,1.0,0.9594783240528734,confident binder,0.5210544225752904,0.0017189457498975767
VTVPVT,src-f,Stimulated,1.0,0.6561482535132025,confident binder,0.5210544225752904,0.0017189457498975767
EEDDGE,src-f,Stimulated,0.0,0.04606794896701427,confident nonbinder,0.5210544225752904,0.0017189457498975767
DLLDSL,src-f,Stimulated,1.0,0.8406797797122765,confident binder,0.5210544225752904,0.0017189457498975767
EDDDDP,src-f,Stimulated,0.0,0.008640094691371236,confident nonbinder,0.5210544225752904,0.0017189457498975767
KEEEEE,src-f,Stimulated,0.0,0.0449096895742209,confident nonbinder,0.5210544225752904,0.0017189457498975767
EDGLDE,src-f,Stimulated,0.0,0.0030657789453313257,confident nonbinder,0.5210544225752904,0.0017189457498975767
ALFPQS,src-f,Stimulated,0.0,0.38212590499589166,confident nonbinder,0.5210544225752904,0.0017189457498975767
GSFQIN,src-f,Stimulated,1.0,0.7675396816016091,confident binder,0.5210544225752904,0.0017189457498975767
WLEQEG,src-f,Stimulated,0.0,0.007797599552849722,confident nonbinder,0.5210544225752904,0.0017189457498975767
PTCALK,src-f,Stimulated,1.0,0.9637849334339382,confident binder,0.5210544225752904,0.0017189457498975767
SEIIRG,src-f,Stimulated,0.0,0.33962440405180033,confident nonbinder,0.5210544225752904,0.0017189457498975767
TESEVR,src-f,Stimulated,,,1,0.5210544225752904,0.0017189457498975767
EAEEMV,src-f,Stimulated,1.0,0.952172792447852,confident binder,0.5210544225752904,0.0017189457498975767
GSEDAV,src-f,Stimulated,0.0,0.37432218099031667,confident nonbinder,0.5210544225752904,0.0017189457498975767
PAELLI,src-f,Stimulated,1.0,0.9465804881396529,confident binder,0.5210544225752904,0.0017189457498975767
QLLGMF,src-f,Stimulated,1.0,0.9202972573752468,confident binder,0.5210544225752904,0.0017189457498975767
PSHQND,src-f,Stimulated,0.0,0.013499236890354782,confident nonbinder,0.5210544225752904,0.0017189457498975767
VHDETE,src-f,Stimulated,0.0,0.20302455983054257,confident nonbinder,0.5210544225752904,0.0017189457498975767
PESLET,src-f,Stimulated,0.0,0.0724419013446632,confident nonbinder,0.5210544225752904,0.0017189457498975767
RDGRPL,src-f,Stimulated,0.0,0.16482408660200706,confident nonbinder,0.5210544225752904,0.0017189457498975767
MVSALR,src-f,Stimulated,1.0,0.9121869875864524,confident binder,0.5210544225752904,0.0017189457498975767
ALVCAK,src-f,Stimulated,1.0,0.9397870922346176,confident binder,0.5210544225752904,0.0017189457498975767
LNNLDT,src-f,Stimulated,0.0,0.09865465987807914,confident nonbinder,0.5210544225752904,0.0017189457498975767
KVIDPF,src-f,Stimulated,1.0,0.9422723271234021,confident binder,0.5210544225752904,0.0017189457498975767
NFQEHP,src-f,Stimulated,1.0,0.7562587615072532,confident binder,0.5210544225752904,0.0017189457498975767
KVEELR,src-f,Stimulated,1.0,0.9737097532960078,confident binder,0.5210544225752904,0.0017189457498975767
SLESFV,src-f,Stimulated,1.0,0.8497196050754574,confident binder,0.5210544225752904,0.0017189457498975767
THSNIE,src-f,Stimulated,1.0,0.9751608216610719,confident binder,0.5210544225752904,0.0017189457498975767
LYEGKE,src-f,Stimulated,0.0,0.4742790360989584,low-confidence,0.5210544225752904,0.0017189457498975767
TSQELS,src-f,Stimulated,1.0,0.8601513179144267,confident binder,0.5210544225752904,0.0017189457498975767
GLSHLP,src-f,Stimulated,0.0,0.0540780874439464,confident nonbinder,0.5210544225752904,0.0017189457498975767
IEENKE,src-f,Stimulated,1.0,0.7187454689988169,confident binder,0.5210544225752904,0.0017189457498975767
LDTQTS,src-f,Stimulated,0.0,0.12582845488546585,confident nonbinder,0.5210544225752904,0.0017189457498975767
EISDTQ,src-f,Stimulated,0.0,0.18512633740615836,confident nonbinder,0.5210544225752904,0.0017189457498975767
LSASHT,src-f,Stimulated,0.0,0.4761700465442605,low-confidence,0.5210544225752904,0.0017189457498975767
LLEHWK,src-f,Stimulated,1.0,0.8651764782490948,confident binder,0.5210544225752904,0.0017189457498975767
RSEDLT,src-f,Stimulated,1.0,0.642863767037899,confident binder,0.5210544225752904,0.0017189457498975767
GDYTLD,src-f,Stimulated,1.0,0.8293822561347025,confident binder,0.5210544225752904,0.0017189457498975767
TYWPRP,src-f,Stimulated,1.0,0.8260651628833383,confident binder,0.5210544225752904,0.0017189457498975767
TDTFPL,src-f,Stimulated,1.0,0.814441637525109,confident binder,0.5210544225752904,0.0017189457498975767
KKSLIV,src-f,Stimulated,1.0,0.8649803499381431,confident binder,0.5210544225752904,0.0017189457498975767
EDIRDW,src-f,Stimulated,0.0,0.4855641130228565,low-confidence,0.5210544225752904,0.0017189457498975767
RPEEPP,src-f,Stimulated,0.0,0.36139055285642824,confident nonbinder,0.5210544225752904,0.0017189457498975767
ETDMFP,src-f,Stimulated,1.0,0.7879214052463156,confident binder,0.5210544225752904,0.0017189457498975767
KGYSPY,src-f,Stimulated,1.0,0.6237723817469275,confident binder,0.5210544225752904,0.0017189457498975767
NLTAEG,src-f,Stimulated,0.0,0.22051762664333083,confident nonbinder,0.5210544225752904,0.0017189457498975767
GLQETC,src-f,Stimulated,1.0,0.9907878551261419,confident binder,0.5210544225752904,0.0017189457498975767
EQNVGM,src-f,Stimulated,0.0,0.09975226643148406,confident nonbinder,0.5210544225752904,0.0017189457498975767
DDEDDK,src-f,Stimulated,0.0,0.0380282590502346,confident nonbinder,0.5210544225752904,0.0017189457498975767
ALQATV,src-f,Stimulated,1.0,0.681969224703451,confident binder,0.5210544225752904,0.0017189457498975767
DEEFKD,src-f,Stimulated,0.0,0.2673164758667583,confident nonbinder,0.5210544225752904,0.0017189457498975767
AIQDIR,src-f,Stimulated,,,1,0.5210544225752904,0.0017189457498975767
QQQQAD,src-f,Stimulated,0.0,0.131905878093116,confident nonbinder,0.5210544225752904,0.0017189457498975767
SFSHTE,src-f,Stimulated,0.0,0.001954948912180441,confident nonbinder,0.5210544225752904,0.0017189457498975767
EDCDSP,src-f,Stimulated,0.0,0.07566432019820186,confident nonbinder,0.5210544225752904,0.0017189457498975767
PIIITE,src-f,Stimulated,1.0,0.66013770715088,confident binder,0.5210544225752904,0.0017189457498975767
EHSSSP,src-f,Stimulated,0.0,0.03498289240726598,confident nonbinder,0.5210544225752904,0.0017189457498975767
EDVARP,src-f,Stimulated,0.0,0.18046175150750407,confident nonbinder,0.5210544225752904,0.0017189457498975767
MAIEQR,src-f,Stimulated,1.0,0.6984213737302819,confident binder,0.5210544225752904,0.0017189457498975767
GLSPST,src-f,Stimulated,0.0,0.04776192129230569,confident nonbinder,0.5210544225752904,0.0017189457498975767
PQFSDA,src-f,Stimulated,0.0,0.10259674182726626,confident nonbinder,0.5210544225752904,0.0017189457498975767
TEENLF,src-f,Stimulated,1.0,0.9967341492670745,confident binder,0.5210544225752904,0.0017189457498975767
DIVTVS,src-f,Stimulated,1.0,0.8915884090998988,confident binder,0.5210544225752904,0.0017189457498975767
KTENVL,src-f,Stimulated,1.0,0.9848037644529093,confident binder,0.5210544225752904,0.0017189457498975767
SNFGLS,src-f,Stimulated,0.0,0.4440804623777408,low-confidence,0.5210544225752904,0.0017189457498975767
PMTGSE,src-f,Stimulated,0.0,0.042251598633317906,confident nonbinder,0.5210544225752904,0.0017189457498975767
PIQTTG,src-f,Stimulated,0.0,0.14135844832055416,confident nonbinder,0.5210544225752904,0.0017189457498975767
ELGDGK,src-f,Stimulated,0.0,0.11300719463898241,confident nonbinder,0.5210544225752904,0.0017189457498975767
PLSFPG,src-f,Stimulated,1.0,0.7641278372709348,confident binder,0.5210544225752904,0.0017189457498975767
RRWCDA,src-f,Stimulated,1.0,0.862880436968015,confident binder,0.5210544225752904,0.0017189457498975767
KIVDDG,src-f,Stimulated,0.0,0.11912142253076446,confident nonbinder,0.5210544225752904,0.0017189457498975767
RQEDEG,src-f,Stimulated,0.0,0.004179616248954943,confident nonbinder,0.5210544225752904,0.0017189457498975767
NAGALD,src-f,Stimulated,1.0,0.5588380297628819,low-confidence,0.5210544225752904,0.0017189457498975767
INTQNS,src-f,Stimulated,0.0,0.052444563672374676,confident nonbinder,0.5210544225752904,0.0017189457498975767
GLGWTA,src-f,Stimulated,1.0,0.9445590654113238,confident binder,0.5210544225752904,0.0017189457498975767
EQLTSV,src-f,Stimulated,0.0,0.5254084699719939,low-confidence,0.5210544225752904,0.0017189457498975767
GFESLA,src-f,Stimulated,1.0,0.9627639391983148,confident binder,0.5210544225752904,0.0017189457498975767
LTAELE,src-f,Stimulated,1.0,0.967395772457011,confident binder,0.5210544225752904,0.0017189457498975767
EHKIPP,src-f,Stimulated,0.0,0.5109755197808021,low-confidence,0.5210544225752904,0.0017189457498975767
GDVPST,src-f,Stimulated,0.0,0.02009253051348662,confident nonbinder,0.5210544225752904,0.0017189457498975767
STDFIP,src-f,Stimulated,1.0,0.9117300074052667,confident binder,0.5210544225752904,0.0017189457498975767
KGVSLE,src-f,Stimulated,1.0,0.8513819677207649,confident binder,0.5210544225752904,0.0017189457498975767
AKSDMS,src-f,Stimulated,1.0,0.5869194951225297,low-confidence,0.5210544225752904,0.0017189457498975767
SENVTN,src-f,Stimulated,0.0,0.041114846678744765,confident nonbinder,0.5210544225752904,0.0017189457498975767
HLIVEG,src-f,Stimulated,1.0,0.7169641497087775,confident binder,0.5210544225752904,0.0017189457498975767
EESGLS,src-f,Stimulated,1.0,0.5837374999817615,low-confidence,0.5210544225752904,0.0017189457498975767
SMIDRP,src-f,Stimulated,,,0,0.5210544225752904,0.0017189457498975767
TILQHA,src-f,Stimulated,1.0,0.9110872199220412,confident binder,0.5210544225752904,0.0017189457498975767
ITQPSV,src-f,Stimulated,0.0,0.16237239004605508,confident nonbinder,0.5210544225752904,0.0017189457498975767
SPAGWA,src-f,Stimulated,1.0,0.9852642473583828,confident binder,0.5210544225752904,0.0017189457498975767
PTGGIT,src-f,Stimulated,0.0,0.2689446729951114,confident nonbinder,0.5210544225752904,0.0017189457498975767
GEYTPA,src-f,Stimulated,1.0,0.8502739160677699,confident binder,0.5210544225752904,0.0017189457498975767
ETETLD,src-f,Stimulated,1.0,0.9272710500477914,confident binder,0.5210544225752904,0.0017189457498975767
DELVSP,src-f,Stimulated,0.0,0.45277608482165066,low-confidence,0.5210544225752904,0.0017189457498975767
YNSDLD,src-f,Stimulated,1.0,0.6804860239692612,confident binder,0.5210544225752904,0.0017189457498975767
ETETFD,src-f,Stimulated,1.0,0.7801399094248742,confident binder,0.5210544225752904,0.0017189457498975767
EDDSVE,src-f,Stimulated,0.0,0.5399614308352103,low-confidence,0.5210544225752904,0.0017189457498975767
GSSSLS,src-f,Stimulated,1.0,0.5515881996929572,low-confidence,0.5210544225752904,0.0017189457498975767
PHEPIP,src-f,Stimulated,1.0,0.8162674400769809,confident binder,0.5210544225752904,0.0017189457498975767
DLGDLK,src-f,Stimulated,1.0,0.8655493285955134,confident binder,0.5210544225752904,0.0017189457498975767
SIWGPT,src-f,Stimulated,1.0,0.9807252566675493,confident binder,0.5210544225752904,0.0017189457498975767
ALDFVA,src-f,Stimulated,1.0,0.9591682693625412,confident binder,0.5210544225752904,0.0017189457498975767
GDEVSV,src-f,Stimulated,0.0,0.2380310227933303,confident nonbinder,0.5210544225752904,0.0017189457498975767
GIQGFE,src-f,Stimulated,0.0,0.3926261932938991,confident nonbinder,0.5210544225752904,0.0017189457498975767
SGEIGN,src-f,Stimulated,0.0,0.14602500688090408,confident nonbinder,0.5210544225752904,0.0017189457498975767
EPGLSF,src-f,Stimulated,0.0,0.09835999573875849,confident nonbinder,0.5210544225752904,0.0017189457498975767
DQATIT,src-f,Stimulated,1.0,0.9135575847854541,confident binder,0.5210544225752904,0.0017189457498975767
QDSTSQ,src-f,Stimulated,0.0,0.027613257934344177,confident nonbinder,0.5210544225752904,0.0017189457498975767
VSICSR,src-f,Stimulated,,,1,0.5210544225752904,0.0017189457498975767
DQTEAL,src-f,Stimulated,0.0,0.5432114873207863,low-confidence,0.5210544225752904,0.0017189457498975767
ELKDDF,src-f,Stimulated,0.0,0.38862599267923625,confident nonbinder,0.5210544225752904,0.0017189457498975767
PVEEQD,src-f,Stimulated,0.0,0.51508687693379,low-confidence,0.5210544225752904,0.0017189457498975767
NPSLLD,src-f,Stimulated,1.0,0.8727035286831556,confident binder,0.5210544225752904,0.0017189457498975767
EEEQIQ,src-f,Stimulated,1.0,0.9096094468082841,confident binder,0.5210544225752904,0.0017189457498975767
QNVEIM,src-f,Stimulated,1.0,0.964957181473507,confident binder,0.5210544225752904,0.0017189457498975767
NPGLVA,src-f,Stimulated,1.0,0.7022715739360702,confident binder,0.5210544225752904,0.0017189457498975767
GILTHS,src-f,Stimulated,1.0,0.8042097489378901,confident binder,0.5210544225752904,0.0017189457498975767
VIDFIE,src-f,Stimulated,1.0,0.9013047561395843,confident binder,0.5210544225752904,0.0017189457498975767
GINDNI,src-f,Stimulated,0.0,0.12049865529170248,confident nonbinder,0.5210544225752904,0.0017189457498975767
PREGSF,src-f,Stimulated,0.0,0.12840832315777226,confident nonbinder,0.5210544225752904,0.0017189457498975767
AIMNLA,src-f,Stimulated,1.0,0.9608423582255703,confident binder,0.5210544225752904,0.0017189457498975767
RQTSPE,src-f,Stimulated,0.0,0.07896092384312196,confident nonbinder,0.5210544225752904,0.0017189457498975767
DKEPAA,src-f,Stimulated,0.0,0.15510915146604032,confident nonbinder,0.5210544225752904,0.0017189457498975767
NHGMTH,src-f,Stimulated,0.0,0.16147771099410813,confident nonbinder,0.5210544225752904,0.0017189457498975767
LDETEK,src-f,Stimulated,0.0,0.29492294330341806,confident nonbinder,0.5210544225752904,0.0017189457498975767
IVVENG,src-f,Stimulated,1.0,0.5752851565916266,low-confidence,0.5210544225752904,0.0017189457498975767
ETPDPV,src-f,Stimulated,0.0,0.42745457361423234,low-confidence,0.5210544225752904,0.0017189457498975767
LPVLPW,src-f,Stimulated,1.0,0.9073814970796195,confident binder,0.5210544225752904,0.0017189457498975767
LQAPSA,src-f,Stimulated,0.0,0.2881819113494606,confident nonbinder,0.5210544225752904,0.0017189457498975767
DPAHLS,src-f,Stimulated,0.0,0.039521335644265854,confident nonbinder,0.5210544225752904,0.0017189457498975767
IEMENH,src-f,Stimulated,0.0,0.35422121584570043,confident nonbinder,0.5210544225752904,0.0017189457498975767
DSNEGV,src-f,Stimulated,0.0,0.036969442721978864,confident nonbinder,0.5210544225752904,0.0017189457498975767
LIVSER,src-f,Stimulated,1.0,0.7727081485299927,confident binder,0.5210544225752904,0.0017189457498975767
TTYQTA,src-f,Stimulated,0.0,0.5260783610298247,low-confidence,0.5210544225752904,0.0017189457498975767
SHSGLK,src-f,Stimulated,1.0,0.8108436007431492,confident binder,0.5210544225752904,0.0017189457498975767
TEAFAF,src-f,Stimulated,1.0,0.9072668324775395,confident binder,0.5210544225752904,0.0017189457498975767
NPGPPP,src-f,Stimulated,0.0,0.02541821692098089,confident nonbinder,0.5210544225752904,0.0017189457498975767
SVITPG,src-f,Stimulated,1.0,0.8408047865608415,confident binder,0.5210544225752904,0.0017189457498975767
WLGGPW,src-f,Stimulated,0.0,0.015075072872422598,confident nonbinder,0.5210544225752904,0.0017189457498975767
EDVMAV,src-f,Stimulated,1.0,0.8323740450418262,confident binder,0.5210544225752904,0.0017189457498975767
VNSGCQ,src-f,Stimulated,0.0,0.05925259371664599,confident nonbinder,0.5210544225752904,0.0017189457498975767
EIEDVE,src-f,Stimulated,1.0,0.9123506731438156,confident binder,0.5210544225752904,0.0017189457498975767
YSEKTE,src-f,Stimulated,0.0,0.09426857988628368,confident nonbinder,0.5210544225752904,0.0017189457498975767
QNGELG,src-f,Stimulated,0.0,0.3111202424842389,confident nonbinder,0.5210544225752904,0.0017189457498975767
REGMIY,src-f,Stimulated,1.0,0.6478098725741323,confident binder,0.5210544225752904,0.0017189457498975767
QLEEPD,src-f,Stimulated,,,1,0.5210544225752904,0.0017189457498975767
TVMEYH,src-f,Stimulated,1.0,0.9304606177290065,confident binder,0.5210544225752904,0.0017189457498975767
HGGTEV,src-f,Stimulated,0.0,0.04302607282207754,confident nonbinder,0.5210544225752904,0.0017189457498975767
FNSYPT,src-f,Stimulated,1.0,0.6785545579177679,confident binder,0.5210544225752904,0.0017189457498975767
GTVEFL,src-f,Stimulated,1.0,0.8361799471778142,confident binder,0.5210544225752904,0.0017189457498975767
EAEDDV,src-f,Stimulated,0.0,0.14057275158135388,confident nonbinder,0.5210544225752904,0.0017189457498975767
SRQESL,src-f,Stimulated,0.0,0.15691235911921714,confident nonbinder,0.5210544225752904,0.0017189457498975767
AVSEYK,src-f,Stimulated,1.0,0.9386116427949618,confident binder,0.5210544225752904,0.0017189457498975767
DDVEEG,src-f,Stimulated,,,0,0.5210544225752904,0.0017189457498975767
EVESPY,src-f,Stimulated,1.0,0.9280915316237036,confident binder,0.5210544225752904,0.0017189457498975767
ADFSNY,src-f,Stimulated,0.0,0.13611177444354666,confident nonbinder,0.5210544225752904,0.0017189457498975767
PALAPE,src-f,Stimulated,1.0,0.8678713162052816,confident binder,0.5210544225752904,0.0017189457498975767
EESTFV,src-f,Stimulated,1.0,0.7543094644533103,confident binder,0.5210544225752904,0.0017189457498975767
KKEDIC,src-f,Stimulated,1.0,0.996039839341931,confident binder,0.5210544225752904,0.0017189457498975767
MLGDSG,src-f,Stimulated,0.0,0.021147963195056987,confident nonbinder,0.5210544225752904,0.0017189457498975767
LLWELR,src-f,Stimulated,1.0,0.9868699174670952,confident binder,0.5210544225752904,0.0017189457498975767
VTAEKL,src-f,Stimulated,1.0,0.8351703329388113,confident binder,0.5210544225752904,0.0017189457498975767
NPSDEI,src-f,Stimulated,0.0,0.09275559037894357,confident nonbinder,0.5210544225752904,0.0017189457498975767
AHCVPC,src-f,Stimulated,1.0,0.9871344867096258,confident binder,0.5210544225752904,0.0017189457498975767
RDASHL,src-f,Stimulated,0.0,0.20066646738339092,confident nonbinder,0.5210544225752904,0.0017189457498975767
SVWENT,src-f,Stimulated,1.0,0.9669469942525315,confident binder,0.5210544225752904,0.0017189457498975767
IQSNHR,src-f,Stimulated,1.0,0.7465472599150645,confident binder,0.5210544225752904,0.0017189457498975767
RESSLP,src-f,Stimulated,0.0,0.4624792140706608,low-confidence,0.5210544225752904,0.0017189457498975767
ATDKAP,src-f,Stimulated,0.0,0.30708092308937407,confident nonbinder,0.5210544225752904,0.0017189457498975767
DLEEIL,src-f,Stimulated,1.0,0.9856882307898537,confident binder,0.5210544225752904,0.0017189457498975767
ATASSR,src-f,Stimulated,0.0,0.32971692086973264,confident nonbinder,0.5210544225752904,0.0017189457498975767
GHEVTG,src-f,Stimulated,0.0,0.12122318576098845,confident nonbinder,0.5210544225752904,0.0017189457498975767
SGAGEL,src-f,Stimulated,0.0,0.13069811382654162,confident nonbinder,0.5210544225752904,0.0017189457498975767
PVAFSI,src-f,Stimulated,1.0,0.7902986635910721,confident binder,0.5210544225752904,0.0017189457498975767
PQQPGE,src-f,Stimulated,0.0,0.004733744678829661,confident nonbinder,0.5210544225752904,0.0017189457498975767
ALQMQH,src-f,Stimulated,1.0,0.8100667277576986,confident binder,0.5210544225752904,0.0017189457498975767
EEDEGS,src-f,Stimulated,0.0,0.06426358617008415,confident nonbinder,0.5210544225752904,0.0017189457498975767
PDLGAD,src-f,Stimulated,0.0,0.16240556384020755,confident nonbinder,0.5210544225752904,0.0017189457498975767
PIQAGL,src-f,Stimulated,0.0,0.5109711074430829,low-confidence,0.5210544225752904,0.0017189457498975767
PSTWTP,src-f,Stimulated,1.0,0.9272762502446635,confident binder,0.5210544225752904,0.0017189457498975767
SIFGLD,src-f,Stimulated,1.0,0.6652626501302487,confident binder,0.5210544225752904,0.0017189457498975767
SDLDLD,src-f,Stimulated,1.0,0.8870574048998193,confident binder,0.5210544225752904,0.0017189457498975767
NTILRP,src-f,Stimulated,1.0,0.6184824623646583,confident binder,0.5210544225752904,0.0017189457498975767
LTEPQL,src-f,Stimulated,0.0,0.5063656538831298,low-confidence,0.5210544225752904,0.0017189457498975767
SMSTDS,src-f,Stimulated,0.0,0.058233840134654956,confident nonbinder,0.5210544225752904,0.0017189457498975767
PDVTVI,src-f,Stimulated,1.0,0.9042225055936839,confident binder,0.5210544225752904,0.0017189457498975767
RLELLA,src-f,Stimulated,1.0,0.9757492277060218,confident binder,0.5210544225752904,0.0017189457498975767
KIAGVG,src-f,Stimulated,0.0,0.5,low-confidence,0.5210544225752904,0.0017189457498975767
VLQHNL,src-f,Stimulated,0.0,0.07623982412215319,confident nonbinder,0.5210544225752904,0.0017189457498975767
GYWEVP,src-f,Stimulated,1.0,0.9934584224432985,confident binder,0.5210544225752904,0.0017189457498975767
LVDQSP,src-f,Stimulated,0.0,0.4556810724797806,low-confidence,0.5210544225752904,0.0017189457498975767
CIWLPL,src-f,Stimulated,1.0,0.9211195297078645,confident binder,0.5210544225752904,0.0017189457498975767
AAFDSA,src-f,Stimulated,0.0,0.43103979813677845,low-confidence,0.5210544225752904,0.0017189457498975767
LIDMTT,src-f,Stimulated,1.0,0.6901488904533671,confident binder,0.5210544225752904,0.0017189457498975767
GLSTVP,src-f,Stimulated,1.0,0.864731879834871,confident binder,0.5210544225752904,0.0017189457498975767
PGEVGQ,src-f,Stimulated,0.0,0.17873400372790982,confident nonbinder,0.5210544225752904,0.0017189457498975767
EDSSSS,src-f,Stimulated,0.0,0.012874389975528483,confident nonbinder,0.5210544225752904,0.0017189457498975767
LPAIPA,src-f,Stimulated,1.0,0.9379004737353835,confident binder,0.5210544225752904,0.0017189457498975767
LEMRDP,src-f,Stimulated,0.0,0.4226562599836919,low-confidence,0.5210544225752904,0.0017189457498975767
NLSLCK,src-f,Stimulated,1.0,0.9072541913361063,confident binder,0.5210544225752904,0.0017189457498975767
AIFSAE,src-f,Stimulated,0.0,0.543242492083921,low-confidence,0.5210544225752904,0.0017189457498975767
TDCSLS,src-f,Stimulated,1.0,0.8612400425467415,confident binder,0.5210544225752904,0.0017189457498975767
PVGGPK,src-f,Stimulated,0.0,0.2556849216170116,confident nonbinder,0.5210544225752904,0.0017189457498975767
ETDVPP,src-f,Stimulated,1.0,0.6861643169782566,confident binder,0.5210544225752904,0.0017189457498975767
ALIADR,src-f,Stimulated,1.0,0.7954890775789709,confident binder,0.5210544225752904,0.0017189457498975767
LNIAID,src-f,Stimulated,1.0,0.922257944681467,confident binder,0.5210544225752904,0.0017189457498975767
VNEEDA,src-f,Stimulated,0.0,0.19058969637320103,confident nonbinder,0.5210544225752904,0.0017189457498975767
IEEDLG,src-f,Stimulated,1.0,0.8359174793102783,confident binder,0.5210544225752904,0.0017189457498975767
GNDAFR,src-f,Stimulated,1.0,0.6526119128896058,confident binder,0.5210544225752904,0.0017189457498975767
PLLEDQ,src-f,Stimulated,1.0,0.6507078884947516,confident binder,0.5210544225752904,0.0017189457498975767
SALLGV,src-f,Stimulated,1.0,0.7229577193926724,confident binder,0.5210544225752904,0.0017189457498975767
MTQVPE,src-f,Stimulated,1.0,0.5988348029320903,low-confidence,0.5210544225752904,0.0017189457498975767
EDSQSL,src-f,Stimulated,0.0,0.07296425967559322,confident nonbinder,0.5210544225752904,0.0017189457498975767
DMLVDF,src-f,Stimulated,1.0,0.8306073624403312,confident binder,0.5210544225752904,0.0017189457498975767
KIESIE,src-f,Stimulated,1.0,0.9109351627928665,confident binder,0.5210544225752904,0.0017189457498975767
PGVRPL,src-f,Stimulated,1.0,0.9635485319160932,confident binder,0.5210544225752904,0.0017189457498975767
SVLDPL,src-f,Stimulated,1.0,0.9422935802673947,confident binder,0.5210544225752904,0.0017189457498975767
ENKEAL,src-f,Stimulated,0.0,0.3348194869034156,confident nonbinder,0.5210544225752904,0.0017189457498975767
EDFSSH,src-f,Stimulated,0.0,0.0662649839641132,confident nonbinder,0.5210544225752904,0.0017189457498975767
RVELHG,src-f,Stimulated,0.0,0.34757520576090606,confident nonbinder,0.5210544225752904,0.0017189457498975767
YQIQSR,src-f,Stimulated,0.0,0.42955860163495685,low-confidence,0.5210544225752904,0.0017189457498975767
ATSNLG,src-f,Stimulated,1.0,0.9331890060526332,confident binder,0.5210544225752904,0.0017189457498975767
DGSSSD,src-f,Stimulated,0.0,0.022519961131686948,confident nonbinder,0.5210544225752904,0.0017189457498975767
DEFILE,src-f,Stimulated,1.0,0.9080094470838722,confident binder,0.5210544225752904,0.0017189457498975767
PQISYI,src-f,Stimulated,1.0,0.7163428993068498,confident binder,0.5210544225752904,0.0017189457498975767
VLISPP,src-f,Stimulated,1.0,0.9065073768145429,confident binder,0.5210544225752904,0.0017189457498975767
TMSMMN,src-f,Stimulated,1.0,0.9180659213218786,confident binder,0.5210544225752904,0.0017189457498975767
QLKEQG,src-f,Stimulated,0.0,0.23337469525460844,confident nonbinder,0.5210544225752904,0.0017189457498975767
HMSASL,src-f,Stimulated,0.0,0.4708066602413268,low-confidence,0.5210544225752904,0.0017189457498975767
TINDEF,src-f,Stimulated,0.0,0.347578917985767,confident nonbinder,0.5210544225752904,0.0017189457498975767
VQTLPK,src-f,Stimulated,1.0,0.7670983370414589,confident binder,0.5210544225752904,0.0017189457498975767
EEADEK,src-f,Stimulated,0.0,0.1623943021671056,confident nonbinder,0.5210544225752904,0.0017189457498975767
NISVPH,src-f,Stimulated,,,1,0.5210544225752904,0.0017189457498975767
KNISAW,src-f,Stimulated,0.0,0.5434345205460052,low-confidence,0.5210544225752904,0.0017189457498975767
DHIAAQ,src-f,Stimulated,1.0,0.7085328524366579,confident binder,0.5210544225752904,0.0017189457498975767
NTSSGS,src-f,Stimulated,0.0,0.04076963930769899,confident nonbinder,0.5210544225752904,0.0017189457498975767
QLQSHQ,src-f,Stimulated,1.0,0.5692918351573336,low-confidence,0.5210544225752904,0.0017189457498975767
FDDHDA,src-f,Stimulated,0.0,0.008023841543105887,confident nonbinder,0.5210544225752904,0.0017189457498975767
SLIANH,src-f,Stimulated,1.0,0.7464860282095618,confident binder,0.5210544225752904,0.0017189457498975767
IFNSGP,src-f,Stimulated,0.0,0.10430852323599074,confident nonbinder,0.5210544225752904,0.0017189457498975767
RMSYPA,src-f,Stimulated,1.0,0.6606993668222931,confident binder,0.5210544225752904,0.0017189457498975767
KISYMS,src-f,Stimulated,1.0,0.732486506758338,confident binder,0.5210544225752904,0.0017189457498975767
GLMEAN,src-f,Stimulated,1.0,0.7771426448349902,confident binder,0.5210544225752904,0.0017189457498975767
SLDEVA,src-f,Stimulated,1.0,0.9622315733972158,confident binder,0.5210544225752904,0.0017189457498975767
GMSPSR,src-f,Stimulated,0.0,0.04490492205566982,confident nonbinder,0.5210544225752904,0.0017189457498975767
PCEQLN,src-f,Stimulated,,,1,0.5210544225752904,0.0017189457498975767
SSSDAP,src-f,Stimulated,0.0,0.09358524458220323,confident nonbinder,0.5210544225752904,0.0017189457498975767
EAVIQK,src-f,Stimulated,1.0,0.7138385697577989,confident binder,0.5210544225752904,0.0017189457498975767
LSCLSG,src-f,Stimulated,0.0,0.4560800404109833,low-confidence,0.5210544225752904,0.0017189457498975767
HDCTTP,src-f,Stimulated,0.0,0.21329901142250213,confident nonbinder,0.5210544225752904,0.0017189457498975767
DHVMQE,src-f,Stimulated,1.0,0.5980854512663581,low-confidence,0.5210544225752904,0.0017189457498975767
GTATQS,src-f,Stimulated,0.0,0.21493264207083085,confident nonbinder,0.5210544225752904,0.0017189457498975767
ATQDKR,src-f,Stimulated,0.0,0.4767693209049217,low-confidence,0.5210544225752904,0.0017189457498975767
SFTSHL,src-f,Stimulated,1.0,0.6803299743111213,confident binder,0.5210544225752904,0.0017189457498975767
PVSVYS,src-f,Stimulated,1.0,0.7914004131051653,confident binder,0.5210544225752904,0.0017189457498975767
QLQVQL,src-f,Stimulated,1.0,0.8185215259432168,confident binder,0.5210544225752904,0.0017189457498975767
PDNVAL,src-f,Stimulated,0.0,0.30148757659905145,confident nonbinder,0.5210544225752904,0.0017189457498975767
ERESQE,src-f,Stimulated,0.0,0.061088924567250576,confident nonbinder,0.5210544225752904,0.0017189457498975767
GEGGWY,src-f,Stimulated,1.0,0.9555804115024212,confident binder,0.5210544225752904,0.0017189457498975767
NEVLST,src-f,Stimulated,0.0,0.4565373144655884,low-confidence,0.5210544225752904,0.0017189457498975767
PIALLR,src-f,Stimulated,1.0,0.967883142273759,confident binder,0.5210544225752904,0.0017189457498975767
EVGPEV,src-f,Stimulated,0.0,0.03251258970766545,confident nonbinder,0.5210544225752904,0.0017189457498975767
GQTMNQ,src-f,Stimulated,0.0,0.06949433792267884,confident nonbinder,0.5210544225752904,0.0017189457498975767
KVVDDI,src-f,Stimulated,0.0,0.5281623952059341,low-confidence,0.5210544225752904,0.0017189457498975767
LEADPE,src-f,Stimulated,1.0,0.8637298641789244,confident binder,0.5210544225752904,0.0017189457498975767
VNMPPE,src-f,Stimulated,0.0,0.19190121159345347,confident nonbinder,0.5210544225752904,0.0017189457498975767
FQQLAC,src-f,Stimulated,1.0,0.9787926308587619,confident binder,0.5210544225752904,0.0017189457498975767
DLHEMI,src-f,Stimulated,1.0,0.9254110258241074,confident binder,0.5210544225752904,0.0017189457498975767
TLSGTG,src-f,Stimulated,0.0,0.06082206900722633,confident nonbinder,0.5210544225752904,0.0017189457498975767
TKDLIL,src-f,Stimulated,1.0,0.9453884492702997,confident binder,0.5210544225752904,0.0017189457498975767
MQVTVP,src-f,Stimulated,1.0,0.8256980014748762,confident binder,0.5210544225752904,0.0017189457498975767
HLENLC,src-f,Stimulated,,,1,0.5210544225752904,0.0017189457498975767
ITSLLM,src-f,Stimulated,,,1,0.5210544225752904,0.0017189457498975767
LESYLL,src-f,Stimulated,1.0,0.9440606460593766,confident binder,0.5210544225752904,0.0017189457498975767
GLASVC,src-f,Stimulated,1.0,0.9857572569700831,confident binder,0.5210544225752904,0.0017189457498975767
NVSDLG,src-f,Stimulated,1.0,0.8408357991343064,confident binder,0.5210544225752904,0.0017189457498975767
PLSPTF,src-f,Stimulated,0.0,0.39000393981725034,confident nonbinder,0.5210544225752904,0.0017189457498975767
EDSSFQ,src-f,Stimulated,0.0,0.33244854714494826,confident nonbinder,0.5210544225752904,0.0017189457498975767
PLIEGG,src-f,Stimulated,1.0,0.5711090043188615,low-confidence,0.5210544225752904,0.0017189457498975767
KKFPLT,src-f,Stimulated,0.0,0.41986291357064665,low-confidence,0.5210544225752904,0.0017189457498975767
QPELNT,src-f,Stimulated,0.0,0.1554894171752268,confident nonbinder,0.5210544225752904,0.0017189457498975767
PLGVPE,src-f,Stimulated,1.0,0.5830979058747843,low-confidence,0.5210544225752904,0.0017189457498975767
QDAEAL,src-f,Stimulated,1.0,0.7615457325009526,confident binder,0.5210544225752904,0.0017189457498975767
LNGHAL,src-f,Stimulated,0.0,0.0035453656827301927,confident nonbinder,0.5210544225752904,0.0017189457498975767
YDSHTV,src-f,Stimulated,0.0,0.002774827286321439,confident nonbinder,0.5210544225752904,0.0017189457498975767
DATFPQ,src-f,Stimulated,1.0,0.6915369408132632,confident binder,0.5210544225752904,0.0017189457498975767
EEKEIV,src-f,Stimulated,1.0,0.9442806272255468,confident binder,0.5210544225752904,0.0017189457498975767
NIEDNG,src-f,Stimulated,0.0,0.16150520392931442,confident nonbinder,0.5210544225752904,0.0017189457498975767
VDGELD,src-f,Stimulated,0.0,0.4801596363517284,low-confidence,0.5210544225752904,0.0017189457498975767
EIDFEP,src-f,Stimulated,0.0,0.2781047518049222,confident nonbinder,0.5210544225752904,0.0017189457498975767
TLDFPG,src-f,Stimulated,1.0,0.8320292949439926,confident binder,0.5210544225752904,0.0017189457498975767
VISTPL,src-f,Stimulated,1.0,0.8850080553960483,confident binder,0.5210544225752904,0.0017189457498975767
QTQPEV,src-f,Stimulated,0.0,0.058813125901483805,confident nonbinder,0.5210544225752904,0.0017189457498975767
KESGFA,src-f,Stimulated,0.0,0.34925094152464553,confident nonbinder,0.5210544225752904,0.0017189457498975767
YSEIIE,src-f,Stimulated,1.0,0.9349997935748835,confident binder,0.5210544225752904,0.0017189457498975767
VSQLAF,src-f,Stimulated,1.0,0.7360052899413198,confident binder,0.5210544225752904,0.0017189457498975767
LPQVPT,src-f,Stimulated,1.0,0.7711789093399397,confident binder,0.5210544225752904,0.0017189457498975767
APAPVQ,src-f,Stimulated,1.0,0.588976236905036,low-confidence,0.5210544225752904,0.0017189457498975767
LILTNH,src-f,Stimulated,1.0,0.8469126969933469,confident binder,0.5210544225752904,0.0017189457498975767
LDVPSA,src-f,Stimulated,0.0,0.40765134989255924,low-confidence,0.5210544225752904,0.0017189457498975767
TFVVSF,src-f,Stimulated,1.0,0.8795924578888447,confident binder,0.5210544225752904,0.0017189457498975767
DEDYLF,src-f,Stimulated,1.0,0.9625790116581492,confident binder,0.5210544225752904,0.0017189457498975767
QVDVPT,src-f,Stimulated,1.0,0.8853896684451255,confident binder,0.5210544225752904,0.0017189457498975767
NPSQQQ,src-f,Stimulated,0.0,0.06952890825037511,confident nonbinder,0.5210544225752904,0.0017189457498975767
KSEDPT,src-f,Stimulated,0.0,0.3582096639401939,confident nonbinder,0.5210544225752904,0.0017189457498975767
PYLQTQ,src-f,Stimulated,1.0,0.5990978662308881,low-confidence,0.5210544225752904,0.0017189457498975767
PLTEAD,src-f,Stimulated,1.0,0.7026399419924073,confident binder,0.5210544225752904,0.0017189457498975767
GVISEE,src-f,Stimulated,0.0,0.3309336811122256,confident nonbinder,0.5210544225752904,0.0017189457498975767
LNINSP,src-f,Stimulated,1.0,0.7836417387076582,confident binder,0.5210544225752904,0.0017189457498975767
DNSQSR,src-f,Stimulated,0.0,0.045156067728304314,confident nonbinder,0.5210544225752904,0.0017189457498975767
DHESLK,src-f,Stimulated,1.0,0.9524835405763038,confident binder,0.5210544225752904,0.0017189457498975767
QLVLGH,src-f,Stimulated,1.0,0.8556913173948336,confident binder,0.5210544225752904,0.0017189457498975767
SDSPHI,src-f,Stimulated,0.0,0.061706153938552444,confident nonbinder,0.5210544225752904,0.0017189457498975767
PLEQAG,src-f,Stimulated,1.0,0.5745616722340968,low-confidence,0.5210544225752904,0.0017189457498975767
NPNYSD,src-f,Stimulated,0.0,0.017179980405167508,confident nonbinder,0.5210544225752904,0.0017189457498975767
DDSLCG,src-f,Stimulated,0.0,0.09277685684676795,confident nonbinder,0.5210544225752904,0.0017189457498975767
DAEELR,src-f,Stimulated,,,1,0.5210544225752904,0.0017189457498975767
SNTDLA,src-f,Stimulated,1.0,0.8684366690461206,confident binder,0.5210544225752904,0.0017189457498975767
CCSSLP,src-f,Stimulated,1.0,0.8923817153110456,confident binder,0.5210544225752904,0.0017189457498975767
LVTDSE,src-f,Stimulated,0.0,0.4394772145262432,low-confidence,0.5210544225752904,0.0017189457498975767
ENVPMN,src-f,Stimulated,1.0,0.5522984433637226,low-confidence,0.5210544225752904,0.0017189457498975767
QLTLQP,src-f,Stimulated,1.0,0.6510893865210005,confident binder,0.5210544225752904,0.0017189457498975767
EDKALQ,src-f,Stimulated,1.0,0.6803528582568086,confident binder,0.5210544225752904,0.0017189457498975767
GSQGAQ,src-f,Stimulated,0.0,0.03407578573692736,confident nonbinder,0.5210544225752904,0.0017189457498975767
AIAALD,src-f,Stimulated,1.0,0.9073777170022035,confident binder,0.5210544225752904,0.0017189457498975767
FQLAVH,src-f,Stimulated,1.0,0.9683603641717432,confident binder,0.5210544225752904,0.0017189457498975767
GVQVSG,src-f,Stimulated,0.0,0.15639994302666724,confident nonbinder,0.5210544225752904,0.0017189457498975767
PSVAFT,src-f,Stimulated,1.0,0.6068389951879103,confident binder,0.5210544225752904,0.0017189457498975767
SLEDLE,src-f,Stimulated,1.0,0.9574349581691146,confident binder,0.5210544225752904,0.0017189457498975767
TLNTDQ,src-f,Stimulated,0.0,0.09330690800202031,confident nonbinder,0.5210544225752904,0.0017189457498975767
SKAEYS,src-f,Stimulated,1.0,0.664554255090166,confident binder,0.5210544225752904,0.0017189457498975767
GLATAT,src-f,Stimulated,1.0,0.7327956447204976,confident binder,0.5210544225752904,0.0017189457498975767
DTDDKT,src-f,Stimulated,0.0,0.14249750920437015,confident nonbinder,0.5210544225752904,0.0017189457498975767
SISGLE,src-f,Stimulated,1.0,0.6652040207748607,confident binder,0.5210544225752904,0.0017189457498975767
KFTDPS,src-f,Stimulated,1.0,0.7072027379508247,confident binder,0.5210544225752904,0.0017189457498975767
HELGNL,src-f,Stimulated,0.0,0.364829370867051,confident nonbinder,0.5210544225752904,0.0017189457498975767
DSAESR,src-f,Stimulated,0.0,0.24485085389038516,confident nonbinder,0.5210544225752904,0.0017189457498975767
FGGVEE,src-f,Stimulated,0.0,0.1316203201272976,confident nonbinder,0.5210544225752904,0.0017189457498975767
YNEFAQ,src-f,Stimulated,0.0,0.46248081574213984,low-confidence,0.5210544225752904,0.0017189457498975767
PTTTRD,src-f,Stimulated,0.0,0.09017415504910527,confident nonbinder,0.5210544225752904,0.0017189457498975767
SFHSSG,src-f,Stimulated,0.0,0.04255334690690359,confident nonbinder,0.5210544225752904,0.0017189457498975767
EDIHIR,src-f,Stimulated,0.0,0.22109955417220714,confident nonbinder,0.5210544225752904,0.0017189457498975767
CENDLK,src-f,Stimulated,1.0,0.9279124734959393,confident binder,0.5210544225752904,0.0017189457498975767
LAINPD,src-f,Stimulated,1.0,0.9786271111607815,confident binder,0.5210544225752904,0.0017189457498975767
GQQQQP,src-f,Stimulated,0.0,0.032458038044594156,confident nonbinder,0.5210544225752904,0.0017189457498975767
QLEWQQ,src-f,Stimulated,1.0,0.9797956348023226,confident binder,0.5210544225752904,0.0017189457498975767
PLLVSR,src-f,Stimulated,1.0,0.8992543159590464,confident binder,0.5210544225752904,0.0017189457498975767
RTQASS,src-f,Stimulated,0.0,0.014978015305602664,confident nonbinder,0.5210544225752904,0.0017189457498975767
NIAFMG,src-f,Stimulated,1.0,0.8935864068873332,confident binder,0.5210544225752904,0.0017189457498975767
DHENPR,src-f,Stimulated,1.0,0.9684258411183655,confident binder,0.5210544225752904,0.0017189457498975767
SQIDNR,src-f,Stimulated,0.0,0.2345835977964103,confident nonbinder,0.5210544225752904,0.0017189457498975767
TSAQNL,src-f,Stimulated,0.0,0.3231511140194623,confident nonbinder,0.5210544225752904,0.0017189457498975767
GDEHAD,src-f,Stimulated,0.0,0.0012731280314532299,confident nonbinder,0.5210544225752904,0.0017189457498975767
VQTETE,src-f,Stimulated,0.0,0.1128928035189813,confident nonbinder,0.5210544225752904,0.0017189457498975767
EVMTPL,src-f,Stimulated,1.0,0.9350739847986322,confident binder,0.5210544225752904,0.0017189457498975767
TNEPPG,src-f,Stimulated,0.0,0.07291495377658634,confident nonbinder,0.5210544225752904,0.0017189457498975767
EIEELP,src-f,Stimulated,1.0,0.966773114607772,confident binder,0.5210544225752904,0.0017189457498975767
SWVDAS,src-f,Stimulated,1.0,0.9804895460157715,confident binder,0.5210544225752904,0.0017189457498975767
GLVTEE,src-f,Stimulated,0.0,0.5483618500396152,low-confidence,0.5210544225752904,0.0017189457498975767
KLDGFQ,src-f,Stimulated,0.0,0.5167450140759988,low-confidence,0.5210544225752904,0.0017189457498975767
DVNHKT,src-f,Stimulated,0.0,0.003107485063671026,confident nonbinder,0.5210544225752904,0.0017189457498975767
TSSTTS,src-f,Stimulated,0.0,0.05435438502656967,confident nonbinder,0.5210544225752904,0.0017189457498975767
IDYLMP,src-f,Stimulated,1.0,0.7387222582328791,confident binder,0.5210544225752904,0.0017189457498975767
ALLEAD,src-f,Stimulated,1.0,0.9126090468487548,confident binder,0.5210544225752904,0.0017189457498975767
QELEVQ,src-f,Stimulated,1.0,0.9441851843743029,confident binder,0.5210544225752904,0.0017189457498975767
EEFEAH,src-f,Stimulated,1.0,0.631141146627487,confident binder,0.5210544225752904,0.0017189457498975767
FQCVAV,src-f,Stimulated,1.0,0.8951810682133576,confident binder,0.5210544225752904,0.0017189457498975767
TNVDFY,src-f,Stimulated,1.0,0.7829836100892923,confident binder,0.5210544225752904,0.0017189457498975767
HDEALH,src-f,Stimulated,1.0,0.939690196697975,confident binder,0.5210544225752904,0.0017189457498975767
PCTANF,src-f,Stimulated,1.0,0.61187527879495,confident binder,0.5210544225752904,0.0017189457498975767
LNVGGR,src-f,Stimulated,0.0,0.2142774699012551,confident nonbinder,0.5210544225752904,0.0017189457498975767
PATQIA,src-f,Stimulated,1.0,0.9118034879375019,confident binder,0.5210544225752904,0.0017189457498975767
DVGNSS,src-f,Stimulated,0.0,0.14104501431121022,confident nonbinder,0.5210544225752904,0.0017189457498975767
SQGTPV,src-f,Stimulated,0.0,0.17329125609748802,confident nonbinder,0.5210544225752904,0.0017189457498975767
VHEDIR,src-f,Stimulated,1.0,0.9773414177740277,confident binder,0.5210544225752904,0.0017189457498975767
QIDEGY,src-f,Stimulated,0.0,0.49212579743588547,low-confidence,0.5210544225752904,0.0017189457498975767
LQANEL,src-f,Stimulated,1.0,0.8490692700508313,confident binder,0.5210544225752904,0.0017189457498975767
NDETAD,src-f,Stimulated,0.0,0.2877714602060914,confident nonbinder,0.5210544225752904,0.0017189457498975767
NMYSQS,src-f,Stimulated,0.0,0.3547924331295832,confident nonbinder,0.5210544225752904,0.0017189457498975767
YDMKDI,src-f,Stimulated,0.0,0.2382534462232915,confident nonbinder,0.5210544225752904,0.0017189457498975767
QPANEG,src-f,Stimulated,0.0,0.2176780071534543,confident nonbinder,0.5210544225752904,0.0017189457498975767
ESEALP,src-f,Stimulated,1.0,0.8886986571936153,confident binder,0.5210544225752904,0.0017189457498975767
RFAGGS,src-f,Stimulated,0.0,0.04790831679552248,confident nonbinder,0.5210544225752904,0.0017189457498975767
IDVLPS,src-f,Stimulated,1.0,0.8019366666624554,confident binder,0.5210544225752904,0.0017189457498975767
IPNPQQ,src-f,Stimulated,0.0,0.013710443993973276,confident nonbinder,0.5210544225752904,0.0017189457498975767
ETCETS,src-f,Stimulated,0.0,0.35518650471981955,confident nonbinder,0.5210544225752904,0.0017189457498975767
SAEQVK,src-f,Stimulated,1.0,0.9112844124816544,confident binder,0.5210544225752904,0.0017189457498975767
SVNYAE,src-f,Stimulated,0.0,0.24049801550914754,confident nonbinder,0.5210544225752904,0.0017189457498975767
NSDEKY,src-f,Stimulated,0.0,0.34151335577372066,confident nonbinder,0.5210544225752904,0.0017189457498975767
LDYENP,src-f,Stimulated,0.0,0.2511990189557848,confident nonbinder,0.5210544225752904,0.0017189457498975767
TPNTPQ,src-f,Stimulated,0.0,0.28382995404369843,confident nonbinder,0.5210544225752904,0.0017189457498975767
RDEDGM,src-f,Stimulated,0.0,0.04890248073256426,confident nonbinder,0.5210544225752904,0.0017189457498975767
LNQHYK,src-f,Stimulated,0.0,0.026051065027058368,confident nonbinder,0.5210544225752904,0.0017189457498975767
QHHQGY,src-f,Stimulated,0.0,0.1724040847854988,confident nonbinder,0.5210544225752904,0.0017189457498975767
IISFLG,src-f,Stimulated,1.0,0.7831829853304758,confident binder,0.5210544225752904,0.0017189457498975767
EIVPEA,src-f,Stimulated,0.0,0.4681271843636645,low-confidence,0.5210544225752904,0.0017189457498975767
LKEIAE,src-f,Stimulated,1.0,0.6352830663828407,confident binder,0.5210544225752904,0.0017189457498975767
QSSQAG,src-f,Stimulated,0.0,0.057785835856088916,confident nonbinder,0.5210544225752904,0.0017189457498975767
YVNLHL,src-f,Stimulated,1.0,0.7181005507235905,confident binder,0.5210544225752904,0.0017189457498975767
DFDEDM,src-f,Stimulated,0.0,0.41332158091536775,low-confidence,0.5210544225752904,0.0017189457498975767
EHDPPF,src-f,Stimulated,1.0,0.6259235176446263,confident binder,0.5210544225752904,0.0017189457498975767
SEVPTV,src-f,Stimulated,0.0,0.17328406029279245,confident nonbinder,0.5210544225752904,0.0017189457498975767
NADSNH,src-f,Stimulated,0.0,0.10148175687123479,confident nonbinder,0.5210544225752904,0.0017189457498975767
DLHLQK,src-f,Stimulated,1.0,0.6124247984613245,confident binder,0.5210544225752904,0.0017189457498975767
EGEHEE,src-f,Stimulated,0.0,0.0004452284440599412,confident nonbinder,0.5210544225752904,0.0017189457498975767
GDGPPG,src-f,Stimulated,,,0,0.5210544225752904,0.0017189457498975767
SQSMVA,src-f,Stimulated,1.0,0.892991788056834,confident binder,0.5210544225752904,0.0017189457498975767
KDSDIT,src-f,Stimulated,1.0,0.6725251308372255,confident binder,0.5210544225752904,0.0017189457498975767
SASSFV,src-f,Stimulated,0.0,0.42630348821467073,low-confidence,0.5210544225752904,0.0017189457498975767
GTGVVY,src-f,Stimulated,,,0,0.5210544225752904,0.0017189457498975767
RKISIT,src-f,Stimulated,1.0,0.7325995097648337,confident binder,0.5210544225752904,0.0017189457498975767
QLQQSR,src-f,Stimulated,0.0,0.5142167389361667,low-confidence,0.5210544225752904,0.0017189457498975767
EINDLS,src-f,Stimulated,1.0,0.7936191692895929,confident binder,0.5210544225752904,0.0017189457498975767
IDDWCE,src-f,Stimulated,1.0,0.9679746068810509,confident binder,0.5210544225752904,0.0017189457498975767
KFDSNT,src-f,Stimulated,0.0,0.08343090611033215,confident nonbinder,0.5210544225752904,0.0017189457498975767
PASPAS,src-f,Stimulated,0.0,0.05085497068698027,confident nonbinder,0.5210544225752904,0.0017189457498975767
ARVDVL,src-f,Stimulated,1.0,0.9275740169364941,confident binder,0.5210544225752904,0.0017189457498975767
EPSCSK,src-f,Stimulated,0.0,0.15496057149122797,confident nonbinder,0.5210544225752904,0.0017189457498975767
VEETLK,src-f,Stimulated,1.0,0.9788120430799548,confident binder,0.5210544225752904,0.0017189457498975767
HFVVTA,src-f,Stimulated,1.0,0.8636665244254303,confident binder,0.5210544225752904,0.0017189457498975767
SVEDVA,src-f,Stimulated,1.0,0.9488355229349845,confident binder,0.5210544225752904,0.0017189457498975767
ANSFHK,src-f,Stimulated,0.0,0.4332746136633509,low-confidence,0.5210544225752904,0.0017189457498975767
DHEALR,src-f,Stimulated,1.0,0.9746896444467724,confident binder,0.5210544225752904,0.0017189457498975767
EAAIGK,src-f,Stimulated,0.0,0.46956543038303844,low-confidence,0.5210544225752904,0.0017189457498975767
FGVGID,src-f,Stimulated,1.0,0.9053862615734142,confident binder,0.5210544225752904,0.0017189457498975767
GSGPFG,src-f,Stimulated,0.0,0.009945498868042713,confident nonbinder,0.5210544225752904,0.0017189457498975767
NLDHEL,src-f,Stimulated,0.0,0.01143866868250864,confident nonbinder,0.5210544225752904,0.0017189457498975767
PTDIDP,src-f,Stimulated,0.0,0.06650925770630493,confident nonbinder,0.5210544225752904,0.0017189457498975767
GGEIPA,src-f,Stimulated,1.0,0.8651363543388746,confident binder,0.5210544225752904,0.0017189457498975767
LADLNP,src-f,Stimulated,0.0,0.4223858509548928,low-confidence,0.5210544225752904,0.0017189457498975767
EIRPPA,src-f,Stimulated,0.0,0.002889042732235536,confident nonbinder,0.5210544225752904,0.0017189457498975767
DDILDL,src-f,Stimulated,0.0,0.5,low-confidence,0.5210544225752904,0.0017189457498975767
GPSISV,src-f,Stimulated,0.0,0.1979573570359384,confident nonbinder,0.5210544225752904,0.0017189457498975767
RDDDMS,src-f,Stimulated,0.0,0.24188075967382522,confident nonbinder,0.5210544225752904,0.0017189457498975767
INEVGD,src-f,Stimulated,0.0,0.1149845658860191,confident nonbinder,0.5210544225752904,0.0017189457498975767
EEGEFY,src-f,Stimulated,0.0,0.4682063809173327,low-confidence,0.5210544225752904,0.0017189457498975767
EQSAEN,src-f,Stimulated,0.0,0.02032458993599522,confident nonbinder,0.5210544225752904,0.0017189457498975767
KLQEPR,src-f,Stimulated,1.0,0.9329016857059454,confident binder,0.5210544225752904,0.0017189457498975767
GAYAPG,src-f,Stimulated,0.0,0.4027949811017663,low-confidence,0.5210544225752904,0.0017189457498975767
KLSIIL,src-f,Stimulated,1.0,0.9300510255011533,confident binder,0.5210544225752904,0.0017189457498975767
AFEFTF,src-f,Stimulated,1.0,0.8479620231284173,confident binder,0.5210544225752904,0.0017189457498975767
EEFVAQ,src-f,Stimulated,0.0,0.5417372099006534,low-confidence,0.5210544225752904,0.0017189457498975767
KRQDTP,src-f,Stimulated,0.0,0.02763236959578178,confident nonbinder,0.5210544225752904,0.0017189457498975767
TDGPEE,src-f,Stimulated,0.0,0.0008819327114259558,confident nonbinder,0.5210544225752904,0.0017189457498975767
PTNEHI,src-f,Stimulated,0.0,0.3125616236995688,confident nonbinder,0.5210544225752904,0.0017189457498975767
AIDNPN,src-f,Stimulated,1.0,0.9742783169248828,confident binder,0.5210544225752904,0.0017189457498975767
NQNNPA,src-f,Stimulated,1.0,0.862970500072306,confident binder,0.5210544225752904,0.0017189457498975767
AYPPAP,src-f,Stimulated,0.0,0.09324315165178891,confident nonbinder,0.5210544225752904,0.0017189457498975767
VESTVA,src-f,Stimulated,1.0,0.9041960537377081,confident binder,0.5210544225752904,0.0017189457498975767
QQEQAA,src-f,Stimulated,1.0,0.6041160258147522,confident binder,0.5210544225752904,0.0017189457498975767
EDAVSQ,src-f,Stimulated,0.0,0.12312482483631514,confident nonbinder,0.5210544225752904,0.0017189457498975767
IFAGTG,src-f,Stimulated,0.0,0.21195752674036253,confident nonbinder,0.5210544225752904,0.0017189457498975767
PDLPTE,src-f,Stimulated,0.0,0.0504736141228711,confident nonbinder,0.5210544225752904,0.0017189457498975767
PSSLFR,src-f,Stimulated,1.0,0.6838818434519226,confident binder,0.5210544225752904,0.0017189457498975767
DIVIPQ,src-f,Stimulated,1.0,0.9175368767895424,confident binder,0.5210544225752904,0.0017189457498975767
VGQGPT,src-f,Stimulated,0.0,0.25926073720358594,confident nonbinder,0.5210544225752904,0.0017189457498975767
VISNLT,src-f,Stimulated,1.0,0.9432065403874301,confident binder,0.5210544225752904,0.0017189457498975767
NVQPTE,src-f,Stimulated,0.0,0.09123651546304569,confident nonbinder,0.5210544225752904,0.0017189457498975767
ENSFLP,src-f,Stimulated,1.0,0.8098141494716865,confident binder,0.5210544225752904,0.0017189457498975767
SLSGIE,src-f,Stimulated,1.0,0.7827463468014042,confident binder,0.5210544225752904,0.0017189457498975767
INTFKT,src-f,Stimulated,0.0,0.4035648358100532,low-confidence,0.5210544225752904,0.0017189457498975767
GSALTS,src-f,Stimulated,0.0,0.13075048038937082,confident nonbinder,0.5210544225752904,0.0017189457498975767
SQQENR,src-f,Stimulated,0.0,0.0789825629292006,confident nonbinder,0.5210544225752904,0.0017189457498975767
STVPLA,src-f,Stimulated,1.0,0.8474110164130475,confident binder,0.5210544225752904,0.0017189457498975767
DISGLN,src-f,Stimulated,1.0,0.75474036699897,confident binder,0.5210544225752904,0.0017189457498975767
PSEAIP,src-f,Stimulated,1.0,0.8985229297610016,confident binder,0.5210544225752904,0.0017189457498975767
PAHEVV,src-f,Stimulated,1.0,0.8536611668595516,confident binder,0.5210544225752904,0.0017189457498975767
PVGAQH,src-f,Stimulated,0.0,0.12422876928897832,confident nonbinder,0.5210544225752904,0.0017189457498975767
TISQTL,src-f,Stimulated,0.0,0.5089831653004865,low-confidence,0.5210544225752904,0.0017189457498975767
DDINAS,src-f,Stimulated,1.0,0.8105769384289615,confident binder,0.5210544225752904,0.0017189457498975767
PSIPFL,src-f,Stimulated,0.0,0.5269080903959836,low-confidence,0.5210544225752904,0.0017189457498975767
YTEELL,src-f,Stimulated,1.0,0.9813448421130686,confident binder,0.5210544225752904,0.0017189457498975767
SPTTSA,src-f,Stimulated,0.0,0.16402865044386838,confident nonbinder,0.5210544225752904,0.0017189457498975767
DSQTPQ,src-f,Stimulated,0.0,0.3674159904762086,confident nonbinder,0.5210544225752904,0.0017189457498975767
VGYYSD,src-f,Stimulated,0.0,0.20913864095494195,confident nonbinder,0.5210544225752904,0.0017189457498975767
NQQASY,src-f,Stimulated,0.0,0.10337458726219728,confident nonbinder,0.5210544225752904,0.0017189457498975767
DKGFLG,src-f,Stimulated,0.0,0.24354612659226835,confident nonbinder,0.5210544225752904,0.0017189457498975767
AVSPTT,src-f,Stimulated,0.0,0.09505400506766333,confident nonbinder,0.5210544225752904,0.0017189457498975767
DTIVFG,src-f,Stimulated,1.0,0.7327969414932555,confident binder,0.5210544225752904,0.0017189457498975767
IEDTFG,src-f,Stimulated,0.0,0.3969513088973484,confident nonbinder,0.5210544225752904,0.0017189457498975767
EIALNR,src-f,Stimulated,1.0,0.7077792874549268,confident binder,0.5210544225752904,0.0017189457498975767
EPEKVK,src-f,Stimulated,1.0,0.8662968259167736,confident binder,0.5210544225752904,0.0017189457498975767
NNGCVP,src-f,Stimulated,0.0,0.43814719056458884,low-confidence,0.5210544225752904,0.0017189457498975767
DDQPVR,src-f,Stimulated,0.0,0.4714854720913894,low-confidence,0.5210544225752904,0.0017189457498975767
TFDDAL,src-f,Stimulated,1.0,0.8085375398512965,confident binder,0.5210544225752904,0.0017189457498975767
DENPFS,src-f,Stimulated,0.0,0.07929038638699121,confident nonbinder,0.5210544225752904,0.0017189457498975767
GDYEVD,src-f,Stimulated,1.0,0.7570462058338847,confident binder,0.5210544225752904,0.0017189457498975767
EPLSPQ,src-f,Stimulated,1.0,0.7590657222124587,confident binder,0.5210544225752904,0.0017189457498975767
NGETLE,src-f,Stimulated,1.0,0.949874080807465,confident binder,0.5210544225752904,0.0017189457498975767
KLLSWV,src-f,Stimulated,1.0,0.9719510386406922,confident binder,0.5210544225752904,0.0017189457498975767
SVLFPG,src-f,Stimulated,1.0,0.8868337004057585,confident binder,0.5210544225752904,0.0017189457498975767
STSYET,src-f,Stimulated,0.0,0.04145256792447405,confident nonbinder,0.5210544225752904,0.0017189457498975767
QPEFTT,src-f,Stimulated,0.0,0.2461404594984884,confident nonbinder,0.5210544225752904,0.0017189457498975767
FNVLSK,src-f,Stimulated,1.0,0.770226046829855,confident binder,0.5210544225752904,0.0017189457498975767
PGDTHG,src-f,Stimulated,0.0,0.11712367768778568,confident nonbinder,0.5210544225752904,0.0017189457498975767
DVNEGT,src-f,Stimulated,0.0,0.10031764876944473,confident nonbinder,0.5210544225752904,0.0017189457498975767
DSATHN,src-f,Stimulated,0.0,0.3666173214645546,confident nonbinder,0.5210544225752904,0.0017189457498975767
HEHVLS,src-f,Stimulated,1.0,0.8922063965768666,confident binder,0.5210544225752904,0.0017189457498975767
ELVAAD,src-f,Stimulated,1.0,0.8276164405448152,confident binder,0.5210544225752904,0.0017189457498975767
FPEEDS,src-f,Stimulated,0.0,0.2783279280865898,confident nonbinder,0.5210544225752904,0.0017189457498975767
VTHLLG,src-f,Stimulated,1.0,0.7603301499346177,confident binder,0.5210544225752904,0.0017189457498975767
NEIAST,src-f,Stimulated,0.0,0.37440832961756454,confident nonbinder,0.5210544225752904,0.0017189457498975767
LAEILE,src-f,Stimulated,1.0,0.9635848172215522,confident binder,0.5210544225752904,0.0017189457498975767
GDDNLE,src-f,Stimulated,1.0,0.9245954506271123,confident binder,0.5210544225752904,0.0017189457498975767
YNSDSI,src-f,Stimulated,0.0,0.09471530143496354,confident nonbinder,0.5210544225752904,0.0017189457498975767
SPVVAV,src-f,Stimulated,1.0,0.7671164219953404,confident binder,0.5210544225752904,0.0017189457498975767
GTDLDF,src-f,Stimulated,0.0,0.295935294166847,confident nonbinder,0.5210544225752904,0.0017189457498975767
PMQEAE,src-f,Stimulated,0.0,0.5264523396096523,low-confidence,0.5210544225752904,0.0017189457498975767
PKDLLY,src-f,Stimulated,1.0,0.9046646979829621,confident binder,0.5210544225752904,0.0017189457498975767
DLDYID,src-f,Stimulated,1.0,0.9381932938240739,confident binder,0.5210544225752904,0.0017189457498975767
GASLSI,src-f,Stimulated,0.0,0.31415493683074475,confident nonbinder,0.5210544225752904,0.0017189457498975767
DWDCHR,src-f,Stimulated,1.0,0.9817759843700471,confident binder,0.5210544225752904,0.0017189457498975767
ALEDEG,src-f,Stimulated,0.0,0.2538345350182378,confident nonbinder,0.5210544225752904,0.0017189457498975767
LEDSEH,src-f,Stimulated,0.0,0.1286598020725919,confident nonbinder,0.5210544225752904,0.0017189457498975767
PVENKY,src-f,Stimulated,,,1,0.5210544225752904,0.0017189457498975767
DDYRER,src-f,Stimulated,0.0,0.2148183515028583,confident nonbinder,0.5210544225752904,0.0017189457498975767
GGGTPD,src-f,Stimulated,0.0,0.14154926022787423,confident nonbinder,0.5210544225752904,0.0017189457498975767
DLVEGL,src-f,Stimulated,1.0,0.8525084363813067,confident binder,0.5210544225752904,0.0017189457498975767
GGEPMD,src-f,Stimulated,0.0,0.4384278355264405,low-confidence,0.5210544225752904,0.0017189457498975767
MPSVGF,src-f,Stimulated,0.0,0.46418721194578283,low-confidence,0.5210544225752904,0.0017189457498975767
ETVMDS,src-f,Stimulated,0.0,0.3364359859845584,confident nonbinder,0.5210544225752904,0.0017189457498975767
KTSYLT,src-f,Stimulated,1.0,0.7526286341934212,confident binder,0.5210544225752904,0.0017189457498975767
ITQEPQ,src-f,Stimulated,1.0,0.679931433469661,confident binder,0.5210544225752904,0.0017189457498975767
PDSMAY,src-f,Stimulated,0.0,0.4509262558507837,low-confidence,0.5210544225752904,0.0017189457498975767
ELGEPR,src-f,Stimulated,1.0,0.8301562327526929,confident binder,0.5210544225752904,0.0017189457498975767
RHTGPG,src-f,Stimulated,0.0,0.03881802116723283,confident nonbinder,0.5210544225752904,0.0017189457498975767
KNALPS,src-f,Stimulated,0.0,0.5,low-confidence,0.5210544225752904,0.0017189457498975767
RPDGAA,src-f,Stimulated,0.0,0.04898858532571405,confident nonbinder,0.5210544225752904,0.0017189457498975767
SVLSYE,src-f,Stimulated,1.0,0.8609044566298862,confident binder,0.5210544225752904,0.0017189457498975767
TIQPPE,src-f,Stimulated,0.0,0.4502976641375708,low-confidence,0.5210544225752904,0.0017189457498975767
ALGYDI,src-f,Stimulated,0.0,0.33742092774071686,confident nonbinder,0.5210544225752904,0.0017189457498975767
VDDVSP,src-f,Stimulated,0.0,0.11435162531774862,confident nonbinder,0.5210544225752904,0.0017189457498975767
DVRAPP,src-f,Stimulated,0.0,0.002960860574398855,confident nonbinder,0.5210544225752904,0.0017189457498975767
QLDPGA,src-f,Stimulated,0.0,0.24988254097482981,confident nonbinder,0.5210544225752904,0.0017189457498975767
SSSLDR,src-f,Stimulated,0.0,0.03971953522883718,confident nonbinder,0.5210544225752904,0.0017189457498975767
TPIVLS,src-f,Stimulated,1.0,0.9370638865830896,confident binder,0.5210544225752904,0.0017189457498975767
PQTYNN,src-f,Stimulated,0.0,0.05018411534326434,confident nonbinder,0.5210544225752904,0.0017189457498975767
GFSENL,src-f,Stimulated,0.0,0.4687323348143054,low-confidence,0.5210544225752904,0.0017189457498975767
HIYGSL,src-f,Stimulated,0.0,0.4241777062340144,low-confidence,0.5210544225752904,0.0017189457498975767
VQTPVY,src-f,Stimulated,1.0,0.5558112722124781,low-confidence,0.5210544225752904,0.0017189457498975767
GHQEEE,src-f,Stimulated,0.0,0.05069869927975598,confident nonbinder,0.5210544225752904,0.0017189457498975767
RPVQPP,src-f,Stimulated,0.0,0.4299434121980986,low-confidence,0.5210544225752904,0.0017189457498975767
FVDHVF,src-f,Stimulated,0.0,0.3753983475201773,confident nonbinder,0.5210544225752904,0.0017189457498975767
DEDLLD,src-f,Stimulated,1.0,0.8773107278217657,confident binder,0.5210544225752904,0.0017189457498975767
EDEEVD,src-f,Stimulated,,,1,0.5210544225752904,0.0017189457498975767
SEISTT,src-f,Stimulated,0.0,0.1798441473236696,confident nonbinder,0.5210544225752904,0.0017189457498975767
PTDPVS,src-f,Stimulated,0.0,0.3845451100362906,confident nonbinder,0.5210544225752904,0.0017189457498975767
EYESLS,src-f,Stimulated,1.0,0.9509212108334476,confident binder,0.5210544225752904,0.0017189457498975767
YISSNF,src-f,Stimulated,1.0,0.5636037030886913,low-confidence,0.5210544225752904,0.0017189457498975767
SDSNLH,src-f,Stimulated,1.0,0.9534021866031286,confident binder,0.5210544225752904,0.0017189457498975767
IPSEDF,src-f,Stimulated,0.0,0.3283653406150079,confident nonbinder,0.5210544225752904,0.0017189457498975767
DNCEIT,src-f,Stimulated,1.0,0.9152699449651276,confident binder,0.5210544225752904,0.0017189457498975767
YSDISE,src-f,Stimulated,0.0,0.0736768868688679,confident nonbinder,0.5210544225752904,0.0017189457498975767
NLGSPG,src-f,Stimulated,0.0,0.2334395056956548,confident nonbinder,0.5210544225752904,0.0017189457498975767
STYWPR,src-f,Stimulated,1.0,0.9920018357394161,confident binder,0.5210544225752904,0.0017189457498975767
GSDDVL,src-f,Stimulated,1.0,0.754240408498862,confident binder,0.5210544225752904,0.0017189457498975767
SRQQPF,src-f,Stimulated,,,1,0.5210544225752904,0.0017189457498975767
FLSPAF,src-f,Stimulated,1.0,0.8446452239595209,confident binder,0.5210544225752904,0.0017189457498975767
ENGLQE,src-f,Stimulated,0.0,0.009222214671595848,confident nonbinder,0.5210544225752904,0.0017189457498975767
SHLTPQ,src-f,Stimulated,1.0,0.9042189701835464,confident binder,0.5210544225752904,0.0017189457498975767
PSDGGL,src-f,Stimulated,0.0,0.028696307202753495,confident nonbinder,0.5210544225752904,0.0017189457498975767
EFVHYV,src-f,Stimulated,0.0,0.14295686230748414,confident nonbinder,0.5210544225752904,0.0017189457498975767
EISMDE,src-f,Stimulated,0.0,0.18453799962670528,confident nonbinder,0.5210544225752904,0.0017189457498975767
EEKHFQ,src-f,Stimulated,0.0,0.01619601026022535,confident nonbinder,0.5210544225752904,0.0017189457498975767
FQTAPK,src-f,Stimulated,1.0,0.905003503457107,confident binder,0.5210544225752904,0.0017189457498975767
SDQVLR,src-f,Stimulated,1.0,0.9353570779036929,confident binder,0.5210544225752904,0.0017189457498975767
ELSSRP,src-f,Stimulated,0.0,0.21001596131386313,confident nonbinder,0.5210544225752904,0.0017189457498975767
SEEEIP,src-f,Stimulated,1.0,0.9461025766368193,confident binder,0.5210544225752904,0.0017189457498975767
VEAYSD,src-f,Stimulated,0.0,0.18928006088715868,confident nonbinder,0.5210544225752904,0.0017189457498975767
VIHALS,src-f,Stimulated,1.0,0.8177642247374862,confident binder,0.5210544225752904,0.0017189457498975767
ADSDST,src-f,Stimulated,0.0,0.030296779047278066,confident nonbinder,0.5210544225752904,0.0017189457498975767
GNELLP,src-f,Stimulated,1.0,0.888217143447989,confident binder,0.5210544225752904,0.0017189457498975767
ANHLYG,src-f,Stimulated,0.0,0.2712675094432699,confident nonbinder,0.5210544225752904,0.0017189457498975767
EEVAPP,src-f,Stimulated,1.0,0.8258242658272957,confident binder,0.5210544225752904,0.0017189457498975767
TPLDIA,src-f,Stimulated,1.0,0.9574357700903777,confident binder,0.5210544225752904,0.0017189457498975767
ADSAFG,src-f,Stimulated,0.0,0.24099662343564215,confident nonbinder,0.5210544225752904,0.0017189457498975767
PLSSLT,src-f,Stimulated,1.0,0.882560383679216,confident binder,0.5210544225752904,0.0017189457498975767
ALQQLQ,src-f,Stimulated,1.0,0.9445458094395878,confident binder,0.5210544225752904,0.0017189457498975767
YYGYGS,src-f,Stimulated,0.0,0.054922060780972434,confident nonbinder,0.5210544225752904,0.0017189457498975767
ENIIDK,src-f,Stimulated,0.0,0.2606689745975766,confident nonbinder,0.5210544225752904,0.0017189457498975767
PIAPLQ,src-f,Stimulated,1.0,0.7955631180370654,confident binder,0.5210544225752904,0.0017189457498975767
AASVEH,src-f,Stimulated,0.0,0.3024647031557251,confident nonbinder,0.5210544225752904,0.0017189457498975767
TDQNPV,src-f,Stimulated,1.0,0.925381410383158,confident binder,0.5210544225752904,0.0017189457498975767
QLDAVP,src-f,Stimulated,1.0,0.938017691994595,confident binder,0.5210544225752904,0.0017189457498975767
PYDYEI,src-f,Stimulated,0.0,0.35474966215470666,confident nonbinder,0.5210544225752904,0.0017189457498975767
PEAVLT,src-f,Stimulated,1.0,0.9534538758259588,confident binder,0.5210544225752904,0.0017189457498975767
LRLHVL,src-f,Stimulated,0.0,0.26693453555079133,confident nonbinder,0.5210544225752904,0.0017189457498975767
EQEMTE,src-f,Stimulated,0.0,0.1789193763354431,confident nonbinder,0.5210544225752904,0.0017189457498975767
CEKHPK,src-f,Stimulated,0.0,0.021775991713173383,confident nonbinder,0.5210544225752904,0.0017189457498975767
GPDVVV,src-f,Stimulated,1.0,0.8401287336346748,confident binder,0.5210544225752904,0.0017189457498975767
EQEVAQ,src-f,Stimulated,0.0,0.4022063338256243,low-confidence,0.5210544225752904,0.0017189457498975767
DTFISS,src-f,Stimulated,0.0,0.21671976981438362,confident nonbinder,0.5210544225752904,0.0017189457498975767
EGSIKP,src-f,Stimulated,0.0,0.24016454911999435,confident nonbinder,0.5210544225752904,0.0017189457498975767
PQSSPQ,src-f,Stimulated,0.0,0.19781807036792132,confident nonbinder,0.5210544225752904,0.0017189457498975767
SDEVAE,src-f,Stimulated,0.0,0.30603281935123794,confident nonbinder,0.5210544225752904,0.0017189457498975767
EPLSSR,src-f,Stimulated,0.0,0.33764221348414186,confident nonbinder,0.5210544225752904,0.0017189457498975767
KIDILS,src-f,Stimulated,1.0,0.9031659326036392,confident binder,0.5210544225752904,0.0017189457498975767
FDQFGY,src-f,Stimulated,0.0,0.5210663014026006,low-confidence,0.5210544225752904,0.0017189457498975767
GAYIPG,src-f,Stimulated,0.0,0.5187834269582641,low-confidence,0.5210544225752904,0.0017189457498975767
DTTAGL,src-f,Stimulated,0.0,0.24359090127129354,confident nonbinder,0.5210544225752904,0.0017189457498975767
NLIENE,src-f,Stimulated,1.0,0.8019166378212507,confident binder,0.5210544225752904,0.0017189457498975767
AEVGHL,src-f,Stimulated,1.0,0.6399306915589432,confident binder,0.5210544225752904,0.0017189457498975767
EPNSIL,src-f,Stimulated,1.0,0.7848149434378856,confident binder,0.5210544225752904,0.0017189457498975767
NPQPAP,src-f,Stimulated,0.0,0.06152819999041168,confident nonbinder,0.5210544225752904,0.0017189457498975767
LSTSIF,src-f,Stimulated,1.0,0.9053516040098466,confident binder,0.5210544225752904,0.0017189457498975767
DLLEHL,src-f,Stimulated,1.0,0.9541119015925449,confident binder,0.5210544225752904,0.0017189457498975767
PGQSSY,src-f,Stimulated,0.0,0.0706969802272777,confident nonbinder,0.5210544225752904,0.0017189457498975767
VDSATV,src-f,Stimulated,0.0,0.23732102345057277,confident nonbinder,0.5210544225752904,0.0017189457498975767
LIQTGP,src-f,Stimulated,0.0,0.5335204195033088,low-confidence,0.5210544225752904,0.0017189457498975767
YNSGTE,src-f,Stimulated,0.0,0.011025432787738473,confident nonbinder,0.5210544225752904,0.0017189457498975767
PRTFAP,src-f,Stimulated,0.0,0.3667383679947149,confident nonbinder,0.5210544225752904,0.0017189457498975767
AQEMAR,src-f,Stimulated,,,1,0.5210544225752904,0.0017189457498975767
GLSPQY,src-f,Stimulated,0.0,0.16701664737432514,confident nonbinder,0.5210544225752904,0.0017189457498975767
SQMGLS,src-f,Stimulated,0.0,0.5387412477520788,low-confidence,0.5210544225752904,0.0017189457498975767
GNVFQR,src-f,Stimulated,0.0,0.42699613115670176,low-confidence,0.5210544225752904,0.0017189457498975767
DCKPTE,src-f,Stimulated,0.0,0.023493775577298332,confident nonbinder,0.5210544225752904,0.0017189457498975767
EMINSS,src-f,Stimulated,1.0,0.8474316997065171,confident binder,0.5210544225752904,0.0017189457498975767
AEDKLP,src-f,Stimulated,1.0,0.8727266607178085,confident binder,0.5210544225752904,0.0017189457498975767
GSSTQA,src-f,Stimulated,0.0,0.1323483255722179,confident nonbinder,0.5210544225752904,0.0017189457498975767
SSILES,src-f,Stimulated,0.0,0.27753067439042034,confident nonbinder,0.5210544225752904,0.0017189457498975767
PKADLP,src-f,Stimulated,1.0,0.8557845235475481,confident binder,0.5210544225752904,0.0017189457498975767
DTGAGD,src-f,Stimulated,0.0,0.008588870292048098,confident nonbinder,0.5210544225752904,0.0017189457498975767
VDVCNS,src-f,Stimulated,0.0,0.4386491355739672,low-confidence,0.5210544225752904,0.0017189457498975767
AIDICR,src-f,Stimulated,1.0,0.8449092968786933,confident binder,0.5210544225752904,0.0017189457498975767
EDENLP,src-f,Stimulated,1.0,0.9628343188868687,confident binder,0.5210544225752904,0.0017189457498975767
EMGSVT,src-f,Stimulated,0.0,0.3983669204155355,confident nonbinder,0.5210544225752904,0.0017189457498975767
EEDEEE,src-f,Stimulated,0.0,0.04132898530865134,confident nonbinder,0.5210544225752904,0.0017189457498975767
DLSDCL,src-f,Stimulated,1.0,0.7728561498864016,confident binder,0.5210544225752904,0.0017189457498975767
GIDDTS,src-f,Stimulated,0.0,0.14247000708926713,confident nonbinder,0.5210544225752904,0.0017189457498975767
RVEIPG,src-f,Stimulated,1.0,0.5855996047553449,low-confidence,0.5210544225752904,0.0017189457498975767
LESGIQ,src-f,Stimulated,1.0,0.7983757896771911,confident binder,0.5210544225752904,0.0017189457498975767
QSQGDM,src-f,Stimulated,0.0,0.024998461723032033,confident nonbinder,0.5210544225752904,0.0017189457498975767
DDTIPD,src-f,Stimulated,0.0,0.37005958256526356,confident nonbinder,0.5210544225752904,0.0017189457498975767
GLSSLP,src-f,Stimulated,1.0,0.8593379250327795,confident binder,0.5210544225752904,0.0017189457498975767
GLMDQK,src-f,Stimulated,1.0,0.6861163189000721,confident binder,0.5210544225752904,0.0017189457498975767
KLINHT,src-f,Stimulated,1.0,0.9474643303382666,confident binder,0.5210544225752904,0.0017189457498975767
DSIQSR,src-f,Stimulated,0.0,0.2807664347423485,confident nonbinder,0.5210544225752904,0.0017189457498975767
GDNMAK,src-f,Stimulated,0.0,0.20315481237433378,confident nonbinder,0.5210544225752904,0.0017189457498975767
KKATLS,src-f,Stimulated,1.0,0.8377370202481322,confident binder,0.5210544225752904,0.0017189457498975767
QCGPGI,src-f,Stimulated,0.0,0.026237107993958453,confident nonbinder,0.5210544225752904,0.0017189457498975767
DEDENK,src-f,Stimulated,0.0,0.11709283371319046,confident nonbinder,0.5210544225752904,0.0017189457498975767
SYCSGS,src-f,Stimulated,0.0,0.22527928376955308,confident nonbinder,0.5210544225752904,0.0017189457498975767
WVETGR,src-f,Stimulated,0.0,0.02007647330500064,confident nonbinder,0.5210544225752904,0.0017189457498975767
QQECVA,src-f,Stimulated,1.0,0.9706204704104103,confident binder,0.5210544225752904,0.0017189457498975767
RLEEDD,src-f,Stimulated,0.0,0.07738607319898136,confident nonbinder,0.5210544225752904,0.0017189457498975767
NIIQNR,src-f,Stimulated,1.0,0.7703513195042224,confident binder,0.5210544225752904,0.0017189457498975767
PNTSGY,src-f,Stimulated,0.0,0.0383320091272472,confident nonbinder,0.5210544225752904,0.0017189457498975767
DTESLL,src-f,Stimulated,1.0,0.9578951934297296,confident binder,0.5210544225752904,0.0017189457498975767
EEVKEE,src-f,Stimulated,0.0,0.10524983990971727,confident nonbinder,0.5210544225752904,0.0017189457498975767
THSDNN,src-f,Stimulated,0.0,0.07496620286576332,confident nonbinder,0.5210544225752904,0.0017189457498975767
KFSFAL,src-f,Stimulated,1.0,0.7714354518754301,confident binder,0.5210544225752904,0.0017189457498975767
VDMDLP,src-f,Stimulated,1.0,0.8314026631221335,confident binder,0.5210544225752904,0.0017189457498975767
DKAVFK,src-f,Stimulated,1.0,0.8763995414045882,confident binder,0.5210544225752904,0.0017189457498975767
IFTLSP,src-f,Stimulated,1.0,0.6024890407536297,confident binder,0.5210544225752904,0.0017189457498975767
KSQEVS,src-f,Stimulated,1.0,0.5831735340367697,low-confidence,0.5210544225752904,0.0017189457498975767
VLADIK,src-f,Stimulated,1.0,0.9460105083391988,confident binder,0.5210544225752904,0.0017189457498975767
MIASSK,src-f,Stimulated,0.0,0.4552391778787631,low-confidence,0.5210544225752904,0.0017189457498975767
DATTFI,src-f,Stimulated,1.0,0.6887981428984913,confident binder,0.5210544225752904,0.0017189457498975767
LDEDDE,src-f,Stimulated,,,0,0.5210544225752904,0.0017189457498975767
VEEALC,src-f,Stimulated,1.0,0.9974130793502667,confident binder,0.5210544225752904,0.0017189457498975767
TAGSFQ,src-f,Stimulated,0.0,0.17009204273397024,confident nonbinder,0.5210544225752904,0.0017189457498975767
VPSSAQ,src-f,Stimulated,0.0,0.138455402178315,confident nonbinder,0.5210544225752904,0.0017189457498975767
DQQEDA,src-f,Stimulated,0.0,0.05470009234636545,confident nonbinder,0.5210544225752904,0.0017189457498975767
EHAELL,src-f,Stimulated,1.0,0.9834648306024917,confident binder,0.5210544225752904,0.0017189457498975767
QDDLMV,src-f,Stimulated,1.0,0.8611660098189353,confident binder,0.5210544225752904,0.0017189457498975767
LQDVRK,src-f,Stimulated,0.0,0.417732342216393,low-confidence,0.5210544225752904,0.0017189457498975767
PSEEAL,src-f,Stimulated,1.0,0.6791244183859427,confident binder,0.5210544225752904,0.0017189457498975767
KIENED,src-f,Stimulated,0.0,0.47793506864739743,low-confidence,0.5210544225752904,0.0017189457498975767
ELAELR,src-f,Stimulated,1.0,0.9827669820718732,confident binder,0.5210544225752904,0.0017189457498975767
DNVPEV,src-f,Stimulated,0.0,0.07691468109792317,confident nonbinder,0.5210544225752904,0.0017189457498975767
RFALSA,src-f,Stimulated,1.0,0.64924040946894,confident binder,0.5210544225752904,0.0017189457498975767
QVATMP,src-f,Stimulated,1.0,0.9445461640532206,confident binder,0.5210544225752904,0.0017189457498975767
NLGTPV,src-f,Stimulated,1.0,0.7644866526641647,confident binder,0.5210544225752904,0.0017189457498975767
NDSQYS,src-f,Stimulated,0.0,0.38900294376237643,confident nonbinder,0.5210544225752904,0.0017189457498975767
DTTAHA,src-f,Stimulated,1.0,0.5684548226340894,low-confidence,0.5210544225752904,0.0017189457498975767
SDAIWN,src-f,Stimulated,1.0,0.9943475235011845,confident binder,0.5210544225752904,0.0017189457498975767
SGGSTL,src-f,Stimulated,0.0,0.027682668904141585,confident nonbinder,0.5210544225752904,0.0017189457498975767
TSGTVK,src-f,Stimulated,0.0,0.5391232589475283,low-confidence,0.5210544225752904,0.0017189457498975767
PEEDIV,src-f,Stimulated,1.0,0.9653301108332378,confident binder,0.5210544225752904,0.0017189457498975767
IPEFNR,src-f,Stimulated,0.0,0.3602594911569422,confident nonbinder,0.5210544225752904,0.0017189457498975767
ELDIMK,src-f,Stimulated,1.0,0.9720036600223766,confident binder,0.5210544225752904,0.0017189457498975767
PFEPGR,src-f,Stimulated,0.0,0.2147992242129926,confident nonbinder,0.5210544225752904,0.0017189457498975767
EGTASQ,src-f,Stimulated,0.0,0.06622782775168695,confident nonbinder,0.5210544225752904,0.0017189457498975767
PIDEPE,src-f,Stimulated,,,1,0.5210544225752904,0.0017189457498975767
QHNNLL,src-f,Stimulated,1.0,0.9795298102404633,confident binder,0.5210544225752904,0.0017189457498975767
KEIEHC,src-f,Stimulated,1.0,0.991355359976081,confident binder,0.5210544225752904,0.0017189457498975767
PISVGA,src-f,Stimulated,1.0,0.6070922904297792,confident binder,0.5210544225752904,0.0017189457498975767
TGGMPR,src-f,Stimulated,1.0,0.6065140118057956,confident binder,0.5210544225752904,0.0017189457498975767
DVERDL,src-f,Stimulated,1.0,0.707521945842206,confident binder,0.5210544225752904,0.0017189457498975767
INMVAP,src-f,Stimulated,0.0,0.5236113661171833,low-confidence,0.5210544225752904,0.0017189457498975767
INQTRK,src-f,Stimulated,0.0,0.1625825803526262,confident nonbinder,0.5210544225752904,0.0017189457498975767
GGGSAT,src-f,Stimulated,0.0,0.0313673143457469,confident nonbinder,0.5210544225752904,0.0017189457498975767
PVALQD,src-f,Stimulated,1.0,0.6460976786051278,confident binder,0.5210544225752904,0.0017189457498975767
GDEDAE,src-f,Stimulated,0.0,0.2036809632852994,confident nonbinder,0.5210544225752904,0.0017189457498975767
HDSSTD,src-f,Stimulated,0.0,0.01616992370570021,confident nonbinder,0.5210544225752904,0.0017189457498975767
GLQPAT,src-f,Stimulated,0.0,0.2041450637665998,confident nonbinder,0.5210544225752904,0.0017189457498975767
EEEGFS,src-f,Stimulated,0.0,0.4487176891016548,low-confidence,0.5210544225752904,0.0017189457498975767
NTASID,src-f,Stimulated,1.0,0.9160836306138287,confident binder,0.5210544225752904,0.0017189457498975767
GDISEN,src-f,Stimulated,0.0,0.058943718092875685,confident nonbinder,0.5210544225752904,0.0017189457498975767
YYSDNF,src-f,Stimulated,0.0,0.5409355208776185,low-confidence,0.5210544225752904,0.0017189457498975767
CTVVCN,src-f,Stimulated,1.0,0.8819001592998535,confident binder,0.5210544225752904,0.0017189457498975767
LFGVGC,src-f,Stimulated,1.0,0.9501793537136634,confident binder,0.5210544225752904,0.0017189457498975767
ESSFES,src-f,Stimulated,0.0,0.03961283884366827,confident nonbinder,0.5210544225752904,0.0017189457498975767
RFHSTG,src-f,Stimulated,0.0,0.02684773632115448,confident nonbinder,0.5210544225752904,0.0017189457498975767
STDSSL,src-f,Stimulated,0.0,0.1157918048449409,confident nonbinder,0.5210544225752904,0.0017189457498975767
EIGLVQ,src-f,Stimulated,1.0,0.6316331848602241,confident binder,0.5210544225752904,0.0017189457498975767
SLSSPV,src-f,Stimulated,1.0,0.8168785871624062,confident binder,0.5210544225752904,0.0017189457498975767
ENNSVN,src-f,Stimulated,0.0,0.34188464231005555,confident nonbinder,0.5210544225752904,0.0017189457498975767
QFITPS,src-f,Stimulated,1.0,0.9470616361949936,confident binder,0.5210544225752904,0.0017189457498975767
RIDNPY,src-f,Stimulated,1.0,0.9256221492772826,confident binder,0.5210544225752904,0.0017189457498975767
RVESIG,src-f,Stimulated,1.0,0.7630246896012329,confident binder,0.5210544225752904,0.0017189457498975767
ANVELI,src-f,Stimulated,1.0,0.9216498261293996,confident binder,0.5210544225752904,0.0017189457498975767
VEEEEE,src-f,Stimulated,0.0,0.130259419358883,confident nonbinder,0.5210544225752904,0.0017189457498975767
PVHPTP,src-f,Stimulated,0.0,0.0623002169833742,confident nonbinder,0.5210544225752904,0.0017189457498975767
QKWALG,src-f,Stimulated,1.0,0.9896295424249741,confident binder,0.5210544225752904,0.0017189457498975767
SDDMVD,src-f,Stimulated,1.0,0.7376608492106613,confident binder,0.5210544225752904,0.0017189457498975767
KEVDPN,src-f,Stimulated,1.0,0.6970844446397243,confident binder,0.5210544225752904,0.0017189457498975767
PHMEVL,src-f,Stimulated,1.0,0.9459002732741743,confident binder,0.5210544225752904,0.0017189457498975767
ALLSFN,src-f,Stimulated,1.0,0.8577040700918287,confident binder,0.5210544225752904,0.0017189457498975767
KVEDET,src-f,Stimulated,0.0,0.15663174062956536,confident nonbinder,0.5210544225752904,0.0017189457498975767
GDFTFT,src-f,Stimulated,0.0,0.4696209876206542,low-confidence,0.5210544225752904,0.0017189457498975767
EGQNTI,src-f,Stimulated,1.0,0.6503255809767345,confident binder,0.5210544225752904,0.0017189457498975767
IDSSSG,src-f,Stimulated,0.0,0.01241006551799841,confident nonbinder,0.5210544225752904,0.0017189457498975767
VEEWNL,src-f,Stimulated,1.0,0.9469961217840723,confident binder,0.5210544225752904,0.0017189457498975767
HESDEA,src-f,Stimulated,0.0,0.09131166812542822,confident nonbinder,0.5210544225752904,0.0017189457498975767
GSEQHI,src-f,Stimulated,0.0,0.36183117572784834,confident nonbinder,0.5210544225752904,0.0017189457498975767
EIDPRN,src-f,Stimulated,0.0,0.061161212295245335,confident nonbinder,0.5210544225752904,0.0017189457498975767
ITEAAQ,src-f,Stimulated,0.0,0.5159997936918692,low-confidence,0.5210544225752904,0.0017189457498975767
TDDLVG,src-f,Stimulated,1.0,0.6276102012709639,confident binder,0.5210544225752904,0.0017189457498975767
LTTLSL,src-f,Stimulated,1.0,0.7697875423965412,confident binder,0.5210544225752904,0.0017189457498975767
NEFNQS,src-f,Stimulated,1.0,0.6216486583859747,confident binder,0.5210544225752904,0.0017189457498975767
VFQQAL,src-f,Stimulated,1.0,0.767322884584498,confident binder,0.5210544225752904,0.0017189457498975767
QVATNT,src-f,Stimulated,0.0,0.5257248448185645,low-confidence,0.5210544225752904,0.0017189457498975767
FDGNIS,src-f,Stimulated,1.0,0.9345944773603447,confident binder,0.5210544225752904,0.0017189457498975767
DLTPAP,src-f,Stimulated,0.0,0.288528288053169,confident nonbinder,0.5210544225752904,0.0017189457498975767
DNEMHV,src-f,Stimulated,1.0,0.6072378876964175,confident binder,0.5210544225752904,0.0017189457498975767
EEIGDM,src-f,Stimulated,0.0,0.1815765916177744,confident nonbinder,0.5210544225752904,0.0017189457498975767
CPLGMP,src-f,Stimulated,1.0,0.8271523422179332,confident binder,0.5210544225752904,0.0017189457498975767
SSIETL,src-f,Stimulated,0.0,0.5293640972668305,low-confidence,0.5210544225752904,0.0017189457498975767
FVSYGR,src-f,Stimulated,1.0,0.773781242114387,confident binder,0.5210544225752904,0.0017189457498975767
MAQEYP,src-f,Stimulated,1.0,0.6030886886198074,confident binder,0.5210544225752904,0.0017189457498975767
LSLSDS,src-f,Stimulated,0.0,0.31248888378937595,confident nonbinder,0.5210544225752904,0.0017189457498975767
EEEVPD,src-f,Stimulated,1.0,0.7231914625454919,confident binder,0.5210544225752904,0.0017189457498975767
RISSLP,src-f,Stimulated,1.0,0.6752889570689566,confident binder,0.5210544225752904,0.0017189457498975767
TPALPV,src-f,Stimulated,1.0,0.8875705431806376,confident binder,0.5210544225752904,0.0017189457498975767
THEEAL,src-f,Stimulated,1.0,0.895927002315469,confident binder,0.5210544225752904,0.0017189457498975767
SLYEVE,src-f,Stimulated,1.0,0.9341650163021282,confident binder,0.5210544225752904,0.0017189457498975767
PKVPLA,src-f,Stimulated,1.0,0.8441641115913744,confident binder,0.5210544225752904,0.0017189457498975767
LLEAIG,src-f,Stimulated,1.0,0.953502488520778,confident binder,0.5210544225752904,0.0017189457498975767
SQDWSQ,src-f,Stimulated,1.0,0.8772133864978742,confident binder,0.5210544225752904,0.0017189457498975767
YGLAPP,src-f,Stimulated,1.0,0.9020321203438723,confident binder,0.5210544225752904,0.0017189457498975767
RFEAGE,src-f,Stimulated,0.0,0.12223873782270481,confident nonbinder,0.5210544225752904,0.0017189457498975767
VTSLPR,src-f,Stimulated,1.0,0.8374740244843139,confident binder,0.5210544225752904,0.0017189457498975767
NFIQTP,src-f,Stimulated,1.0,0.7101472873362061,confident binder,0.5210544225752904,0.0017189457498975767
LHASLN,src-f,Stimulated,,,1,0.5210544225752904,0.0017189457498975767
SPATLA,src-f,Stimulated,1.0,0.9440674787520515,confident binder,0.5210544225752904,0.0017189457498975767
RHEDGY,src-f,Stimulated,0.0,0.07495134455094621,confident nonbinder,0.5210544225752904,0.0017189457498975767
PVSMGA,src-f,Stimulated,1.0,0.6727671579116662,confident binder,0.5210544225752904,0.0017189457498975767
YYEDGG,src-f,Stimulated,0.0,0.1621305995015448,confident nonbinder,0.5210544225752904,0.0017189457498975767
TVASVT,src-f,Stimulated,1.0,0.85529169269947,confident binder,0.5210544225752904,0.0017189457498975767
ATTNSS,src-f,Stimulated,0.0,0.44610195708138856,low-confidence,0.5210544225752904,0.0017189457498975767
RYIDAD,src-f,Stimulated,0.0,0.48865214986425665,low-confidence,0.5210544225752904,0.0017189457498975767
MYSQSS,src-f,Stimulated,0.0,0.1218772569168164,confident nonbinder,0.5210544225752904,0.0017189457498975767
DESGGL,src-f,Stimulated,,,0,0.5210544225752904,0.0017189457498975767
RKEEVA,src-f,Stimulated,1.0,0.8294016798484096,confident binder,0.5210544225752904,0.0017189457498975767
AVQASR,src-f,Stimulated,0.0,0.5199033862516391,low-confidence,0.5210544225752904,0.0017189457498975767
ETDKPP,src-f,Stimulated,0.0,0.4587241102378811,low-confidence,0.5210544225752904,0.0017189457498975767
KSSFHQ,src-f,Stimulated,0.0,0.12465334129196948,confident nonbinder,0.5210544225752904,0.0017189457498975767
QQATPP,src-f,Stimulated,1.0,0.7062426975826024,confident binder,0.5210544225752904,0.0017189457498975767
AELTPV,src-f,Stimulated,1.0,0.944613233139075,confident binder,0.5210544225752904,0.0017189457498975767
PQSPII,src-f,Stimulated,1.0,0.6041778569505388,confident binder,0.5210544225752904,0.0017189457498975767
DVEAFM,src-f,Stimulated,1.0,0.9240075431331823,confident binder,0.5210544225752904,0.0017189457498975767
GAASFG,src-f,Stimulated,0.0,0.30614655818297726,confident nonbinder,0.5210544225752904,0.0017189457498975767
INDKPL,src-f,Stimulated,1.0,0.5530680480032857,low-confidence,0.5210544225752904,0.0017189457498975767
TPSTSR,src-f,Stimulated,0.0,0.13490248772447289,confident nonbinder,0.5210544225752904,0.0017189457498975767
SSASQH,src-f,Stimulated,0.0,0.12478634042575067,confident nonbinder,0.5210544225752904,0.0017189457498975767
ILHQPD,src-f,Stimulated,1.0,0.7354027204872321,confident binder,0.5210544225752904,0.0017189457498975767
QHFNEM,src-f,Stimulated,1.0,0.776037536940459,confident binder,0.5210544225752904,0.0017189457498975767
NNNNMN,src-f,Stimulated,1.0,0.8036130341461744,confident binder,0.5210544225752904,0.0017189457498975767
SPQNIK,src-f,Stimulated,,,1,0.5210544225752904,0.0017189457498975767
PLQLLN,src-f,Stimulated,1.0,0.9630143682779487,confident binder,0.5210544225752904,0.0017189457498975767
SDEEQQ,src-f,Stimulated,0.0,0.09888280563997529,confident nonbinder,0.5210544225752904,0.0017189457498975767
PHFSPF,src-f,Stimulated,1.0,0.8479069679138227,confident binder,0.5210544225752904,0.0017189457498975767
QEDSSF,src-f,Stimulated,0.0,0.20104635860322256,confident nonbinder,0.5210544225752904,0.0017189457498975767
QILTDN,src-f,Stimulated,1.0,0.5966392788079847,low-confidence,0.5210544225752904,0.0017189457498975767
RDDAMG,src-f,Stimulated,0.0,0.12997224543004815,confident nonbinder,0.5210544225752904,0.0017189457498975767
SKETIH,src-f,Stimulated,1.0,0.9441861788104056,confident binder,0.5210544225752904,0.0017189457498975767
NEVSTS,src-f,Stimulated,0.0,0.21961922624838862,confident nonbinder,0.5210544225752904,0.0017189457498975767
DGLSLL,src-f,Stimulated,1.0,0.9491729372452906,confident binder,0.5210544225752904,0.0017189457498975767
DLSNFP,src-f,Stimulated,1.0,0.943921620132225,confident binder,0.5210544225752904,0.0017189457498975767
EFWDSS,src-f,Stimulated,1.0,0.9738600597107581,confident binder,0.5210544225752904,0.0017189457498975767
DAGEDD,src-f,Stimulated,0.0,0.004702492253358626,confident nonbinder,0.5210544225752904,0.0017189457498975767
DESGSS,src-f,Stimulated,0.0,0.008678655358113378,confident nonbinder,0.5210544225752904,0.0017189457498975767
SLDMAR,src-f,Stimulated,1.0,0.9008871465226463,confident binder,0.5210544225752904,0.0017189457498975767
KTQDIQ,src-f,Stimulated,1.0,0.7993675176587848,confident binder,0.5210544225752904,0.0017189457498975767
AGEAPV,src-f,Stimulated,1.0,0.8604704525450643,confident binder,0.5210544225752904,0.0017189457498975767
NIDIPK,src-f,Stimulated,1.0,0.9460924975441867,confident binder,0.5210544225752904,0.0017189457498975767
EDRQFR,src-f,Stimulated,0.0,0.014292404632981074,confident nonbinder,0.5210544225752904,0.0017189457498975767
AEAEAR,src-f,Stimulated,,,1,0.5210544225752904,0.0017189457498975767
VMSSSC,src-f,Stimulated,1.0,0.9582797301480125,confident binder,0.5210544225752904,0.0017189457498975767
SECNVG,src-f,Stimulated,1.0,0.9309852374126416,confident binder,0.5210544225752904,0.0017189457498975767
AQQEAP,src-f,Stimulated,0.0,0.3102765639797542,confident nonbinder,0.5210544225752904,0.0017189457498975767
KKELTG,src-f,Stimulated,0.0,0.03667093967551272,confident nonbinder,0.5210544225752904,0.0017189457498975767
KATNFD,src-f,Stimulated,1.0,0.8136844498887332,confident binder,0.5210544225752904,0.0017189457498975767
QLDIPA,src-f,Stimulated,1.0,0.959134210859285,confident binder,0.5210544225752904,0.0017189457498975767
SNETQT,src-f,Stimulated,0.0,0.07588358943119096,confident nonbinder,0.5210544225752904,0.0017189457498975767
ITTQPT,src-f,Stimulated,1.0,0.5862622537007665,low-confidence,0.5210544225752904,0.0017189457498975767
RHSPED,src-f,Stimulated,0.0,0.0025145266466096387,confident nonbinder,0.5210544225752904,0.0017189457498975767
HAGDPN,src-f,Stimulated,0.0,0.18105366569449735,confident nonbinder,0.5210544225752904,0.0017189457498975767
VPTGEK,src-f,Stimulated,0.0,0.0469611162991462,confident nonbinder,0.5210544225752904,0.0017189457498975767
ISESTP,src-f,Stimulated,0.0,0.0790270627943873,confident nonbinder,0.5210544225752904,0.0017189457498975767
GAEQVV,src-f,Stimulated,1.0,0.8643602724946945,confident binder,0.5210544225752904,0.0017189457498975767
LIEVTL,src-f,Stimulated,1.0,0.8798649313006326,confident binder,0.5210544225752904,0.0017189457498975767
NSPGST,src-f,Stimulated,0.0,0.0033071368448624227,confident nonbinder,0.5210544225752904,0.0017189457498975767
AAGQFG,src-f,Stimulated,0.0,0.09800433254148794,confident nonbinder,0.5210544225752904,0.0017189457498975767
YDSYAG,src-f,Stimulated,0.0,0.08825100786515809,confident nonbinder,0.5210544225752904,0.0017189457498975767
VVNPPM,src-f,Stimulated,1.0,0.5527968898092156,low-confidence,0.5210544225752904,0.0017189457498975767
KTIQTE,src-f,Stimulated,0.0,0.2443663528202088,confident nonbinder,0.5210544225752904,0.0017189457498975767
KKVATL,src-f,Stimulated,0.0,0.38062286051768196,confident nonbinder,0.5210544225752904,0.0017189457498975767
HAAQPQ,src-f,Stimulated,1.0,0.7761016154637094,confident binder,0.5210544225752904,0.0017189457498975767
DQLAVP,src-f,Stimulated,1.0,0.8969433713685159,confident binder,0.5210544225752904,0.0017189457498975767
DGGFGS,src-f,Stimulated,0.0,0.01252196059257949,confident nonbinder,0.5210544225752904,0.0017189457498975767
DLGNLG,src-f,Stimulated,1.0,0.8623976243096604,confident binder,0.5210544225752904,0.0017189457498975767
GEEMLG,src-f,Stimulated,1.0,0.9079204962026364,confident binder,0.5210544225752904,0.0017189457498975767
APDAIH,src-f,Stimulated,1.0,0.9354357376820626,confident binder,0.5210544225752904,0.0017189457498975767
ALAAQR,src-f,Stimulated,1.0,0.8672214000524439,confident binder,0.5210544225752904,0.0017189457498975767
MISSSN,src-f,Stimulated,0.0,0.11987781013221668,confident nonbinder,0.5210544225752904,0.0017189457498975767
EEWNSS,src-f,Stimulated,1.0,0.9846628431152856,confident binder,0.5210544225752904,0.0017189457498975767
GEEELL,src-f,Stimulated,1.0,0.9761262866984767,confident binder,0.5210544225752904,0.0017189457498975767
PAYVLE,src-f,Stimulated,1.0,0.9237370927395806,confident binder,0.5210544225752904,0.0017189457498975767
KFVHIK,src-f,Stimulated,0.0,0.3391216416152851,confident nonbinder,0.5210544225752904,0.0017189457498975767
KDSSGF,src-f,Stimulated,0.0,0.055298318300973696,confident nonbinder,0.5210544225752904,0.0017189457498975767
DEEQLS,src-f,Stimulated,1.0,0.8910339105053675,confident binder,0.5210544225752904,0.0017189457498975767
VATPLV,src-f,Stimulated,1.0,0.6583360746451988,confident binder,0.5210544225752904,0.0017189457498975767
GQSILQ,src-f,Stimulated,1.0,0.7645018974785487,confident binder,0.5210544225752904,0.0017189457498975767
NHDPEE,src-f,Stimulated,0.0,0.014182687963630355,confident nonbinder,0.5210544225752904,0.0017189457498975767
AEDSLK,src-f,Stimulated,1.0,0.9363632208569018,confident binder,0.5210544225752904,0.0017189457498975767
HGGEGA,src-f,Stimulated,0.0,0.054403303315190665,confident nonbinder,0.5210544225752904,0.0017189457498975767
LDITAE,src-f,Stimulated,1.0,0.7671657790761558,confident binder,0.5210544225752904,0.0017189457498975767
PSGFLV,src-f,Stimulated,1.0,0.5937947738478551,low-confidence,0.5210544225752904,0.0017189457498975767
LASDSA,src-f,Stimulated,0.0,0.4129164445976899,low-confidence,0.5210544225752904,0.0017189457498975767
NMQSPP,src-f,Stimulated,1.0,0.7104980812212036,confident binder,0.5210544225752904,0.0017189457498975767
ANTNGS,src-f,Stimulated,0.0,0.2270937410938853,confident nonbinder,0.5210544225752904,0.0017189457498975767
SHILIK,src-f,Stimulated,1.0,0.97227806866813,confident binder,0.5210544225752904,0.0017189457498975767
LSSLES,src-f,Stimulated,0.0,0.2524881975136293,confident nonbinder,0.5210544225752904,0.0017189457498975767
PMSMYA,src-f,Stimulated,1.0,0.8898286296253958,confident binder,0.5210544225752904,0.0017189457498975767
ELGYLK,src-f,Stimulated,1.0,0.8745313026518864,confident binder,0.5210544225752904,0.0017189457498975767
QYSTVG,src-f,Stimulated,1.0,0.8204136033860758,confident binder,0.5210544225752904,0.0017189457498975767
EFKTPS,src-f,Stimulated,1.0,0.7412601151238328,confident binder,0.5210544225752904,0.0017189457498975767
NEENIK,src-f,Stimulated,1.0,0.987826023007036,confident binder,0.5210544225752904,0.0017189457498975767
GKTVSV,src-f,Stimulated,0.0,0.19941858137265026,confident nonbinder,0.5210544225752904,0.0017189457498975767
QYWAPL,src-f,Stimulated,1.0,0.9819535738307034,confident binder,0.5210544225752904,0.0017189457498975767
VLLVHY,src-f,Stimulated,1.0,0.8914254422060488,confident binder,0.5210544225752904,0.0017189457498975767
AIELLF,src-f,Stimulated,1.0,0.9588904585902265,confident binder,0.5210544225752904,0.0017189457498975767
TVCQAS,src-f,Stimulated,1.0,0.7475044734402236,confident binder,0.5210544225752904,0.0017189457498975767
GENPTD,src-f,Stimulated,0.0,0.00312212243527187,confident nonbinder,0.5210544225752904,0.0017189457498975767
NNSLSR,src-f,Stimulated,0.0,0.11176749841156929,confident nonbinder,0.5210544225752904,0.0017189457498975767
ADRHPD,src-f,Stimulated,0.0,0.0001140517731784921,confident nonbinder,0.5210544225752904,0.0017189457498975767
SDSGQG,src-f,Stimulated,0.0,0.004223498655862568,confident nonbinder,0.5210544225752904,0.0017189457498975767
RQATLD,src-f,Stimulated,1.0,0.7002210720604041,confident binder,0.5210544225752904,0.0017189457498975767
GLQVPG,src-f,Stimulated,,,1,0.5210544225752904,0.0017189457498975767
EIGDSV,src-f,Stimulated,0.0,0.07674609471102345,confident nonbinder,0.5210544225752904,0.0017189457498975767
VSLESK,src-f,Stimulated,1.0,0.596063536046758,low-confidence,0.5210544225752904,0.0017189457498975767
FVEKLD,src-f,Stimulated,1.0,0.9736502613456093,confident binder,0.5210544225752904,0.0017189457498975767
AYESWN,src-f,Stimulated,1.0,0.996113075103852,confident binder,0.5210544225752904,0.0017189457498975767
SVCTTE,src-f,Stimulated,0.0,0.5,low-confidence,0.5210544225752904,0.0017189457498975767
VFNKPP,src-f,Stimulated,1.0,0.5531537694948709,low-confidence,0.5210544225752904,0.0017189457498975767
GEEQFE,src-f,Stimulated,1.0,0.6825371976051159,confident binder,0.5210544225752904,0.0017189457498975767
KLELES,src-f,Stimulated,0.0,0.4093753476687818,low-confidence,0.5210544225752904,0.0017189457498975767
PGDDMY,src-f,Stimulated,1.0,0.8407229802286066,confident binder,0.5210544225752904,0.0017189457498975767
TTEISV,src-f,Stimulated,1.0,0.5831821127999125,low-confidence,0.5210544225752904,0.0017189457498975767
SLDVSR,src-f,Stimulated,,,1,0.5210544225752904,0.0017189457498975767
QVMSLP,src-f,Stimulated,1.0,0.9047028799311714,confident binder,0.5210544225752904,0.0017189457498975767
QLSIVS,src-f,Stimulated,1.0,0.924868584495321,confident binder,0.5210544225752904,0.0017189457498975767
GQIENL,src-f,Stimulated,0.0,0.44979141819837726,low-confidence,0.5210544225752904,0.0017189457498975767
KSTLVV,src-f,Stimulated,1.0,0.8028631139465381,confident binder,0.5210544225752904,0.0017189457498975767
GSEAPL,src-f,Stimulated,1.0,0.7281780396102924,confident binder,0.5210544225752904,0.0017189457498975767
TIQGAG,src-f,Stimulated,0.0,0.13314143766018055,confident nonbinder,0.5210544225752904,0.0017189457498975767
VVCKPT,src-f,Stimulated,1.0,0.8357176374216115,confident binder,0.5210544225752904,0.0017189457498975767
KELEAE,src-f,Stimulated,1.0,0.5841398896989789,low-confidence,0.5210544225752904,0.0017189457498975767
TESMTS,src-f,Stimulated,0.0,0.1786887683971721,confident nonbinder,0.5210544225752904,0.0017189457498975767
IKHEEF,src-f,Stimulated,0.0,0.3045834812126698,confident nonbinder,0.5210544225752904,0.0017189457498975767
FVKVWE,src-f,Stimulated,1.0,0.9667915862262088,confident binder,0.5210544225752904,0.0017189457498975767
HEAAPA,src-f,Stimulated,1.0,0.9062002201213077,confident binder,0.5210544225752904,0.0017189457498975767
SVEPLK,src-f,Stimulated,1.0,0.916208185905864,confident binder,0.5210544225752904,0.0017189457498975767
QINPPS,src-f,Stimulated,0.0,0.1806203840383118,confident nonbinder,0.5210544225752904,0.0017189457498975767
AQDAGA,src-f,Stimulated,0.0,0.1631162882519464,confident nonbinder,0.5210544225752904,0.0017189457498975767
DYTLDD,src-f,Stimulated,0.0,0.11176288000634055,confident nonbinder,0.5210544225752904,0.0017189457498975767
FGDHLI,src-f,Stimulated,0.0,0.17857775843877594,confident nonbinder,0.5210544225752904,0.0017189457498975767
SLWSVK,src-f,Stimulated,1.0,0.9913922617341794,confident binder,0.5210544225752904,0.0017189457498975767
SVNASL,src-f,Stimulated,0.0,0.2625589247410558,confident nonbinder,0.5210544225752904,0.0017189457498975767
LEDKVP,src-f,Stimulated,1.0,0.8631133411523286,confident binder,0.5210544225752904,0.0017189457498975767
QESIFA,src-f,Stimulated,1.0,0.8404623439287052,confident binder,0.5210544225752904,0.0017189457498975767
SIGAPF,src-f,Stimulated,1.0,0.6297014835274157,confident binder,0.5210544225752904,0.0017189457498975767
DVVNDA,src-f,Stimulated,1.0,0.9069587376947721,confident binder,0.5210544225752904,0.0017189457498975767
SGDYVG,src-f,Stimulated,0.0,0.5206485787878247,low-confidence,0.5210544225752904,0.0017189457498975767
IEVETV,src-f,Stimulated,1.0,0.6722016887077303,confident binder,0.5210544225752904,0.0017189457498975767
VSVRPE,src-f,Stimulated,1.0,0.8829654411731706,confident binder,0.5210544225752904,0.0017189457498975767
GQGNYQ,src-f,Stimulated,0.0,0.38889462217789056,confident nonbinder,0.5210544225752904,0.0017189457498975767
FAVPFG,src-f,Stimulated,1.0,0.5605934193693968,low-confidence,0.5210544225752904,0.0017189457498975767
SPLVPV,src-f,Stimulated,1.0,0.9073856811419764,confident binder,0.5210544225752904,0.0017189457498975767
SIDDIS,src-f,Stimulated,1.0,0.8755420016588135,confident binder,0.5210544225752904,0.0017189457498975767
EFVSPE,src-f,Stimulated,1.0,0.9057778953741954,confident binder,0.5210544225752904,0.0017189457498975767
QDLQDV,src-f,Stimulated,0.0,0.30998432888738486,confident nonbinder,0.5210544225752904,0.0017189457498975767
DAWKDD,src-f,Stimulated,1.0,0.8753788580450382,confident binder,0.5210544225752904,0.0017189457498975767
AFVDSE,src-f,Stimulated,1.0,0.5733750831415534,low-confidence,0.5210544225752904,0.0017189457498975767
DIDLKD,src-f,Stimulated,0.0,0.4525465883244587,low-confidence,0.5210544225752904,0.0017189457498975767
RSETVL,src-f,Stimulated,1.0,0.8128726750277973,confident binder,0.5210544225752904,0.0017189457498975767
SDNYES,src-f,Stimulated,0.0,0.005635407051124323,confident nonbinder,0.5210544225752904,0.0017189457498975767
SPHAGN,src-f,Stimulated,0.0,0.02761163654215099,confident nonbinder,0.5210544225752904,0.0017189457498975767
PVSMEA,src-f,Stimulated,1.0,0.6769216463955607,confident binder,0.5210544225752904,0.0017189457498975767
ENSLSN,src-f,Stimulated,0.0,0.03556031620669499,confident nonbinder,0.5210544225752904,0.0017189457498975767
VTELHS,src-f,Stimulated,1.0,0.6301348330789158,confident binder,0.5210544225752904,0.0017189457498975767
PGHAPV,src-f,Stimulated,1.0,0.6461379041710018,confident binder,0.5210544225752904,0.0017189457498975767
SDYDPS,src-f,Stimulated,0.0,0.39311986990323666,confident nonbinder,0.5210544225752904,0.0017189457498975767
LVGAPP,src-f,Stimulated,1.0,0.6224472121387429,confident binder,0.5210544225752904,0.0017189457498975767
VFIPSC,src-f,Stimulated,1.0,0.9158352350324106,confident binder,0.5210544225752904,0.0017189457498975767
SLAGEK,src-f,Stimulated,0.0,0.28652137955593443,confident nonbinder,0.5210544225752904,0.0017189457498975767
DRSLVS,src-f,Stimulated,1.0,0.7363918661661347,confident binder,0.5210544225752904,0.0017189457498975767
SETDTS,src-f,Stimulated,0.0,0.05519199968350117,confident nonbinder,0.5210544225752904,0.0017189457498975767
FQAETV,src-f,Stimulated,1.0,0.7778405100661315,confident binder,0.5210544225752904,0.0017189457498975767
GNSLIT,src-f,Stimulated,1.0,0.7530772870319942,confident binder,0.5210544225752904,0.0017189457498975767
PVLYFE,src-f,Stimulated,1.0,0.8361936675160142,confident binder,0.5210544225752904,0.0017189457498975767
ALDLAV,src-f,Stimulated,1.0,0.8734502721823402,confident binder,0.5210544225752904,0.0017189457498975767
EDQAIV,src-f,Stimulated,1.0,0.9193285801084458,confident binder,0.5210544225752904,0.0017189457498975767
LIQMAP,src-f,Stimulated,1.0,0.8480842670678745,confident binder,0.5210544225752904,0.0017189457498975767
PLVNAK,src-f,Stimulated,1.0,0.9778000990975327,confident binder,0.5210544225752904,0.0017189457498975767
SASSTT,src-f,Stimulated,0.0,0.040313907542047535,confident nonbinder,0.5210544225752904,0.0017189457498975767
GSSEGA,src-f,Stimulated,0.0,0.0959726094626848,confident nonbinder,0.5210544225752904,0.0017189457498975767
SYYEDG,src-f,Stimulated,0.0,0.09013793936811644,confident nonbinder,0.5210544225752904,0.0017189457498975767
KFAELS,src-f,Stimulated,1.0,0.9473498783045151,confident binder,0.5210544225752904,0.0017189457498975767
QVQPAK,src-f,Stimulated,0.0,0.44238277517417784,low-confidence,0.5210544225752904,0.0017189457498975767
GADIIL,src-f,Stimulated,,,1,0.5210544225752904,0.0017189457498975767
PEEREP,src-f,Stimulated,0.0,0.15393255706551554,confident nonbinder,0.5210544225752904,0.0017189457498975767
DEEKLA,src-f,Stimulated,1.0,0.9613039607982313,confident binder,0.5210544225752904,0.0017189457498975767
GLVIDL,src-f,Stimulated,1.0,0.840560872014865,confident binder,0.5210544225752904,0.0017189457498975767
TEVATR,src-f,Stimulated,1.0,0.6012650928969234,confident binder,0.5210544225752904,0.0017189457498975767
VGSVPG,src-f,Stimulated,0.0,0.515644400041836,low-confidence,0.5210544225752904,0.0017189457498975767
EEKEVN,src-f,Stimulated,1.0,0.7205074715696249,confident binder,0.5210544225752904,0.0017189457498975767
SPDMLE,src-f,Stimulated,,,1,0.5210544225752904,0.0017189457498975767
SRETSS,src-f,Stimulated,0.0,0.05966714250120399,confident nonbinder,0.5210544225752904,0.0017189457498975767
PFTNDR,src-f,Stimulated,1.0,0.7078147322837175,confident binder,0.5210544225752904,0.0017189457498975767
RFHEEL,src-f,Stimulated,0.0,0.2455964531089299,confident nonbinder,0.5210544225752904,0.0017189457498975767
GIEDRD,src-f,Stimulated,0.0,0.20716571488485544,confident nonbinder,0.5210544225752904,0.0017189457498975767
NSGIPE,src-f,Stimulated,,,0,0.5210544225752904,0.0017189457498975767
NVMPTS,src-f,Stimulated,0.0,0.20135561140687905,confident nonbinder,0.5210544225752904,0.0017189457498975767
EVKEAH,src-f,Stimulated,1.0,0.6949656514767397,confident binder,0.5210544225752904,0.0017189457498975767
AVQGPQ,src-f,Stimulated,1.0,0.5756450981750434,low-confidence,0.5210544225752904,0.0017189457498975767
TLLTEN,src-f,Stimulated,1.0,0.805073213082127,confident binder,0.5210544225752904,0.0017189457498975767
ELREAP,src-f,Stimulated,0.0,0.004055500613014464,confident nonbinder,0.5210544225752904,0.0017189457498975767
SESELD,src-f,Stimulated,1.0,0.8307234331514234,confident binder,0.5210544225752904,0.0017189457498975767
KWTIFK,src-f,Stimulated,1.0,0.9638491959230576,confident binder,0.5210544225752904,0.0017189457498975767
VLVGSK,src-f,Stimulated,1.0,0.6046360714234089,confident binder,0.5210544225752904,0.0017189457498975767
NCEEVK,src-f,Stimulated,,,1,0.5210544225752904,0.0017189457498975767
PLRPGE,src-f,Stimulated,0.0,0.00022644339578794842,confident nonbinder,0.5210544225752904,0.0017189457498975767
LLVQAR,src-f,Stimulated,1.0,0.9315043722310926,confident binder,0.5210544225752904,0.0017189457498975767
PDSEYM,src-f,Stimulated,1.0,0.750756013616792,confident binder,0.5210544225752904,0.0017189457498975767
DDMPMS,src-f,Stimulated,0.0,0.3139455338669205,confident nonbinder,0.5210544225752904,0.0017189457498975767
PPGQPQ,src-f,Stimulated,0.0,0.08059313795756853,confident nonbinder,0.5210544225752904,0.0017189457498975767
DTTESY,src-f,Stimulated,0.0,0.20537510317284868,confident nonbinder,0.5210544225752904,0.0017189457498975767
ELSSCR,src-f,Stimulated,1.0,0.7530373333012018,confident binder,0.5210544225752904,0.0017189457498975767
PELAPE,src-f,Stimulated,1.0,0.8556341059334636,confident binder,0.5210544225752904,0.0017189457498975767
EKTAVQ,src-f,Stimulated,1.0,0.700476422388902,confident binder,0.5210544225752904,0.0017189457498975767
DTAVVQ,src-f,Stimulated,1.0,0.921156702357707,confident binder,0.5210544225752904,0.0017189457498975767
SQAYFH,src-f,Stimulated,1.0,0.7289496307441814,confident binder,0.5210544225752904,0.0017189457498975767
PKGIVQ,src-f,Stimulated,0.0,0.27484165016239365,confident nonbinder,0.5210544225752904,0.0017189457498975767
SHDELL,src-f,Stimulated,1.0,0.9678499295205641,confident binder,0.5210544225752904,0.0017189457498975767
EEEEMK,src-f,Stimulated,1.0,0.9367373519017581,confident binder,0.5210544225752904,0.0017189457498975767
CSMSWK,src-f,Stimulated,1.0,0.9855683927916535,confident binder,0.5210544225752904,0.0017189457498975767
ALDYMP,src-f,Stimulated,,,1,0.5210544225752904,0.0017189457498975767
DLYEGK,src-f,Stimulated,1.0,0.7353969843832519,confident binder,0.5210544225752904,0.0017189457498975767
TLTSDY,src-f,Stimulated,0.0,0.3379105117317617,confident nonbinder,0.5210544225752904,0.0017189457498975767
SVSISE,src-f,Stimulated,0.0,0.22379598923455804,confident nonbinder,0.5210544225752904,0.0017189457498975767
NRESVG,src-f,Stimulated,1.0,0.6561545362650425,confident binder,0.5210544225752904,0.0017189457498975767
DVNDST,src-f,Stimulated,0.0,0.05748725118510062,confident nonbinder,0.5210544225752904,0.0017189457498975767
VTNGVD,src-f,Stimulated,0.0,0.258281708073118,confident nonbinder,0.5210544225752904,0.0017189457498975767
SDETSE,src-f,Stimulated,0.0,0.04505528407157963,confident nonbinder,0.5210544225752904,0.0017189457498975767
DPAFVE,src-f,Stimulated,1.0,0.8781980055454273,confident binder,0.5210544225752904,0.0017189457498975767
ILSCGQ,src-f,Stimulated,0.0,0.5192488786522922,low-confidence,0.5210544225752904,0.0017189457498975767
KWEEVR,src-f,Stimulated,,,1,0.5210544225752904,0.0017189457498975767
SISNPS,src-f,Stimulated,1.0,0.9247982471943191,confident binder,0.5210544225752904,0.0017189457498975767
HFAVER,src-f,Stimulated,1.0,0.7682092305072967,confident binder,0.5210544225752904,0.0017189457498975767
VHELLT,src-f,Stimulated,1.0,0.95630910126947,confident binder,0.5210544225752904,0.0017189457498975767
RYSHVD,src-f,Stimulated,0.0,0.021754298417056644,confident nonbinder,0.5210544225752904,0.0017189457498975767
RVAEVN,src-f,Stimulated,1.0,0.8682596707941038,confident binder,0.5210544225752904,0.0017189457498975767
AHIELG,src-f,Stimulated,1.0,0.9417964686350835,confident binder,0.5210544225752904,0.0017189457498975767
QEELEV,src-f,Stimulated,0.0,0.39426679366985656,confident nonbinder,0.5210544225752904,0.0017189457498975767
VIVPLT,src-f,Stimulated,1.0,0.7096061679914571,confident binder,0.5210544225752904,0.0017189457498975767
TPEWDL,src-f,Stimulated,1.0,0.9425835985750733,confident binder,0.5210544225752904,0.0017189457498975767
DNIAQG,src-f,Stimulated,0.0,0.10550445054988873,confident nonbinder,0.5210544225752904,0.0017189457498975767
VSTNLT,src-f,Stimulated,1.0,0.9402390230872142,confident binder,0.5210544225752904,0.0017189457498975767
PALSSP,src-f,Stimulated,0.0,0.2836835075638647,confident nonbinder,0.5210544225752904,0.0017189457498975767
FDSPPL,src-f,Stimulated,1.0,0.6591205554330538,confident binder,0.5210544225752904,0.0017189457498975767
TFFDPE,src-f,Stimulated,1.0,0.8631565681261474,confident binder,0.5210544225752904,0.0017189457498975767
DPVTPG,src-f,Stimulated,1.0,0.598051340386254,low-confidence,0.5210544225752904,0.0017189457498975767
LMYPEG,src-f,Stimulated,0.0,0.2320921721454501,confident nonbinder,0.5210544225752904,0.0017189457498975767
EAYPPA,src-f,Stimulated,1.0,0.6249958354653141,confident binder,0.5210544225752904,0.0017189457498975767
SDAPNP,src-f,Stimulated,0.0,0.010418261202447597,confident nonbinder,0.5210544225752904,0.0017189457498975767
NEEGSF,src-f,Stimulated,0.0,0.21935215511253298,confident nonbinder,0.5210544225752904,0.0017189457498975767
DTVSSF,src-f,Stimulated,1.0,0.5551719823643387,low-confidence,0.5210544225752904,0.0017189457498975767
AQAIPN,src-f,Stimulated,1.0,0.7889483978356695,confident binder,0.5210544225752904,0.0017189457498975767
SLSTSA,src-f,Stimulated,0.0,0.5378168503343859,low-confidence,0.5210544225752904,0.0017189457498975767
TYQTAP,src-f,Stimulated,1.0,0.6526437493762577,confident binder,0.5210544225752904,0.0017189457498975767
ATAPVI,src-f,Stimulated,1.0,0.7333214879015227,confident binder,0.5210544225752904,0.0017189457498975767
DAEAEG,src-f,Stimulated,0.0,0.04058673097410737,confident nonbinder,0.5210544225752904,0.0017189457498975767
DPEHPE,src-f,Stimulated,0.0,0.0046748034090426955,confident nonbinder,0.5210544225752904,0.0017189457498975767
SFDYTE,src-f,Stimulated,0.0,0.22692132251497665,confident nonbinder,0.5210544225752904,0.0017189457498975767
FVENAK,src-f,Stimulated,1.0,0.9916047960463036,confident binder,0.5210544225752904,0.0017189457498975767
DDEDFD,src-f,Stimulated,1.0,0.5826275478199057,low-confidence,0.5210544225752904,0.0017189457498975767
DKSVFN,src-f,Stimulated,0.0,0.5453526070000031,low-confidence,0.5210544225752904,0.0017189457498975767
NSQDDQ,src-f,Stimulated,0.0,0.013142880989737022,confident nonbinder,0.5210544225752904,0.0017189457498975767
ATHPAD,src-f,Stimulated,0.0,0.06193659289962638,confident nonbinder,0.5210544225752904,0.0017189457498975767
STGWTA,src-f,Stimulated,1.0,0.9066834944843135,confident binder,0.5210544225752904,0.0017189457498975767
QNDEMS,src-f,Stimulated,1.0,0.6932759269835065,confident binder,0.5210544225752904,0.0017189457498975767
DDAEII,src-f,Stimulated,1.0,0.9530179609639795,confident binder,0.5210544225752904,0.0017189457498975767
DPSQQI,src-f,Stimulated,0.0,0.12960816812349868,confident nonbinder,0.5210544225752904,0.0017189457498975767
DDEIFV,src-f,Stimulated,1.0,0.8123263025950554,confident binder,0.5210544225752904,0.0017189457498975767
KNLCIE,src-f,Stimulated,1.0,0.9350804465878514,confident binder,0.5210544225752904,0.0017189457498975767
DKAALA,src-f,Stimulated,1.0,0.9511516287362011,confident binder,0.5210544225752904,0.0017189457498975767
EDVEGL,src-f,Stimulated,0.0,0.4767864863448065,low-confidence,0.5210544225752904,0.0017189457498975767
PPVDPR,src-f,Stimulated,1.0,0.8856343202668588,confident binder,0.5210544225752904,0.0017189457498975767
PPAASA,src-f,Stimulated,0.0,0.34309489513866676,confident nonbinder,0.5210544225752904,0.0017189457498975767
SPDTDS,src-f,Stimulated,0.0,0.014095316773949103,confident nonbinder,0.5210544225752904,0.0017189457498975767
DEAGHL,src-f,Stimulated,0.0,0.3725485601505136,confident nonbinder,0.5210544225752904,0.0017189457498975767
STTSYP,src-f,Stimulated,0.0,0.43684246169150853,low-confidence,0.5210544225752904,0.0017189457498975767
TQHEVM,src-f,Stimulated,1.0,0.9064625758775692,confident binder,0.5210544225752904,0.0017189457498975767
TTQIEN,src-f,Stimulated,0.0,0.14285147140211873,confident nonbinder,0.5210544225752904,0.0017189457498975767
KLQETA,src-f,Stimulated,1.0,0.6477408138158304,confident binder,0.5210544225752904,0.0017189457498975767
LSYPTS,src-f,Stimulated,0.0,0.09444968631778912,confident nonbinder,0.5210544225752904,0.0017189457498975767
PVANLQ,src-f,Stimulated,1.0,0.980906472081554,confident binder,0.5210544225752904,0.0017189457498975767
QMEFHL,src-f,Stimulated,1.0,0.8487419100289285,confident binder,0.5210544225752904,0.0017189457498975767
ALVEPH,src-f,Stimulated,1.0,0.9802515025496319,confident binder,0.5210544225752904,0.0017189457498975767
FGDKPH,src-f,Stimulated,1.0,0.9066413717199925,confident binder,0.5210544225752904,0.0017189457498975767
GLGQPG,src-f,Stimulated,0.0,0.18320210181004853,confident nonbinder,0.5210544225752904,0.0017189457498975767
SPRAVV,src-f,Stimulated,0.0,0.007383865999959759,confident nonbinder,0.5210544225752904,0.0017189457498975767
SEVEMY,src-f,Stimulated,,,0,0.5210544225752904,0.0017189457498975767
GLSTFT,src-f,Stimulated,1.0,0.7065657080156533,confident binder,0.5210544225752904,0.0017189457498975767
NAIEEE,src-f,Stimulated,0.0,0.4312868309987809,low-confidence,0.5210544225752904,0.0017189457498975767
EIGIEN,src-f,Stimulated,0.0,0.05833784645206423,confident nonbinder,0.5210544225752904,0.0017189457498975767
WLEQIE,src-f,Stimulated,0.0,0.3387698330418019,confident nonbinder,0.5210544225752904,0.0017189457498975767
ASSDSP,src-f,Stimulated,0.0,0.03423960061228704,confident nonbinder,0.5210544225752904,0.0017189457498975767
QESEIS,src-f,Stimulated,1.0,0.9032749692921676,confident binder,0.5210544225752904,0.0017189457498975767
MEVISR,src-f,Stimulated,0.0,0.5329167850085462,low-confidence,0.5210544225752904,0.0017189457498975767
ADSDPS,src-f,Stimulated,0.0,0.3663899126303757,confident nonbinder,0.5210544225752904,0.0017189457498975767
QQIQAR,src-f,Stimulated,1.0,0.7245636494543015,confident binder,0.5210544225752904,0.0017189457498975767
DDLFDD,src-f,Stimulated,0.0,0.12230642669271698,confident nonbinder,0.5210544225752904,0.0017189457498975767
PLNWQA,src-f,Stimulated,1.0,0.954437434292301,confident binder,0.5210544225752904,0.0017189457498975767
KLQTPL,src-f,Stimulated,1.0,0.9173186426006247,confident binder,0.5210544225752904,0.0017189457498975767
PAQQYT,src-f,Stimulated,0.0,0.5375025995369617,low-confidence,0.5210544225752904,0.0017189457498975767
TLNSLE,src-f,Stimulated,1.0,0.854288661801624,confident binder,0.5210544225752904,0.0017189457498975767
VTVELL,src-f,Stimulated,1.0,0.926989719737212,confident binder,0.5210544225752904,0.0017189457498975767
SIQNQN,src-f,Stimulated,1.0,0.7023969436369991,confident binder,0.5210544225752904,0.0017189457498975767
RIGISF,src-f,Stimulated,0.0,0.20193985156505723,confident nonbinder,0.5210544225752904,0.0017189457498975767
SLNSPS,src-f,Stimulated,0.0,0.45120732337567915,low-confidence,0.5210544225752904,0.0017189457498975767
VNEVSN,src-f,Stimulated,0.0,0.18047021238288286,confident nonbinder,0.5210544225752904,0.0017189457498975767
DISTRE,src-f,Stimulated,0.0,0.1879453298680711,confident nonbinder,0.5210544225752904,0.0017189457498975767
GHVLAE,src-f,Stimulated,1.0,0.6923876373935859,confident binder,0.5210544225752904,0.0017189457498975767
DRDDLC,src-f,Stimulated,1.0,0.997280330572471,confident binder,0.5210544225752904,0.0017189457498975767
ANDAQT,src-f,Stimulated,0.0,0.0738112609426366,confident nonbinder,0.5210544225752904,0.0017189457498975767
FEEESL,src-f,Stimulated,1.0,0.8246102505559546,confident binder,0.5210544225752904,0.0017189457498975767
SHGAEP,src-f,Stimulated,0.0,0.008232084755817696,confident nonbinder,0.5210544225752904,0.0017189457498975767
DVNPFE,src-f,Stimulated,0.0,0.24061507796018422,confident nonbinder,0.5210544225752904,0.0017189457498975767
LPIDDS,src-f,Stimulated,0.0,0.33288090317414165,confident nonbinder,0.5210544225752904,0.0017189457498975767
DFLATS,src-f,Stimulated,1.0,0.660052592399025,confident binder,0.5210544225752904,0.0017189457498975767
IHLDTT,src-f,Stimulated,0.0,0.5,low-confidence,0.5210544225752904,0.0017189457498975767
AAEFTT,src-f,Stimulated,0.0,0.4249581819026959,low-confidence,0.5210544225752904,0.0017189457498975767
PLQDEA,src-f,Stimulated,0.0,0.4694874867985966,low-confidence,0.5210544225752904,0.0017189457498975767
EDNLIV,src-f,Stimulated,1.0,0.8443759470828983,confident binder,0.5210544225752904,0.0017189457498975767
GYKDIV,src-f,Stimulated,1.0,0.9132706718790613,confident binder,0.5210544225752904,0.0017189457498975767
GDSYEI,src-f,Stimulated,0.0,0.06516434279174355,confident nonbinder,0.5210544225752904,0.0017189457498975767
RNILSA,src-f,Stimulated,0.0,0.3388335543327765,confident nonbinder,0.5210544225752904,0.0017189457498975767
DINFPI,src-f,Stimulated,1.0,0.7415991293861738,confident binder,0.5210544225752904,0.0017189457498975767
PEVALP,src-f,Stimulated,1.0,0.9407352743944206,confident binder,0.5210544225752904,0.0017189457498975767
EEKIWK,src-f,Stimulated,1.0,0.9917870365545012,confident binder,0.5210544225752904,0.0017189457498975767
GDDVTV,src-f,Stimulated,0.0,0.15598060803893357,confident nonbinder,0.5210544225752904,0.0017189457498975767
ELSVDQ,src-f,Stimulated,0.0,0.23827378567021826,confident nonbinder,0.5210544225752904,0.0017189457498975767
AHDAVE,src-f,Stimulated,1.0,0.8787373833609454,confident binder,0.5210544225752904,0.0017189457498975767
KPVATL,src-f,Stimulated,0.0,0.44856839454507985,low-confidence,0.5210544225752904,0.0017189457498975767
GVSSSG,src-f,Stimulated,0.0,0.04109378275082744,confident nonbinder,0.5210544225752904,0.0017189457498975767
GGGSVG,src-f,Stimulated,0.0,0.13258549119880367,confident nonbinder,0.5210544225752904,0.0017189457498975767
EDQEML,src-f,Stimulated,1.0,0.8938345257479818,confident binder,0.5210544225752904,0.0017189457498975767
RSVTTS,src-f,Stimulated,0.0,0.06341163906386792,confident nonbinder,0.5210544225752904,0.0017189457498975767
HVSFPN,src-f,Stimulated,1.0,0.8691957965145787,confident binder,0.5210544225752904,0.0017189457498975767
PHDDFR,src-f,Stimulated,1.0,0.81647246435305,confident binder,0.5210544225752904,0.0017189457498975767
PYGNDS,src-f,Stimulated,0.0,0.05486548270283626,confident nonbinder,0.5210544225752904,0.0017189457498975767
VEHEEL,src-f,Stimulated,0.0,0.30028920333758496,confident nonbinder,0.5210544225752904,0.0017189457498975767
VQVSMR,src-f,Stimulated,1.0,0.8777558196660511,confident binder,0.5210544225752904,0.0017189457498975767
LCTDIL,src-f,Stimulated,1.0,0.9026810852961411,confident binder,0.5210544225752904,0.0017189457498975767
FCVEFD,src-f,Stimulated,1.0,0.9104239160203639,confident binder,0.5210544225752904,0.0017189457498975767
GDMAQE,src-f,Stimulated,0.0,0.06864880012041767,confident nonbinder,0.5210544225752904,0.0017189457498975767
HADNFL,src-f,Stimulated,1.0,0.947213200796381,confident binder,0.5210544225752904,0.0017189457498975767
PEPTVP,src-f,Stimulated,0.0,0.5149451900847836,low-confidence,0.5210544225752904,0.0017189457498975767
TQTTHH,src-f,Stimulated,0.0,0.44227209599714473,low-confidence,0.5210544225752904,0.0017189457498975767
GWEGVC,src-f,Stimulated,1.0,0.9790362230538249,confident binder,0.5210544225752904,0.0017189457498975767
VDDQVK,src-f,Stimulated,1.0,0.8398465148448905,confident binder,0.5210544225752904,0.0017189457498975767
LADEAI,src-f,Stimulated,1.0,0.7818873499352511,confident binder,0.5210544225752904,0.0017189457498975767
FDFEGA,src-f,Stimulated,1.0,0.7279394546429868,confident binder,0.5210544225752904,0.0017189457498975767
SIDILR,src-f,Stimulated,1.0,0.9604154100382374,confident binder,0.5210544225752904,0.0017189457498975767
QLHSPA,src-f,Stimulated,1.0,0.9040388324847471,confident binder,0.5210544225752904,0.0017189457498975767
ISQTLP,src-f,Stimulated,1.0,0.8035855703469615,confident binder,0.5210544225752904,0.0017189457498975767
GPVGQA,src-f,Stimulated,0.0,0.2108846656900808,confident nonbinder,0.5210544225752904,0.0017189457498975767
GESEAI,src-f,Stimulated,0.0,0.4285695520684758,low-confidence,0.5210544225752904,0.0017189457498975767
KMFPDV,src-f,Stimulated,0.0,0.20679366394363316,confident nonbinder,0.5210544225752904,0.0017189457498975767
TTEETE,src-f,Stimulated,0.0,0.2969058237576584,confident nonbinder,0.5210544225752904,0.0017189457498975767
SNEAYK,src-f,Stimulated,1.0,0.7248242927345434,confident binder,0.5210544225752904,0.0017189457498975767
CCCEFF,src-f,Stimulated,1.0,0.8571492996444391,confident binder,0.5210544225752904,0.0017189457498975767
SSDKPI,src-f,Stimulated,0.0,0.4368921595635036,low-confidence,0.5210544225752904,0.0017189457498975767
DHEEAP,src-f,Stimulated,0.0,0.5402336421587352,low-confidence,0.5210544225752904,0.0017189457498975767
VTEDPQ,src-f,Stimulated,1.0,0.7609520802343279,confident binder,0.5210544225752904,0.0017189457498975767
ALAAGK,src-f,Stimulated,1.0,0.767933382502487,confident binder,0.5210544225752904,0.0017189457498975767
PVITYT,src-f,Stimulated,1.0,0.8772920651617075,confident binder,0.5210544225752904,0.0017189457498975767
NSVSPR,src-f,Stimulated,1.0,0.8677185887100555,confident binder,0.5210544225752904,0.0017189457498975767
PLIPPP,src-f,Stimulated,1.0,0.8174279491594637,confident binder,0.5210544225752904,0.0017189457498975767
KEEREN,src-f,Stimulated,0.0,0.10578631289613781,confident nonbinder,0.5210544225752904,0.0017189457498975767
EITLAK,src-f,Stimulated,1.0,0.8349653687696977,confident binder,0.5210544225752904,0.0017189457498975767
VDSDAL,src-f,Stimulated,0.0,0.39016268976722795,confident nonbinder,0.5210544225752904,0.0017189457498975767
PAMDAP,src-f,Stimulated,0.0,0.39383297006909934,confident nonbinder,0.5210544225752904,0.0017189457498975767
TNTTVP,src-f,Stimulated,1.0,0.7577470711765769,confident binder,0.5210544225752904,0.0017189457498975767
LHASVV,src-f,Stimulated,1.0,0.9339923053172965,confident binder,0.5210544225752904,0.0017189457498975767
SHIQQR,src-f,Stimulated,1.0,0.6244940744286716,confident binder,0.5210544225752904,0.0017189457498975767
ALVTPL,src-f,Stimulated,1.0,0.9558448048451094,confident binder,0.5210544225752904,0.0017189457498975767
TVFQTV,src-f,Stimulated,1.0,0.6048102724507952,confident binder,0.5210544225752904,0.0017189457498975767
QETDST,src-f,Stimulated,0.0,0.05888266136554702,confident nonbinder,0.5210544225752904,0.0017189457498975767
ATQANY,src-f,Stimulated,0.0,0.2164314265453559,confident nonbinder,0.5210544225752904,0.0017189457498975767
NFSSQK,src-f,Stimulated,0.0,0.48507596289257715,low-confidence,0.5210544225752904,0.0017189457498975767
PLTDPQ,src-f,Stimulated,1.0,0.856757773473921,confident binder,0.5210544225752904,0.0017189457498975767
DEEAFR,src-f,Stimulated,1.0,0.8892567197844387,confident binder,0.5210544225752904,0.0017189457498975767
PVWEGY,src-f,Stimulated,1.0,0.9798241090789155,confident binder,0.5210544225752904,0.0017189457498975767
QDLHSL,src-f,Stimulated,0.0,0.009055597383812676,confident nonbinder,0.5210544225752904,0.0017189457498975767
LTFDKV,src-f,Stimulated,1.0,0.7566570377601235,confident binder,0.5210544225752904,0.0017189457498975767
AYIPGQ,src-f,Stimulated,0.0,0.28880728188016397,confident nonbinder,0.5210544225752904,0.0017189457498975767
GHEEVE,src-f,Stimulated,1.0,0.9058002296001991,confident binder,0.5210544225752904,0.0017189457498975767
QESFGP,src-f,Stimulated,0.0,0.0909828474210333,confident nonbinder,0.5210544225752904,0.0017189457498975767
LVHNEN,src-f,Stimulated,1.0,0.7629282825731564,confident binder,0.5210544225752904,0.0017189457498975767
KEELLS,src-f,Stimulated,1.0,0.9177587825571243,confident binder,0.5210544225752904,0.0017189457498975767
KDGLMK,src-f,Stimulated,0.0,0.3397796667647296,confident nonbinder,0.5210544225752904,0.0017189457498975767
GFVNTF,src-f,Stimulated,1.0,0.9214121251429893,confident binder,0.5210544225752904,0.0017189457498975767
DDEYCM,src-f,Stimulated,1.0,0.6527629221638884,confident binder,0.5210544225752904,0.0017189457498975767
FIHDRV,src-f,Stimulated,1.0,0.7227542952110009,confident binder,0.5210544225752904,0.0017189457498975767
DVVELS,src-f,Stimulated,1.0,0.9441745846769223,confident binder,0.5210544225752904,0.0017189457498975767
DYSHLK,src-f,Stimulated,0.0,0.15281890592880326,confident nonbinder,0.5210544225752904,0.0017189457498975767
ALEDSN,src-f,Stimulated,1.0,0.552285742980916,low-confidence,0.5210544225752904,0.0017189457498975767
KQAGYD,src-f,Stimulated,0.0,0.18318396612136262,confident nonbinder,0.5210544225752904,0.0017189457498975767
KVAHQM,src-f,Stimulated,0.0,0.038125093551916595,confident nonbinder,0.5210544225752904,0.0017189457498975767
VDSPSD,src-f,Stimulated,0.0,0.005748895597896256,confident nonbinder,0.5210544225752904,0.0017189457498975767
PISQPA,src-f,Stimulated,1.0,0.8726144741187359,confident binder,0.5210544225752904,0.0017189457498975767
GYSPYS,src-f,Stimulated,0.0,0.24796097545898277,confident nonbinder,0.5210544225752904,0.0017189457498975767
ILAAPQ,src-f,Stimulated,1.0,0.9058616329900039,confident binder,0.5210544225752904,0.0017189457498975767
LPLPHY,src-f,Stimulated,1.0,0.6036434535309616,confident binder,0.5210544225752904,0.0017189457498975767
EQVSTV,src-f,Stimulated,0.0,0.29243478108663457,confident nonbinder,0.5210544225752904,0.0017189457498975767
HQELLK,src-f,Stimulated,,,1,0.5210544225752904,0.0017189457498975767
PVEDVP,src-f,Stimulated,1.0,0.920186179492554,confident binder,0.5210544225752904,0.0017189457498975767
PSEDLY,src-f,Stimulated,1.0,0.9133280630316919,confident binder,0.5210544225752904,0.0017189457498975767
SQAQPS,src-f,Stimulated,0.0,0.5,low-confidence,0.5210544225752904,0.0017189457498975767
EHSTCI,src-f,Stimulated,1.0,0.6505212032475629,confident binder,0.5210544225752904,0.0017189457498975767
GEQDDS,src-f,Stimulated,0.0,0.010505546315198962,confident nonbinder,0.5210544225752904,0.0017189457498975767
HLDTPG,src-f,Stimulated,1.0,0.7806972402222088,confident binder,0.5210544225752904,0.0017189457498975767
HLTSLP,src-f,Stimulated,1.0,0.9296737449052994,confident binder,0.5210544225752904,0.0017189457498975767
EFVYFL,src-f,Stimulated,1.0,0.8203821544369023,confident binder,0.5210544225752904,0.0017189457498975767
ETQDIF,src-f,Stimulated,1.0,0.9636513393190751,confident binder,0.5210544225752904,0.0017189457498975767
ENLDLF,src-f,Stimulated,1.0,0.9670285843773321,confident binder,0.5210544225752904,0.0017189457498975767
AQLSEI,src-f,Stimulated,0.0,0.5,low-confidence,0.5210544225752904,0.0017189457498975767
PNHSLP,src-f,Stimulated,1.0,0.5626817305274273,low-confidence,0.5210544225752904,0.0017189457498975767
SPSQSS,src-f,Stimulated,0.0,0.01964367872459784,confident nonbinder,0.5210544225752904,0.0017189457498975767
VTEWAP,src-f,Stimulated,1.0,0.9869261932386295,confident binder,0.5210544225752904,0.0017189457498975767
PRATLP,src-f,Stimulated,1.0,0.9246811227662478,confident binder,0.5210544225752904,0.0017189457498975767
DAQEDL,src-f,Stimulated,0.0,0.14788603083888768,confident nonbinder,0.5210544225752904,0.0017189457498975767
EDYYHP,src-f,Stimulated,0.0,0.2343772964223138,confident nonbinder,0.5210544225752904,0.0017189457498975767
PLSKVT,src-f,Stimulated,1.0,0.8363239911528877,confident binder,0.5210544225752904,0.0017189457498975767
YTAQGG,src-f,Stimulated,0.0,0.10913930537972515,confident nonbinder,0.5210544225752904,0.0017189457498975767
HHPEMD,src-f,Stimulated,1.0,0.6095568253490479,confident binder,0.5210544225752904,0.0017189457498975767
DSSESS,src-f,Stimulated,0.0,0.03136922993524699,confident nonbinder,0.5210544225752904,0.0017189457498975767
ADTHFT,src-f,Stimulated,0.0,0.009818700402785143,confident nonbinder,0.5210544225752904,0.0017189457498975767
TEGAVP,src-f,Stimulated,0.0,0.403325851776042,low-confidence,0.5210544225752904,0.0017189457498975767
SGQGGG,src-f,Stimulated,0.0,0.005899627886071496,confident nonbinder,0.5210544225752904,0.0017189457498975767
SSSFSD,src-f,Stimulated,0.0,0.02766280661048783,confident nonbinder,0.5210544225752904,0.0017189457498975767
TDVTTD,src-f,Stimulated,0.0,0.21406601974998649,confident nonbinder,0.5210544225752904,0.0017189457498975767
REQLVV,src-f,Stimulated,1.0,0.7921903072084275,confident binder,0.5210544225752904,0.0017189457498975767
SLSGQS,src-f,Stimulated,0.0,0.0958064237979274,confident nonbinder,0.5210544225752904,0.0017189457498975767
ALEDPP,src-f,Stimulated,1.0,0.945405417360038,confident binder,0.5210544225752904,0.0017189457498975767
LLDSDE,src-f,Stimulated,0.0,0.26352483190159987,confident nonbinder,0.5210544225752904,0.0017189457498975767
PLVSWR,src-f,Stimulated,1.0,0.9945207616723676,confident binder,0.5210544225752904,0.0017189457498975767
DESMQY,src-f,Stimulated,0.0,0.27885080319191535,confident nonbinder,0.5210544225752904,0.0017189457498975767
GIADIP,src-f,Stimulated,1.0,0.8741284386579609,confident binder,0.5210544225752904,0.0017189457498975767
RRVEPP,src-f,Stimulated,0.0,0.5480075579761867,low-confidence,0.5210544225752904,0.0017189457498975767
SETDEE,src-f,Stimulated,,,0,0.5210544225752904,0.0017189457498975767
EGDVVA,src-f,Stimulated,1.0,0.9475603482532761,confident binder,0.5210544225752904,0.0017189457498975767
VYDIST,src-f,Stimulated,0.0,0.4284743940856156,low-confidence,0.5210544225752904,0.0017189457498975767
PTQATR,src-f,Stimulated,0.0,0.20784596710778216,confident nonbinder,0.5210544225752904,0.0017189457498975767
EFLSVG,src-f,Stimulated,1.0,0.8719000128878791,confident binder,0.5210544225752904,0.0017189457498975767
RDFEEY,src-f,Stimulated,0.0,0.0529779505139378,confident nonbinder,0.5210544225752904,0.0017189457498975767
TIEGEK,src-f,Stimulated,0.0,0.23275056124054636,confident nonbinder,0.5210544225752904,0.0017189457498975767
HPSECD,src-f,Stimulated,0.0,0.26833241414177605,confident nonbinder,0.5210544225752904,0.0017189457498975767
TGASPD,src-f,Stimulated,1.0,0.6645011278414351,confident binder,0.5210544225752904,0.0017189457498975767
PDGNSA,src-f,Stimulated,0.0,0.07381154670904813,confident nonbinder,0.5210544225752904,0.0017189457498975767
SIDDIN,src-f,Stimulated,1.0,0.9054645175640751,confident binder,0.5210544225752904,0.0017189457498975767
IHEMCI,src-f,Stimulated,,,0,0.5210544225752904,0.0017189457498975767
DPENYR,src-f,Stimulated,1.0,0.9619346679181335,confident binder,0.5210544225752904,0.0017189457498975767
EVGPIK,src-f,Stimulated,1.0,0.6278386330506474,confident binder,0.5210544225752904,0.0017189457498975767
PLEGTA,src-f,Stimulated,0.0,0.4810302351291304,low-confidence,0.5210544225752904,0.0017189457498975767
ENNGVS,src-f,Stimulated,0.0,0.14769028463376235,confident nonbinder,0.5210544225752904,0.0017189457498975767
PAENPP,src-f,Stimulated,1.0,0.9471292461288529,confident binder,0.5210544225752904,0.0017189457498975767
KDAFIH,src-f,Stimulated,1.0,0.9418166963804604,confident binder,0.5210544225752904,0.0017189457498975767
EVQQAK,src-f,Stimulated,1.0,0.7275270111897278,confident binder,0.5210544225752904,0.0017189457498975767
GSITTI,src-f,Stimulated,0.0,0.4201731017009081,low-confidence,0.5210544225752904,0.0017189457498975767
LDDHGS,src-f,Stimulated,0.0,0.00041470838306714264,confident nonbinder,0.5210544225752904,0.0017189457498975767
LPDYSS,src-f,Stimulated,0.0,0.15085974593233556,confident nonbinder,0.5210544225752904,0.0017189457498975767
EEDTDE,src-f,Stimulated,0.0,0.018298874904494215,confident nonbinder,0.5210544225752904,0.0017189457498975767
ITRLPE,src-f,Stimulated,0.0,0.005842006702966061,confident nonbinder,0.5210544225752904,0.0017189457498975767
EHDIPK,src-f,Stimulated,1.0,0.8318672647376141,confident binder,0.5210544225752904,0.0017189457498975767
TEIHHL,src-f,Stimulated,0.0,0.060427787060871464,confident nonbinder,0.5210544225752904,0.0017189457498975767
IDINER,src-f,Stimulated,1.0,0.7475058934445673,confident binder,0.5210544225752904,0.0017189457498975767
PDAMYS,src-f,Stimulated,1.0,0.753706152066719,confident binder,0.5210544225752904,0.0017189457498975767
EEVEKP,src-f,Stimulated,1.0,0.5840605714638741,low-confidence,0.5210544225752904,0.0017189457498975767
VPVMVR,src-f,Stimulated,1.0,0.9363524053719978,confident binder,0.5210544225752904,0.0017189457498975767
EELDLR,src-f,Stimulated,1.0,0.9700541482605266,confident binder,0.5210544225752904,0.0017189457498975767
DIADDE,src-f,Stimulated,0.0,0.14038554906769218,confident nonbinder,0.5210544225752904,0.0017189457498975767
DHLTLR,src-f,Stimulated,1.0,0.982726918095526,confident binder,0.5210544225752904,0.0017189457498975767
EMLPVR,src-f,Stimulated,1.0,0.8984007477902661,confident binder,0.5210544225752904,0.0017189457498975767
IQEMEY,src-f,Stimulated,0.0,0.39832462800118773,confident nonbinder,0.5210544225752904,0.0017189457498975767
GQVAPA,src-f,Stimulated,1.0,0.8236478291784936,confident binder,0.5210544225752904,0.0017189457498975767
LTEDHG,src-f,Stimulated,0.0,0.4285292646514283,low-confidence,0.5210544225752904,0.0017189457498975767
KQQIPD,src-f,Stimulated,0.0,0.229540031572969,confident nonbinder,0.5210544225752904,0.0017189457498975767
PTISPL,src-f,Stimulated,1.0,0.8933036402984481,confident binder,0.5210544225752904,0.0017189457498975767
KDDPVA,src-f,Stimulated,0.0,0.40188019100498296,low-confidence,0.5210544225752904,0.0017189457498975767
FPGNVA,src-f,Stimulated,1.0,0.9507754154037085,confident binder,0.5210544225752904,0.0017189457498975767
RGISIP,src-f,Stimulated,1.0,0.8035060035262074,confident binder,0.5210544225752904,0.0017189457498975767
ELSPQF,src-f,Stimulated,0.0,0.4653433045356903,low-confidence,0.5210544225752904,0.0017189457498975767
DAHEHQ,src-f,Stimulated,0.0,0.2989933343386156,confident nonbinder,0.5210544225752904,0.0017189457498975767
RDAPPP,src-f,Stimulated,0.0,0.0538685514203156,confident nonbinder,0.5210544225752904,0.0017189457498975767
DKDLFV,src-f,Stimulated,1.0,0.6768872401838045,confident binder,0.5210544225752904,0.0017189457498975767
ATLSSK,src-f,Stimulated,1.0,0.5586689229163455,low-confidence,0.5210544225752904,0.0017189457498975767
VSVSDI,src-f,Stimulated,0.0,0.4937323948715138,low-confidence,0.5210544225752904,0.0017189457498975767
HYVPLL,src-f,Stimulated,1.0,0.9107381764939794,confident binder,0.5210544225752904,0.0017189457498975767
LVQVPQ,src-f,Stimulated,1.0,0.9188515386453331,confident binder,0.5210544225752904,0.0017189457498975767
GQNQPE,src-f,Stimulated,0.0,0.11551623460006118,confident nonbinder,0.5210544225752904,0.0017189457498975767
LGLPNQ,src-f,Stimulated,0.0,0.2945768192793936,confident nonbinder,0.5210544225752904,0.0017189457498975767
DVQEME,src-f,Stimulated,1.0,0.9119413753566826,confident binder,0.5210544225752904,0.0017189457498975767
AQNNFS,src-f,Stimulated,1.0,0.7023839150177185,confident binder,0.5210544225752904,0.0017189457498975767
DTQDAS,src-f,Stimulated,0.0,0.20456935467283727,confident nonbinder,0.5210544225752904,0.0017189457498975767
PQSNPP,src-f,Stimulated,1.0,0.7370397191044953,confident binder,0.5210544225752904,0.0017189457498975767
ENEDDD,src-f,Stimulated,0.0,0.012597129056673774,confident nonbinder,0.5210544225752904,0.0017189457498975767
PQGSYG,src-f,Stimulated,0.0,0.020793653788553308,confident nonbinder,0.5210544225752904,0.0017189457498975767
RVENVG,src-f,Stimulated,1.0,0.9168718161085192,confident binder,0.5210544225752904,0.0017189457498975767
QWDFLQ,src-f,Stimulated,1.0,0.987604836481824,confident binder,0.5210544225752904,0.0017189457498975767
HINEEP,src-f,Stimulated,0.0,0.09517942254082626,confident nonbinder,0.5210544225752904,0.0017189457498975767
EDEEEG,src-f,Stimulated,0.0,0.02349134308625452,confident nonbinder,0.5210544225752904,0.0017189457498975767
QEEFTD,src-f,Stimulated,0.0,0.20274553428846262,confident nonbinder,0.5210544225752904,0.0017189457498975767
PSKPPT,src-f,Stimulated,0.0,0.04453090705886987,confident nonbinder,0.5210544225752904,0.0017189457498975767
NTISTI,src-f,Stimulated,1.0,0.5745860283574333,low-confidence,0.5210544225752904,0.0017189457498975767
HLEHLT,src-f,Stimulated,0.0,0.1905894619880931,confident nonbinder,0.5210544225752904,0.0017189457498975767
SQSSFL,src-f,Stimulated,0.0,0.45156422133839547,low-confidence,0.5210544225752904,0.0017189457498975767
DYSIPF,src-f,Stimulated,1.0,0.9245162939083502,confident binder,0.5210544225752904,0.0017189457498975767
IPSSAG,src-f,Stimulated,0.0,0.06805873742489417,confident nonbinder,0.5210544225752904,0.0017189457498975767
QNIMEG,src-f,Stimulated,0.0,0.233022365483018,confident nonbinder,0.5210544225752904,0.0017189457498975767
YECMSE,src-f,Stimulated,0.0,0.5,low-confidence,0.5210544225752904,0.0017189457498975767
DSELST,src-f,Stimulated,0.0,0.08577211136619031,confident nonbinder,0.5210544225752904,0.0017189457498975767
SNEAMI,src-f,Stimulated,1.0,0.8015105126799649,confident binder,0.5210544225752904,0.0017189457498975767
ITNVPE,src-f,Stimulated,0.0,0.4361141502646434,low-confidence,0.5210544225752904,0.0017189457498975767
IFNLAP,src-f,Stimulated,0.0,0.5440826678377683,low-confidence,0.5210544225752904,0.0017189457498975767
RLVSCS,src-f,Stimulated,0.0,0.5464843060282524,low-confidence,0.5210544225752904,0.0017189457498975767
DSMIAM,src-f,Stimulated,1.0,0.677071668812874,confident binder,0.5210544225752904,0.0017189457498975767
QLLPST,src-f,Stimulated,0.0,0.4589823534206232,low-confidence,0.5210544225752904,0.0017189457498975767
PHGSQT,src-f,Stimulated,0.0,0.01155935993240624,confident nonbinder,0.5210544225752904,0.0017189457498975767
EDESSA,src-f,Stimulated,0.0,0.09921323106203973,confident nonbinder,0.5210544225752904,0.0017189457498975767
PSGLSA,src-f,Stimulated,0.0,0.04442532277132366,confident nonbinder,0.5210544225752904,0.0017189457498975767
ELEGLR,src-f,Stimulated,1.0,0.9660527886486523,confident binder,0.5210544225752904,0.0017189457498975767
FSSASI,src-f,Stimulated,1.0,0.5548788865434702,low-confidence,0.5210544225752904,0.0017189457498975767
SDDSTE,src-f,Stimulated,0.0,0.01923872718416563,confident nonbinder,0.5210544225752904,0.0017189457498975767
LEQVLG,src-f,Stimulated,1.0,0.9182381736171523,confident binder,0.5210544225752904,0.0017189457498975767
QYFCYK,src-f,Stimulated,1.0,0.9063970724251128,confident binder,0.5210544225752904,0.0017189457498975767
SQENGS,src-f,Stimulated,0.0,0.21779744487268793,confident nonbinder,0.5210544225752904,0.0017189457498975767
KDDTLS,src-f,Stimulated,1.0,0.6853025918102894,confident binder,0.5210544225752904,0.0017189457498975767
HIAYPQ,src-f,Stimulated,1.0,0.8899750863236241,confident binder,0.5210544225752904,0.0017189457498975767
PLGSLS,src-f,Stimulated,1.0,0.6280265470660688,confident binder,0.5210544225752904,0.0017189457498975767
LEVSVS,src-f,Stimulated,1.0,0.9071466139324097,confident binder,0.5210544225752904,0.0017189457498975767
IEEALK,src-f,Stimulated,1.0,0.9708927504808462,confident binder,0.5210544225752904,0.0017189457498975767
SVVPGV,src-f,Stimulated,0.0,0.40193561205316525,low-confidence,0.5210544225752904,0.0017189457498975767
SFTDSS,src-f,Stimulated,0.0,0.16216921940084864,confident nonbinder,0.5210544225752904,0.0017189457498975767
APEFPE,src-f,Stimulated,,,1,0.5210544225752904,0.0017189457498975767
PETPTS,src-f,Stimulated,0.0,0.013660393769295036,confident nonbinder,0.5210544225752904,0.0017189457498975767
SDQPIK,src-f,Stimulated,1.0,0.6646409073186057,confident binder,0.5210544225752904,0.0017189457498975767
DLATVT,src-f,Stimulated,1.0,0.9369876880496846,confident binder,0.5210544225752904,0.0017189457498975767
MIDSPP,src-f,Stimulated,1.0,0.6120954905114483,confident binder,0.5210544225752904,0.0017189457498975767
TEIQYM,src-f,Stimulated,1.0,0.912410999830855,confident binder,0.5210544225752904,0.0017189457498975767
DQALME,src-f,Stimulated,1.0,0.8459743654855751,confident binder,0.5210544225752904,0.0017189457498975767
SIEALG,src-f,Stimulated,1.0,0.8779519502604516,confident binder,0.5210544225752904,0.0017189457498975767
SVIPMS,src-f,Stimulated,1.0,0.6971403984105111,confident binder,0.5210544225752904,0.0017189457498975767
AYHLLE,src-f,Stimulated,1.0,0.9404369348667848,confident binder,0.5210544225752904,0.0017189457498975767
AYQVGQ,src-f,Stimulated,0.0,0.3814807335165969,confident nonbinder,0.5210544225752904,0.0017189457498975767
ETEDIE,src-f,Stimulated,1.0,0.9238439291340866,confident binder,0.5210544225752904,0.0017189457498975767
ILEFPR,src-f,Stimulated,1.0,0.9595412677037793,confident binder,0.5210544225752904,0.0017189457498975767
PIIDLR,src-f,Stimulated,1.0,0.942857643632231,confident binder,0.5210544225752904,0.0017189457498975767
FDSYGY,src-f,Stimulated,0.0,0.3567047608304561,confident nonbinder,0.5210544225752904,0.0017189457498975767
AQVVRE,src-f,Stimulated,0.0,0.4504854905213742,low-confidence,0.5210544225752904,0.0017189457498975767
EQSDAP,src-f,Stimulated,0.0,0.11381846446936664,confident nonbinder,0.5210544225752904,0.0017189457498975767
METEGI,src-f,Stimulated,0.0,0.2557290827629766,confident nonbinder,0.5210544225752904,0.0017189457498975767
AHMTEG,src-f,Stimulated,0.0,0.16239846171311123,confident nonbinder,0.5210544225752904,0.0017189457498975767
TVVVED,src-f,Stimulated,1.0,0.7055278478656626,confident binder,0.5210544225752904,0.0017189457498975767
DDSRDD,src-f,Stimulated,0.0,0.016023068663846948,confident nonbinder,0.5210544225752904,0.0017189457498975767
EDEIMQ,src-f,Stimulated,1.0,0.8196970177859337,confident binder,0.5210544225752904,0.0017189457498975767
AVDLPS,src-f,Stimulated,1.0,0.8627094722470503,confident binder,0.5210544225752904,0.0017189457498975767
FEIEAH,src-f,Stimulated,1.0,0.9542610171449384,confident binder,0.5210544225752904,0.0017189457498975767
SYNSPG,src-f,Stimulated,0.0,0.14850257053679067,confident nonbinder,0.5210544225752904,0.0017189457498975767
APNKPS,src-f,Stimulated,0.0,0.19306487607965112,confident nonbinder,0.5210544225752904,0.0017189457498975767
PPESIS,src-f,Stimulated,1.0,0.8679154933586977,confident binder,0.5210544225752904,0.0017189457498975767
DDQQKR,src-f,Stimulated,,,0,0.5210544225752904,0.0017189457498975767
QTQVIP,src-f,Stimulated,1.0,0.9476124839771174,confident binder,0.5210544225752904,0.0017189457498975767
KVSSST,src-f,Stimulated,0.0,0.07056271790242118,confident nonbinder,0.5210544225752904,0.0017189457498975767
TDEMET,src-f,Stimulated,0.0,0.15244158014617,confident nonbinder,0.5210544225752904,0.0017189457498975767
ELCEMG,src-f,Stimulated,1.0,0.9282970690836905,confident binder,0.5210544225752904,0.0017189457498975767
NYGSAA,src-f,Stimulated,0.0,0.3005784931688664,confident nonbinder,0.5210544225752904,0.0017189457498975767
ELSGSQ,src-f,Stimulated,0.0,0.06489351580362242,confident nonbinder,0.5210544225752904,0.0017189457498975767
SDHDLE,src-f,Stimulated,1.0,0.6475028658663161,confident binder,0.5210544225752904,0.0017189457498975767
RLSVVF,src-f,Stimulated,1.0,0.9214128761843241,confident binder,0.5210544225752904,0.0017189457498975767
SPQEFT,src-f,Stimulated,1.0,0.5721750027081348,low-confidence,0.5210544225752904,0.0017189457498975767
GPDRPG,src-f,Stimulated,0.0,0.4156064335104677,low-confidence,0.5210544225752904,0.0017189457498975767
HFSSGN,src-f,Stimulated,0.0,0.15710364341984767,confident nonbinder,0.5210544225752904,0.0017189457498975767
GSQYWP,src-f,Stimulated,1.0,0.9873695240401323,confident binder,0.5210544225752904,0.0017189457498975767
STSEFA,src-f,Stimulated,1.0,0.7893242391034818,confident binder,0.5210544225752904,0.0017189457498975767
PCTPYY,src-f,Stimulated,0.0,0.5158215309850249,low-confidence,0.5210544225752904,0.0017189457498975767
VLAGSG,src-f,Stimulated,0.0,0.2236969884672528,confident nonbinder,0.5210544225752904,0.0017189457498975767
SPQSRG,src-f,Stimulated,0.0,0.011326241174388633,confident nonbinder,0.5210544225752904,0.0017189457498975767
DDMSCF,src-f,Stimulated,1.0,0.6135642942242062,confident binder,0.5210544225752904,0.0017189457498975767
SIEYQP,src-f,Stimulated,0.0,0.41970730515090476,low-confidence,0.5210544225752904,0.0017189457498975767
LLALAA,src-f,Stimulated,1.0,0.9440156072688868,confident binder,0.5210544225752904,0.0017189457498975767
GQAIPQ,src-f,Stimulated,1.0,0.6084738205645532,confident binder,0.5210544225752904,0.0017189457498975767
SPADPE,src-f,Stimulated,1.0,0.5971826797075136,low-confidence,0.5210544225752904,0.0017189457498975767
HSDDST,src-f,Stimulated,0.0,0.024434960547657265,confident nonbinder,0.5210544225752904,0.0017189457498975767
EERQQL,src-f,Stimulated,0.0,0.0009686849122716658,confident nonbinder,0.5210544225752904,0.0017189457498975767
NNSGGY,src-f,Stimulated,0.0,0.017635653051913745,confident nonbinder,0.5210544225752904,0.0017189457498975767
RVTHEV,src-f,Stimulated,0.0,0.006800322454719326,confident nonbinder,0.5210544225752904,0.0017189457498975767
AADIEV,src-f,Stimulated,0.0,0.533807383031203,low-confidence,0.5210544225752904,0.0017189457498975767
YDEAWA,src-f,Stimulated,1.0,0.9946092499739602,confident binder,0.5210544225752904,0.0017189457498975767
AVIGVH,src-f,Stimulated,1.0,0.8323903986880211,confident binder,0.5210544225752904,0.0017189457498975767
LGHSAS,src-f,Stimulated,0.0,0.3050211294021828,confident nonbinder,0.5210544225752904,0.0017189457498975767
GIEGVF,src-f,Stimulated,1.0,0.8650579405967155,confident binder,0.5210544225752904,0.0017189457498975767
AFNMLR,src-f,Stimulated,1.0,0.9533634922427441,confident binder,0.5210544225752904,0.0017189457498975767
SHDSEK,src-f,Stimulated,0.0,0.05769245664895351,confident nonbinder,0.5210544225752904,0.0017189457498975767
NESSQE,src-f,Stimulated,0.0,0.049881877563844094,confident nonbinder,0.5210544225752904,0.0017189457498975767
DLPDSD,src-f,Stimulated,0.0,0.05485782141866111,confident nonbinder,0.5210544225752904,0.0017189457498975767
ITQAVP,src-f,Stimulated,1.0,0.793079390224654,confident binder,0.5210544225752904,0.0017189457498975767
TSEEAL,src-f,Stimulated,1.0,0.7497522736956912,confident binder,0.5210544225752904,0.0017189457498975767
EEQEFE,src-f,Stimulated,1.0,0.6652187649853206,confident binder,0.5210544225752904,0.0017189457498975767
NLPSSS,src-f,Stimulated,0.0,0.07699544823184781,confident nonbinder,0.5210544225752904,0.0017189457498975767
QVGYDD,src-f,Stimulated,0.0,0.018202035429661863,confident nonbinder,0.5210544225752904,0.0017189457498975767
EEVGPR,src-f,Stimulated,1.0,0.7712286052574554,confident binder,0.5210544225752904,0.0017189457498975767
ISEELS,src-f,Stimulated,1.0,0.9010551492256513,confident binder,0.5210544225752904,0.0017189457498975767
ESDIIA,src-f,Stimulated,1.0,0.9455412227149466,confident binder,0.5210544225752904,0.0017189457498975767
ANVECV,src-f,Stimulated,1.0,0.7466330954680069,confident binder,0.5210544225752904,0.0017189457498975767
QLTTNT,src-f,Stimulated,0.0,0.42565254512033157,low-confidence,0.5210544225752904,0.0017189457498975767
DYGIPF,src-f,Stimulated,1.0,0.7442425947755335,confident binder,0.5210544225752904,0.0017189457498975767
PEDLNV,src-f,Stimulated,0.0,0.25490409985464363,confident nonbinder,0.5210544225752904,0.0017189457498975767
KAYHLL,src-f,Stimulated,0.0,0.12347425331250642,confident nonbinder,0.5210544225752904,0.0017189457498975767
EASPPP,src-f,Stimulated,0.0,0.1567950161463764,confident nonbinder,0.5210544225752904,0.0017189457498975767
AVDVPP,src-f,Stimulated,1.0,0.8915424109649652,confident binder,0.5210544225752904,0.0017189457498975767
RNEQWQ,src-f,Stimulated,1.0,0.9662801414420471,confident binder,0.5210544225752904,0.0017189457498975767
ELGACA,src-f,Stimulated,0.0,0.47828498814513315,low-confidence,0.5210544225752904,0.0017189457498975767
KEDPVE,src-f,Stimulated,0.0,0.23864469444316616,confident nonbinder,0.5210544225752904,0.0017189457498975767
LNEDKL,src-f,Stimulated,1.0,0.6362292735713901,confident binder,0.5210544225752904,0.0017189457498975767
FMEAPP,src-f,Stimulated,1.0,0.9550390129951238,confident binder,0.5210544225752904,0.0017189457498975767
EDAGFE,src-f,Stimulated,0.0,0.36701112006598763,confident nonbinder,0.5210544225752904,0.0017189457498975767
DINFFS,src-f,Stimulated,1.0,0.5507680433194091,low-confidence,0.5210544225752904,0.0017189457498975767
QLHNQS,src-f,Stimulated,1.0,0.7749950506600065,confident binder,0.5210544225752904,0.0017189457498975767
FQEGTY,src-f,Stimulated,0.0,0.3059873713351652,confident nonbinder,0.5210544225752904,0.0017189457498975767
SDFASD,src-f,Stimulated,0.0,0.03671790104593144,confident nonbinder,0.5210544225752904,0.0017189457498975767
EPADPY,src-f,Stimulated,1.0,0.8191824145881317,confident binder,0.5210544225752904,0.0017189457498975767
GKAIPT,src-f,Stimulated,1.0,0.5891224833239032,low-confidence,0.5210544225752904,0.0017189457498975767
TISGEE,src-f,Stimulated,0.0,0.0450096417761632,confident nonbinder,0.5210544225752904,0.0017189457498975767
FISTWL,src-f,Stimulated,1.0,0.9577354206501437,confident binder,0.5210544225752904,0.0017189457498975767
RQEQQT,src-f,Stimulated,0.0,0.027531293281724545,confident nonbinder,0.5210544225752904,0.0017189457498975767
SLQSAG,src-f,Stimulated,0.0,0.25818817173968805,confident nonbinder,0.5210544225752904,0.0017189457498975767
MIEPHF,src-f,Stimulated,1.0,0.644251980155108,confident binder,0.5210544225752904,0.0017189457498975767
VAKIPV,src-f,Stimulated,1.0,0.7988650904399079,confident binder,0.5210544225752904,0.0017189457498975767
FGSLPD,src-f,Stimulated,1.0,0.865841347341699,confident binder,0.5210544225752904,0.0017189457498975767
QLSSAA,src-f,Stimulated,1.0,0.7677917915234512,confident binder,0.5210544225752904,0.0017189457498975767
EIQTLS,src-f,Stimulated,1.0,0.9300714314601757,confident binder,0.5210544225752904,0.0017189457498975767
KLEEVR,src-f,Stimulated,1.0,0.967548988440347,confident binder,0.5210544225752904,0.0017189457498975767
PELTSP,src-f,Stimulated,0.0,0.3617556080947969,confident nonbinder,0.5210544225752904,0.0017189457498975767
VDLSSL,src-f,Stimulated,1.0,0.5855917889429942,low-confidence,0.5210544225752904,0.0017189457498975767
GSVPLL,src-f,Stimulated,1.0,0.709894633635388,confident binder,0.5210544225752904,0.0017189457498975767
DLSSCD,src-f,Stimulated,0.0,0.4535826639544202,low-confidence,0.5210544225752904,0.0017189457498975767
LTQNTD,src-f,Stimulated,1.0,0.6297885506447078,confident binder,0.5210544225752904,0.0017189457498975767
VDSGLR,src-f,Stimulated,1.0,0.7233462957591639,confident binder,0.5210544225752904,0.0017189457498975767
PLGFHA,src-f,Stimulated,1.0,0.6350760244310005,confident binder,0.5210544225752904,0.0017189457498975767
VQTFPN,src-f,Stimulated,1.0,0.6394616545064338,confident binder,0.5210544225752904,0.0017189457498975767
NIISPL,src-f,Stimulated,1.0,0.9373759182202511,confident binder,0.5210544225752904,0.0017189457498975767
GPTDFT,src-f,Stimulated,0.0,0.44135684960131316,low-confidence,0.5210544225752904,0.0017189457498975767
LSELGQ,src-f,Stimulated,0.0,0.30814123960431566,confident nonbinder,0.5210544225752904,0.0017189457498975767
AASNSE,src-f,Stimulated,0.0,0.35809163692567725,confident nonbinder,0.5210544225752904,0.0017189457498975767
DPVTLK,src-f,Stimulated,1.0,0.9591917107169418,confident binder,0.5210544225752904,0.0017189457498975767
SPGNLC,src-f,Stimulated,1.0,0.9946756842476708,confident binder,0.5210544225752904,0.0017189457498975767
RAEYVE,src-f,Stimulated,1.0,0.6443961213312827,confident binder,0.5210544225752904,0.0017189457498975767
SPSVSG,src-f,Stimulated,0.0,0.02888030519661688,confident nonbinder,0.5210544225752904,0.0017189457498975767
VDLALD,src-f,Stimulated,1.0,0.9193986437751969,confident binder,0.5210544225752904,0.0017189457498975767
VDSQTD,src-f,Stimulated,0.0,0.033485694319355,confident nonbinder,0.5210544225752904,0.0017189457498975767
LGNHNG,src-f,Stimulated,0.0,0.0012225303256901698,confident nonbinder,0.5210544225752904,0.0017189457498975767
LPSNIT,src-f,Stimulated,1.0,0.9692537754796481,confident binder,0.5210544225752904,0.0017189457498975767
ALDFVV,src-f,Stimulated,1.0,0.9292048615649039,confident binder,0.5210544225752904,0.0017189457498975767
SLGQQS,src-f,Stimulated,0.0,0.05800257000300483,confident nonbinder,0.5210544225752904,0.0017189457498975767
TIFDNL,src-f,Stimulated,1.0,0.6164853101121633,confident binder,0.5210544225752904,0.0017189457498975767
DDIQEV,src-f,Stimulated,0.0,0.27956669683036334,confident nonbinder,0.5210544225752904,0.0017189457498975767
DVIEHR,src-f,Stimulated,1.0,0.9525442979287221,confident binder,0.5210544225752904,0.0017189457498975767
AMSVEI,src-f,Stimulated,1.0,0.7015072000803524,confident binder,0.5210544225752904,0.0017189457498975767
FEHQPG,src-f,Stimulated,1.0,0.5904940217604462,low-confidence,0.5210544225752904,0.0017189457498975767
GGNALR,src-f,Stimulated,1.0,0.8398050694379174,confident binder,0.5210544225752904,0.0017189457498975767
DGSYPS,src-f,Stimulated,,,1,0.5210544225752904,0.0017189457498975767
HLEEKF,src-f,Stimulated,1.0,0.9466040883654826,confident binder,0.5210544225752904,0.0017189457498975767
HWVGEG,src-f,Stimulated,1.0,0.8704895220182027,confident binder,0.5210544225752904,0.0017189457498975767
DEMFSL,src-f,Stimulated,0.0,0.5078136524410556,low-confidence,0.5210544225752904,0.0017189457498975767
EEEDIR,src-f,Stimulated,1.0,0.9535690748235313,confident binder,0.5210544225752904,0.0017189457498975767
EAEEYT,src-f,Stimulated,1.0,0.8528401888881856,confident binder,0.5210544225752904,0.0017189457498975767
TPANTN,src-f,Stimulated,1.0,0.6678934370988394,confident binder,0.5210544225752904,0.0017189457498975767
ALDFSV,src-f,Stimulated,1.0,0.7762502003714722,confident binder,0.5210544225752904,0.0017189457498975767
DDDLES,src-f,Stimulated,0.0,0.02620763750820644,confident nonbinder,0.5210544225752904,0.0017189457498975767
SLASSP,src-f,Stimulated,0.0,0.3564062211835007,confident nonbinder,0.5210544225752904,0.0017189457498975767
ELAIPP,src-f,Stimulated,1.0,0.9509159385994266,confident binder,0.5210544225752904,0.0017189457498975767
AVHACF,src-f,Stimulated,1.0,0.792693821643758,confident binder,0.5210544225752904,0.0017189457498975767
TSVTGS,src-f,Stimulated,0.0,0.19835605670505602,confident nonbinder,0.5210544225752904,0.0017189457498975767
SAQIPR,src-f,Stimulated,1.0,0.7942937945165438,confident binder,0.5210544225752904,0.0017189457498975767
AQAAAS,src-f,Stimulated,0.0,0.39675327244945835,confident nonbinder,0.5210544225752904,0.0017189457498975767
ETGNFD,src-f,Stimulated,1.0,0.5938216305263931,low-confidence,0.5210544225752904,0.0017189457498975767
SDCVLG,src-f,Stimulated,1.0,0.8267305562314731,confident binder,0.5210544225752904,0.0017189457498975767
SFLPLD,src-f,Stimulated,1.0,0.8487774369450647,confident binder,0.5210544225752904,0.0017189457498975767
PLQPSH,src-f,Stimulated,0.0,0.1406175786539266,confident nonbinder,0.5210544225752904,0.0017189457498975767
QSSYSS,src-f,Stimulated,0.0,0.027978802741058698,confident nonbinder,0.5210544225752904,0.0017189457498975767
RASSFG,src-f,Stimulated,0.0,0.08407059426575082,confident nonbinder,0.5210544225752904,0.0017189457498975767
SDQVIS,src-f,Stimulated,1.0,0.860850918204217,confident binder,0.5210544225752904,0.0017189457498975767
PTVQAL,src-f,Stimulated,1.0,0.7870677373522434,confident binder,0.5210544225752904,0.0017189457498975767
SICSSQ,src-f,Stimulated,0.0,0.26477849279885096,confident nonbinder,0.5210544225752904,0.0017189457498975767
AESFTS,src-f,Stimulated,0.0,0.15965996760962237,confident nonbinder,0.5210544225752904,0.0017189457498975767
DNGSLS,src-f,Stimulated,0.0,0.25794628665913294,confident nonbinder,0.5210544225752904,0.0017189457498975767
ALESSR,src-f,Stimulated,1.0,0.6827789854289099,confident binder,0.5210544225752904,0.0017189457498975767
EILTPV,src-f,Stimulated,1.0,0.9546914530277472,confident binder,0.5210544225752904,0.0017189457498975767
EDASCS,src-f,Stimulated,0.0,0.2460913099035176,confident nonbinder,0.5210544225752904,0.0017189457498975767
EDQIAI,src-f,Stimulated,0.0,0.4620079704529066,low-confidence,0.5210544225752904,0.0017189457498975767
SQQQSM,src-f,Stimulated,0.0,0.09394670350790979,confident nonbinder,0.5210544225752904,0.0017189457498975767
EVGSEN,src-f,Stimulated,0.0,0.016139966293104,confident nonbinder,0.5210544225752904,0.0017189457498975767
STGLPA,src-f,Stimulated,0.0,0.41038835762909254,low-confidence,0.5210544225752904,0.0017189457498975767
DYYHPP,src-f,Stimulated,0.0,0.024837160632634782,confident nonbinder,0.5210544225752904,0.0017189457498975767
ERLFVD,src-f,Stimulated,1.0,0.9363184684103426,confident binder,0.5210544225752904,0.0017189457498975767
SEESGS,src-f,Stimulated,0.0,0.04693728191963559,confident nonbinder,0.5210544225752904,0.0017189457498975767
LDIQYR,src-f,Stimulated,1.0,0.9148608092719348,confident binder,0.5210544225752904,0.0017189457498975767
GIAYGF,src-f,Stimulated,1.0,0.6982440643990416,confident binder,0.5210544225752904,0.0017189457498975767
PVEGPS,src-f,Stimulated,1.0,0.6449765987981184,confident binder,0.5210544225752904,0.0017189457498975767
DLDIFY,src-f,Stimulated,1.0,0.8969567108799074,confident binder,0.5210544225752904,0.0017189457498975767
PNFMNE,src-f,Stimulated,0.0,0.14066337395689288,confident nonbinder,0.5210544225752904,0.0017189457498975767
GLGFLN,src-f,Stimulated,1.0,0.7687179147086134,confident binder,0.5210544225752904,0.0017189457498975767
SANSYS,src-f,Stimulated,0.0,0.15852165323879044,confident nonbinder,0.5210544225752904,0.0017189457498975767
AQNPEP,src-f,Stimulated,0.0,0.003802790293575469,confident nonbinder,0.5210544225752904,0.0017189457498975767
LQEDVS,src-f,Stimulated,1.0,0.8938157085132101,confident binder,0.5210544225752904,0.0017189457498975767
GDINLQ,src-f,Stimulated,1.0,0.9708912597207475,confident binder,0.5210544225752904,0.0017189457498975767
LVAPPG,src-f,Stimulated,1.0,0.6976649315400841,confident binder,0.5210544225752904,0.0017189457498975767
RDDIPF,src-f,Stimulated,0.0,0.5303565471284698,low-confidence,0.5210544225752904,0.0017189457498975767
EQGFLT,src-f,Stimulated,0.0,0.4947615967673255,low-confidence,0.5210544225752904,0.0017189457498975767
DELEVT,src-f,Stimulated,1.0,0.9414901104503149,confident binder,0.5210544225752904,0.0017189457498975767
PIEGLI,src-f,Stimulated,,,1,0.5210544225752904,0.0017189457498975767
TLEHYS,src-f,Stimulated,0.0,0.047153709536077656,confident nonbinder,0.5210544225752904,0.0017189457498975767
PFVNVE,src-f,Stimulated,,,1,0.5210544225752904,0.0017189457498975767
HISSDP,src-f,Stimulated,0.0,0.06944569413233635,confident nonbinder,0.5210544225752904,0.0017189457498975767
QCQAPG,src-f,Stimulated,0.0,0.5463967458644249,low-confidence,0.5210544225752904,0.0017189457498975767
DHAIIK,src-f,Stimulated,1.0,0.9820718637299296,confident binder,0.5210544225752904,0.0017189457498975767
GSVSIH,src-f,Stimulated,1.0,0.8642888777636746,confident binder,0.5210544225752904,0.0017189457498975767
SSATLF,src-f,Stimulated,1.0,0.9399474701053873,confident binder,0.5210544225752904,0.0017189457498975767
NVSQAT,src-f,Stimulated,1.0,0.5588952702133932,low-confidence,0.5210544225752904,0.0017189457498975767
VLCSAR,src-f,Stimulated,1.0,0.8504253140005873,confident binder,0.5210544225752904,0.0017189457498975767
PDRLEE,src-f,Stimulated,0.0,0.00028608869953434255,confident nonbinder,0.5210544225752904,0.0017189457498975767
LDENVI,src-f,Stimulated,1.0,0.9878131874328049,confident binder,0.5210544225752904,0.0017189457498975767
PKIINV,src-f,Stimulated,1.0,0.6167303448824717,confident binder,0.5210544225752904,0.0017189457498975767
PEFNFA,src-f,Stimulated,1.0,0.9513337750533294,confident binder,0.5210544225752904,0.0017189457498975767
AADSLV,src-f,Stimulated,1.0,0.8443981883599285,confident binder,0.5210544225752904,0.0017189457498975767
HYEQTS,src-f,Stimulated,0.0,0.3485020149824829,confident nonbinder,0.5210544225752904,0.0017189457498975767
KDFLFR,src-f,Stimulated,1.0,0.6906836285300175,confident binder,0.5210544225752904,0.0017189457498975767
QLSTIL,src-f,Stimulated,1.0,0.9587199916188108,confident binder,0.5210544225752904,0.0017189457498975767
IDNVEQ,src-f,Stimulated,0.0,0.048477412468916826,confident nonbinder,0.5210544225752904,0.0017189457498975767
QISADE,src-f,Stimulated,0.0,0.09071695227449825,confident nonbinder,0.5210544225752904,0.0017189457498975767
DDISLD,src-f,Stimulated,1.0,0.8529772437958393,confident binder,0.5210544225752904,0.0017189457498975767
EVDDVA,src-f,Stimulated,1.0,0.9405687156877105,confident binder,0.5210544225752904,0.0017189457498975767
HVLEQP,src-f,Stimulated,1.0,0.8360879998281656,confident binder,0.5210544225752904,0.0017189457498975767
VDLPAA,src-f,Stimulated,1.0,0.5808345333279801,low-confidence,0.5210544225752904,0.0017189457498975767
PEKEEE,src-f,Stimulated,0.0,0.02318234214886724,confident nonbinder,0.5210544225752904,0.0017189457498975767
KHSVVL,src-f,Stimulated,1.0,0.9193410886085499,confident binder,0.5210544225752904,0.0017189457498975767
LFHAPP,src-f,Stimulated,1.0,0.8500851608850287,confident binder,0.5210544225752904,0.0017189457498975767
PEGDFQ,src-f,Stimulated,0.0,0.20151733258150187,confident nonbinder,0.5210544225752904,0.0017189457498975767
ELEKLT,src-f,Stimulated,1.0,0.9609254707060854,confident binder,0.5210544225752904,0.0017189457498975767
GEQSSG,src-f,Stimulated,0.0,0.008808144921720234,confident nonbinder,0.5210544225752904,0.0017189457498975767
NDTHAL,src-f,Stimulated,0.0,0.0055445055323079,confident nonbinder,0.5210544225752904,0.0017189457498975767
SGVRPV,src-f,Stimulated,1.0,0.9431337245588639,confident binder,0.5210544225752904,0.0017189457498975767
LDVFTL,src-f,Stimulated,1.0,0.8036454850317266,confident binder,0.5210544225752904,0.0017189457498975767
KIQDLL,src-f,Stimulated,1.0,0.919478990570036,confident binder,0.5210544225752904,0.0017189457498975767
EFVLSE,src-f,Stimulated,1.0,0.6828031255037498,confident binder,0.5210544225752904,0.0017189457498975767
ELSAAK,src-f,Stimulated,1.0,0.7987291370466535,confident binder,0.5210544225752904,0.0017189457498975767
EEITSA,src-f,Stimulated,1.0,0.6351002479908372,confident binder,0.5210544225752904,0.0017189457498975767
RASDHD,src-f,Stimulated,0.0,0.05294205222099399,confident nonbinder,0.5210544225752904,0.0017189457498975767
QLEEYT,src-f,Stimulated,1.0,0.9603606250008121,confident binder,0.5210544225752904,0.0017189457498975767
LFEEEL,src-f,Stimulated,1.0,0.8587466860570823,confident binder,0.5210544225752904,0.0017189457498975767
SYWNAQ,src-f,Stimulated,1.0,0.9897824446130459,confident binder,0.5210544225752904,0.0017189457498975767
NDMTSP,src-f,Stimulated,0.0,0.11024370511423773,confident nonbinder,0.5210544225752904,0.0017189457498975767
LSVEEK,src-f,Stimulated,1.0,0.6208539205439796,confident binder,0.5210544225752904,0.0017189457498975767
ETFESA,src-f,Stimulated,0.0,0.4707248107616467,low-confidence,0.5210544225752904,0.0017189457498975767
SIEASS,src-f,Stimulated,0.0,0.27171428614749876,confident nonbinder,0.5210544225752904,0.0017189457498975767
TLRIPE,src-f,Stimulated,0.0,0.012570794534979949,confident nonbinder,0.5210544225752904,0.0017189457498975767
LVSNSS,src-f,Stimulated,1.0,0.7979806038592017,confident binder,0.5210544225752904,0.0017189457498975767
LMDNTS,src-f,Stimulated,1.0,0.7951517422825003,confident binder,0.5210544225752904,0.0017189457498975767
DACSEV,src-f,Stimulated,0.0,0.311428376983812,confident nonbinder,0.5210544225752904,0.0017189457498975767
NIIRHS,src-f,Stimulated,1.0,0.920725290039254,confident binder,0.5210544225752904,0.0017189457498975767
VDDDVP,src-f,Stimulated,1.0,0.6811408470757883,confident binder,0.5210544225752904,0.0017189457498975767
DGAPPD,src-f,Stimulated,0.0,0.2789090641378438,confident nonbinder,0.5210544225752904,0.0017189457498975767
PTQFSA,src-f,Stimulated,0.0,0.38511605084108114,confident nonbinder,0.5210544225752904,0.0017189457498975767
VDVQVD,src-f,Stimulated,1.0,0.8096400292647612,confident binder,0.5210544225752904,0.0017189457498975767
HEVAEV,src-f,Stimulated,0.0,0.5343057370490176,low-confidence,0.5210544225752904,0.0017189457498975767
ELKEFK,src-f,Stimulated,1.0,0.9059145229030771,confident binder,0.5210544225752904,0.0017189457498975767
ETEVEA,src-f,Stimulated,0.0,0.44116360445860303,low-confidence,0.5210544225752904,0.0017189457498975767
ASVEIV,src-f,Stimulated,1.0,0.8937270419106342,confident binder,0.5210544225752904,0.0017189457498975767
SNASTS,src-f,Stimulated,0.0,0.040296888163331775,confident nonbinder,0.5210544225752904,0.0017189457498975767
DQKLTE,src-f,Stimulated,0.0,0.036288266009970684,confident nonbinder,0.5210544225752904,0.0017189457498975767
EETEET,src-f,Stimulated,0.0,0.06118974619383765,confident nonbinder,0.5210544225752904,0.0017189457498975767
EAGLAM,src-f,Stimulated,0.0,0.29299734216272627,confident nonbinder,0.5210544225752904,0.0017189457498975767
RDQDDT,src-f,Stimulated,0.0,0.002879484154490303,confident nonbinder,0.5210544225752904,0.0017189457498975767
RIERPS,src-f,Stimulated,1.0,0.8446800328020841,confident binder,0.5210544225752904,0.0017189457498975767
NGETDN,src-f,Stimulated,0.0,0.08302460849333704,confident nonbinder,0.5210544225752904,0.0017189457498975767
TECVTG,src-f,Stimulated,0.0,0.2984979212435538,confident nonbinder,0.5210544225752904,0.0017189457498975767
IDQAGD,src-f,Stimulated,0.0,0.032117019902985704,confident nonbinder,0.5210544225752904,0.0017189457498975767
VSQLSP,src-f,Stimulated,0.0,0.15845670689432362,confident nonbinder,0.5210544225752904,0.0017189457498975767
PFSSST,src-f,Stimulated,0.0,0.12677564131951333,confident nonbinder,0.5210544225752904,0.0017189457498975767
QFEQVL,src-f,Stimulated,1.0,0.9675544026539444,confident binder,0.5210544225752904,0.0017189457498975767
EVDTPP,src-f,Stimulated,1.0,0.848576596769832,confident binder,0.5210544225752904,0.0017189457498975767
STNYSL,src-f,Stimulated,0.0,0.09136089358598733,confident nonbinder,0.5210544225752904,0.0017189457498975767
RAQHGG,src-f,Stimulated,0.0,0.00020552339421672672,confident nonbinder,0.5210544225752904,0.0017189457498975767
EVGDFE,src-f,Stimulated,0.0,0.40829934949361685,low-confidence,0.5210544225752904,0.0017189457498975767
SENWGG,src-f,Stimulated,1.0,0.7356924986494426,confident binder,0.5210544225752904,0.0017189457498975767
EEVIRK,src-f,Stimulated,1.0,0.551852563526106,low-confidence,0.5210544225752904,0.0017189457498975767
PVIDED,src-f,Stimulated,0.0,0.43692913501160224,low-confidence,0.5210544225752904,0.0017189457498975767
CEQQIS,src-f,Stimulated,1.0,0.9411994562467628,confident binder,0.5210544225752904,0.0017189457498975767
YTEDYA,src-f,Stimulated,1.0,0.9097789860856408,confident binder,0.5210544225752904,0.0017189457498975767
YNMNAV,src-f,Stimulated,1.0,0.8598592485649948,confident binder,0.5210544225752904,0.0017189457498975767
DEDPTI,src-f,Stimulated,0.0,0.03352614439236938,confident nonbinder,0.5210544225752904,0.0017189457498975767
VISQPS,src-f,Stimulated,1.0,0.7161262042915376,confident binder,0.5210544225752904,0.0017189457498975767
ADIEWL,src-f,Stimulated,1.0,0.9901896297447625,confident binder,0.5210544225752904,0.0017189457498975767
QVEEIA,src-f,Stimulated,1.0,0.9867881437710149,confident binder,0.5210544225752904,0.0017189457498975767
AQEDIA,src-f,Stimulated,1.0,0.9667868465254612,confident binder,0.5210544225752904,0.0017189457498975767
READSF,src-f,Stimulated,0.0,0.1970062062815459,confident nonbinder,0.5210544225752904,0.0017189457498975767
AIDYTK,src-f,Stimulated,0.0,0.5400427273865682,low-confidence,0.5210544225752904,0.0017189457498975767
PHSDHL,src-f,Stimulated,0.0,0.5,low-confidence,0.5210544225752904,0.0017189457498975767
LPQGHN,src-f,Stimulated,0.0,0.16646681204904987,confident nonbinder,0.5210544225752904,0.0017189457498975767
KVEVVN,src-f,Stimulated,1.0,0.953940319149542,confident binder,0.5210544225752904,0.0017189457498975767
LYNNAY,src-f,Stimulated,1.0,0.9082935438810286,confident binder,0.5210544225752904,0.0017189457498975767
ENVYIN,src-f,Stimulated,1.0,0.903777681266945,confident binder,0.5210544225752904,0.0017189457498975767
QKFELE,src-f,Stimulated,1.0,0.8602569406234972,confident binder,0.5210544225752904,0.0017189457498975767
PESSPS,src-f,Stimulated,0.0,0.28756969824953793,confident nonbinder,0.5210544225752904,0.0017189457498975767
EFDGLF,src-f,Stimulated,1.0,0.9381542661810435,confident binder,0.5210544225752904,0.0017189457498975767
WDEAHV,src-f,Stimulated,0.0,0.03177788010261132,confident nonbinder,0.5210544225752904,0.0017189457498975767
IVLKPS,src-f,Stimulated,1.0,0.8683561636172854,confident binder,0.5210544225752904,0.0017189457498975767
GVNNSR,src-f,Stimulated,0.0,0.5196177517635651,low-confidence,0.5210544225752904,0.0017189457498975767
IIQDVS,src-f,Stimulated,1.0,0.78358957182351,confident binder,0.5210544225752904,0.0017189457498975767
QAEDPG,src-f,Stimulated,0.0,0.5381921731969237,low-confidence,0.5210544225752904,0.0017189457498975767
PAGPSS,src-f,Stimulated,0.0,0.0021035014536192136,confident nonbinder,0.5210544225752904,0.0017189457498975767
STIEQS,src-f,Stimulated,0.0,0.4632623441818836,low-confidence,0.5210544225752904,0.0017189457498975767
EELSDI,src-f,Stimulated,0.0,0.31387012471447756,confident nonbinder,0.5210544225752904,0.0017189457498975767
QTQLSR,src-f,Stimulated,0.0,0.2627566252062533,confident nonbinder,0.5210544225752904,0.0017189457498975767
SVSSSR,src-f,Stimulated,0.0,0.2041914013476839,confident nonbinder,0.5210544225752904,0.0017189457498975767
DEQELN,src-f,Stimulated,1.0,0.8787583003923528,confident binder,0.5210544225752904,0.0017189457498975767
ELEIHK,src-f,Stimulated,1.0,0.9224956125690629,confident binder,0.5210544225752904,0.0017189457498975767
SLASLT,src-f,Stimulated,1.0,0.9042832249974192,confident binder,0.5210544225752904,0.0017189457498975767
DVVTTH,src-f,Stimulated,1.0,0.7530656230460834,confident binder,0.5210544225752904,0.0017189457498975767
PVKEIA,src-f,Stimulated,1.0,0.9561945385209698,confident binder,0.5210544225752904,0.0017189457498975767
PIENVN,src-f,Stimulated,,,1,0.5210544225752904,0.0017189457498975767
INQPPT,src-f,Stimulated,0.0,0.0979127770727434,confident nonbinder,0.5210544225752904,0.0017189457498975767
NHLEAE,src-f,Stimulated,1.0,0.8485663267843577,confident binder,0.5210544225752904,0.0017189457498975767
VALSNA,src-f,Stimulated,1.0,0.7034300915977557,confident binder,0.5210544225752904,0.0017189457498975767
LTSDPR,src-f,Stimulated,1.0,0.882419349278881,confident binder,0.5210544225752904,0.0017189457498975767
PISSDF,src-f,Stimulated,0.0,0.3574733643936688,confident nonbinder,0.5210544225752904,0.0017189457498975767
NDCEGY,src-f,Stimulated,0.0,0.38803515306946085,confident nonbinder,0.5210544225752904,0.0017189457498975767
EFNLVR,src-f,Stimulated,1.0,0.9219358147391009,confident binder,0.5210544225752904,0.0017189457498975767
LADIVQ,src-f,Stimulated,1.0,0.8990452763639543,confident binder,0.5210544225752904,0.0017189457498975767
QEVQTV,src-f,Stimulated,0.0,0.5503328025643499,low-confidence,0.5210544225752904,0.0017189457498975767
SISSPG,src-f,Stimulated,0.0,0.36872448409846514,confident nonbinder,0.5210544225752904,0.0017189457498975767
EELIEL,src-f,Stimulated,1.0,0.7170701687673393,confident binder,0.5210544225752904,0.0017189457498975767
LITNYE,src-f,Stimulated,1.0,0.961824303928475,confident binder,0.5210544225752904,0.0017189457498975767
LQITVS,src-f,Stimulated,1.0,0.9186729653017145,confident binder,0.5210544225752904,0.0017189457498975767
EEGKID,src-f,Stimulated,0.0,0.5279028775288798,low-confidence,0.5210544225752904,0.0017189457498975767
SISMYT,src-f,Stimulated,1.0,0.7667675700376007,confident binder,0.5210544225752904,0.0017189457498975767
RLSCLD,src-f,Stimulated,1.0,0.8911618226936807,confident binder,0.5210544225752904,0.0017189457498975767
WMGTVQ,src-f,Stimulated,0.0,0.03805727824625177,confident nonbinder,0.5210544225752904,0.0017189457498975767
SNDDAM,src-f,Stimulated,0.0,0.290350250526674,confident nonbinder,0.5210544225752904,0.0017189457498975767
DISFIK,src-f,Stimulated,1.0,0.9534219241122808,confident binder,0.5210544225752904,0.0017189457498975767
KSNPFD,src-f,Stimulated,0.0,0.0350651653048643,confident nonbinder,0.5210544225752904,0.0017189457498975767
SDAEPM,src-f,Stimulated,,,0,0.5210544225752904,0.0017189457498975767
ANEAVP,src-f,Stimulated,1.0,0.8412208947776516,confident binder,0.5210544225752904,0.0017189457498975767
QDSEHC,src-f,Stimulated,1.0,0.9883777403461582,confident binder,0.5210544225752904,0.0017189457498975767
YTSGLR,src-f,Stimulated,1.0,0.8317294983109795,confident binder,0.5210544225752904,0.0017189457498975767
MNDPDV,src-f,Stimulated,0.0,0.030625158100106707,confident nonbinder,0.5210544225752904,0.0017189457498975767
AVSVPG,src-f,Stimulated,1.0,0.7491408472470537,confident binder,0.5210544225752904,0.0017189457498975767
DKMTET,src-f,Stimulated,0.0,0.06128573043048012,confident nonbinder,0.5210544225752904,0.0017189457498975767
PSGNPS,src-f,Stimulated,0.0,0.30055089397430956,confident nonbinder,0.5210544225752904,0.0017189457498975767
LLSVVN,src-f,Stimulated,1.0,0.9495826709660408,confident binder,0.5210544225752904,0.0017189457498975767
PTKDAF,src-f,Stimulated,1.0,0.5508769768518057,low-confidence,0.5210544225752904,0.0017189457498975767
LQSTVD,src-f,Stimulated,1.0,0.8073068351076151,confident binder,0.5210544225752904,0.0017189457498975767
DPGRPP,src-f,Stimulated,0.0,0.2419924546193721,confident nonbinder,0.5210544225752904,0.0017189457498975767
AVDRPG,src-f,Stimulated,1.0,0.8683747082311876,confident binder,0.5210544225752904,0.0017189457498975767
EEDYED,src-f,Stimulated,0.0,0.02300639327390445,confident nonbinder,0.5210544225752904,0.0017189457498975767
DPATIT,src-f,Stimulated,1.0,0.9140760359507814,confident binder,0.5210544225752904,0.0017189457498975767
SEAAQD,src-f,Stimulated,0.0,0.12938873563187858,confident nonbinder,0.5210544225752904,0.0017189457498975767
LTDFIH,src-f,Stimulated,1.0,0.9673568678053491,confident binder,0.5210544225752904,0.0017189457498975767
PEAERP,src-f,Stimulated,0.0,0.20471341156800393,confident nonbinder,0.5210544225752904,0.0017189457498975767
HVCVDV,src-f,Stimulated,1.0,0.8102897260647417,confident binder,0.5210544225752904,0.0017189457498975767
TPELAK,src-f,Stimulated,1.0,0.757445946088455,confident binder,0.5210544225752904,0.0017189457498975767
KKSLTV,src-f,Stimulated,0.0,0.1441848338577374,confident nonbinder,0.5210544225752904,0.0017189457498975767
DMDLPK,src-f,Stimulated,1.0,0.9062121140394462,confident binder,0.5210544225752904,0.0017189457498975767
TLSFFS,src-f,Stimulated,1.0,0.8150363769536966,confident binder,0.5210544225752904,0.0017189457498975767
GPQNTI,src-f,Stimulated,0.0,0.4497037587696605,low-confidence,0.5210544225752904,0.0017189457498975767
DIDPFH,src-f,Stimulated,1.0,0.5735551345656471,low-confidence,0.5210544225752904,0.0017189457498975767
RVFQSP,src-f,Stimulated,0.0,0.16258580957350538,confident nonbinder,0.5210544225752904,0.0017189457498975767
DQVLMS,src-f,Stimulated,1.0,0.8637801890267617,confident binder,0.5210544225752904,0.0017189457498975767
SLSPTW,src-f,Stimulated,0.0,0.22092278059021575,confident nonbinder,0.5210544225752904,0.0017189457498975767
EFHVPT,src-f,Stimulated,1.0,0.8226368023289087,confident binder,0.5210544225752904,0.0017189457498975767
FQADGL,src-f,Stimulated,1.0,0.6880968103087443,confident binder,0.5210544225752904,0.0017189457498975767
EKKDLD,src-f,Stimulated,1.0,0.5795733027604257,low-confidence,0.5210544225752904,0.0017189457498975767
GTEDYV,src-f,Stimulated,1.0,0.805015381418991,confident binder,0.5210544225752904,0.0017189457498975767
GYMAGG,src-f,Stimulated,0.0,0.12589541623567346,confident nonbinder,0.5210544225752904,0.0017189457498975767
NILTLP,src-f,Stimulated,,,1,0.5210544225752904,0.0017189457498975767
QLEPEW,src-f,Stimulated,0.0,0.374560740596687,confident nonbinder,0.5210544225752904,0.0017189457498975767
AWMHGE,src-f,Stimulated,0.0,0.4082443757980781,low-confidence,0.5210544225752904,0.0017189457498975767
GKGQFS,src-f,Stimulated,,,0,0.5210544225752904,0.0017189457498975767
LRQKLP,src-f,Stimulated,1.0,0.8847845780385913,confident binder,0.5210544225752904,0.0017189457498975767
ENELIH,src-f,Stimulated,1.0,0.9599697726525068,confident binder,0.5210544225752904,0.0017189457498975767
LLELVK,src-f,Stimulated,1.0,0.9837333203572435,confident binder,0.5210544225752904,0.0017189457498975767
SPLSYR,src-f,Stimulated,1.0,0.8614909043463345,confident binder,0.5210544225752904,0.0017189457498975767
KPSPLA,src-f,Stimulated,1.0,0.5821228377618938,low-confidence,0.5210544225752904,0.0017189457498975767
ANTNLT,src-f,Stimulated,1.0,0.9576971700533164,confident binder,0.5210544225752904,0.0017189457498975767
DLDVLA,src-f,Stimulated,1.0,0.9829430619052052,confident binder,0.5210544225752904,0.0017189457498975767
DDVDDF,src-f,Stimulated,0.0,0.25266605231286676,confident nonbinder,0.5210544225752904,0.0017189457498975767
TSGTNE,src-f,Stimulated,0.0,0.005868140140341679,confident nonbinder,0.5210544225752904,0.0017189457498975767
ALAAVN,src-f,Stimulated,1.0,0.9313388251902451,confident binder,0.5210544225752904,0.0017189457498975767
YNSLPI,src-f,Stimulated,1.0,0.6856498295969673,confident binder,0.5210544225752904,0.0017189457498975767
YGGVQK,src-f,Stimulated,0.0,0.11919653742320366,confident nonbinder,0.5210544225752904,0.0017189457498975767
EDLNSL,src-f,Stimulated,1.0,0.8581425796102772,confident binder,0.5210544225752904,0.0017189457498975767
VDVVVD,src-f,Stimulated,1.0,0.8854167752218856,confident binder,0.5210544225752904,0.0017189457498975767
YGLSLP,src-f,Stimulated,1.0,0.9357507969267251,confident binder,0.5210544225752904,0.0017189457498975767
SANISN,src-f,Stimulated,0.0,0.03864464013303907,confident nonbinder,0.5210544225752904,0.0017189457498975767
YNGFVV,src-f,Stimulated,1.0,0.5760939509566271,low-confidence,0.5210544225752904,0.0017189457498975767
GPGESE,src-f,Stimulated,0.0,0.00865036020449154,confident nonbinder,0.5210544225752904,0.0017189457498975767
QLETIQ,src-f,Stimulated,1.0,0.9783664054418073,confident binder,0.5210544225752904,0.0017189457498975767
PVDELF,src-f,Stimulated,1.0,0.9747377383033978,confident binder,0.5210544225752904,0.0017189457498975767
VNCGLN,src-f,Stimulated,1.0,0.7123305073316869,confident binder,0.5210544225752904,0.0017189457498975767
QEEEEV,src-f,Stimulated,0.0,0.2873663351602528,confident nonbinder,0.5210544225752904,0.0017189457498975767
GMETME,src-f,Stimulated,1.0,0.9128955566337695,confident binder,0.5210544225752904,0.0017189457498975767
GQHTLQ,src-f,Stimulated,1.0,0.7298647618728973,confident binder,0.5210544225752904,0.0017189457498975767
NFESDD,src-f,Stimulated,0.0,0.12653125016941752,confident nonbinder,0.5210544225752904,0.0017189457498975767
DSSQSL,src-f,Stimulated,0.0,0.07155172404032066,confident nonbinder,0.5210544225752904,0.0017189457498975767
SNNSSA,src-f,Stimulated,0.0,0.013256212010383132,confident nonbinder,0.5210544225752904,0.0017189457498975767
GPGGGG,src-f,Stimulated,,,0,0.5210544225752904,0.0017189457498975767
RIEQLP,src-f,Stimulated,1.0,0.8619943222694701,confident binder,0.5210544225752904,0.0017189457498975767
KFDPSP,src-f,Stimulated,0.0,0.0355315296347116,confident nonbinder,0.5210544225752904,0.0017189457498975767
YLMEYH,src-f,Stimulated,1.0,0.915756496486844,confident binder,0.5210544225752904,0.0017189457498975767
KFEQYD,src-f,Stimulated,1.0,0.7968481954943644,confident binder,0.5210544225752904,0.0017189457498975767
KATVVG,src-f,Stimulated,1.0,0.6482931420612869,confident binder,0.5210544225752904,0.0017189457498975767
DCDIPR,src-f,Stimulated,1.0,0.9034117717239131,confident binder,0.5210544225752904,0.0017189457498975767
TSEEMK,src-f,Stimulated,1.0,0.939992181611929,confident binder,0.5210544225752904,0.0017189457498975767
PVQQPQ,src-f,Stimulated,1.0,0.765965184142029,confident binder,0.5210544225752904,0.0017189457498975767
EDGRDS,src-f,Stimulated,0.0,0.004237438335229413,confident nonbinder,0.5210544225752904,0.0017189457498975767
KETNWE,src-f,Stimulated,1.0,0.994313153903613,confident binder,0.5210544225752904,0.0017189457498975767
SEHSSD,src-f,Stimulated,0.0,0.01139620288583674,confident nonbinder,0.5210544225752904,0.0017189457498975767
RHGQSG,src-f,Stimulated,0.0,0.0012968936748016882,confident nonbinder,0.5210544225752904,0.0017189457498975767
VDFYRP,src-f,Stimulated,0.0,0.2768586981505744,confident nonbinder,0.5210544225752904,0.0017189457498975767
DNSNIR,src-f,Stimulated,1.0,0.9590992655193141,confident binder,0.5210544225752904,0.0017189457498975767
PDEDVS,src-f,Stimulated,1.0,0.7311629701065472,confident binder,0.5210544225752904,0.0017189457498975767
DGEPPV,src-f,Stimulated,0.0,0.5075155593805314,low-confidence,0.5210544225752904,0.0017189457498975767
SSTTTT,src-f,Stimulated,0.0,0.05252273460735893,confident nonbinder,0.5210544225752904,0.0017189457498975767
HLEEME,src-f,Stimulated,,,1,0.5210544225752904,0.0017189457498975767
TLSFFP,src-f,Stimulated,1.0,0.8334001049653865,confident binder,0.5210544225752904,0.0017189457498975767
VEFVAG,src-f,Stimulated,0.0,0.5172021617692567,low-confidence,0.5210544225752904,0.0017189457498975767
AISLAA,src-f,Stimulated,1.0,0.825793636433288,confident binder,0.5210544225752904,0.0017189457498975767
PTEEAK,src-f,Stimulated,1.0,0.7211873886130822,confident binder,0.5210544225752904,0.0017189457498975767
PLKEAT,src-f,Stimulated,1.0,0.622695906167064,confident binder,0.5210544225752904,0.0017189457498975767
PHDTLV,src-f,Stimulated,1.0,0.9567406080670413,confident binder,0.5210544225752904,0.0017189457498975767
DNSHFH,src-f,Stimulated,0.0,0.017677668616131896,confident nonbinder,0.5210544225752904,0.0017189457498975767
DAQNAE,src-f,Stimulated,1.0,0.6512329936864085,confident binder,0.5210544225752904,0.0017189457498975767
QRMELL,src-f,Stimulated,1.0,0.9631061305751031,confident binder,0.5210544225752904,0.0017189457498975767
HFTNPI,src-f,Stimulated,1.0,0.9733357467329389,confident binder,0.5210544225752904,0.0017189457498975767
KLTSAP,src-f,Stimulated,0.0,0.4588357293738003,low-confidence,0.5210544225752904,0.0017189457498975767
ELNRED,src-f,Stimulated,0.0,0.17447834908162754,confident nonbinder,0.5210544225752904,0.0017189457498975767
PKQINN,src-f,Stimulated,0.0,0.057803265983401346,confident nonbinder,0.5210544225752904,0.0017189457498975767
EVTEED,src-f,Stimulated,0.0,0.20884687991687845,confident nonbinder,0.5210544225752904,0.0017189457498975767
ATGVWA,src-f,Stimulated,1.0,0.9731517053722114,confident binder,0.5210544225752904,0.0017189457498975767
AEFVPL,src-f,Stimulated,1.0,0.9002936680864312,confident binder,0.5210544225752904,0.0017189457498975767
SQEVFR,src-f,Stimulated,1.0,0.875079928098943,confident binder,0.5210544225752904,0.0017189457498975767
EELSFR,src-f,Stimulated,1.0,0.9064104455315859,confident binder,0.5210544225752904,0.0017189457498975767
SELTPE,src-f,Stimulated,1.0,0.8619601695672398,confident binder,0.5210544225752904,0.0017189457498975767
VFGSAG,src-f,Stimulated,0.0,0.07768963522670923,confident nonbinder,0.5210544225752904,0.0017189457498975767
EDEQWL,src-f,Stimulated,1.0,0.9971295011175301,confident binder,0.5210544225752904,0.0017189457498975767
ENSHHT,src-f,Stimulated,0.0,0.0012293032961068634,confident nonbinder,0.5210544225752904,0.0017189457498975767
ELNSFH,src-f,Stimulated,1.0,0.7221691028920982,confident binder,0.5210544225752904,0.0017189457498975767
TISGAD,src-f,Stimulated,0.0,0.18353813745969577,confident nonbinder,0.5210544225752904,0.0017189457498975767
SETMCL,src-f,Stimulated,1.0,0.7617045764608473,confident binder,0.5210544225752904,0.0017189457498975767
THQSFL,src-f,Stimulated,1.0,0.7901191467583755,confident binder,0.5210544225752904,0.0017189457498975767
SLEGLE,src-f,Stimulated,1.0,0.9032407849987549,confident binder,0.5210544225752904,0.0017189457498975767
PLEAGD,src-f,Stimulated,0.0,0.37905317044660924,confident nonbinder,0.5210544225752904,0.0017189457498975767
IMCENF,src-f,Stimulated,1.0,0.78467229713038,confident binder,0.5210544225752904,0.0017189457498975767
HEDPIN,src-f,Stimulated,1.0,0.6602700377479227,confident binder,0.5210544225752904,0.0017189457498975767
CVETVV,src-f,Stimulated,1.0,0.9541880881415045,confident binder,0.5210544225752904,0.0017189457498975767
DEADSD,src-f,Stimulated,0.0,0.07347704095253141,confident nonbinder,0.5210544225752904,0.0017189457498975767
SDSTTS,src-f,Stimulated,0.0,0.028801449350999448,confident nonbinder,0.5210544225752904,0.0017189457498975767
IKEELQ,src-f,Stimulated,1.0,0.9156028069607798,confident binder,0.5210544225752904,0.0017189457498975767
QTAPAE,src-f,Stimulated,0.0,0.16940328874621366,confident nonbinder,0.5210544225752904,0.0017189457498975767
RAEDLE,src-f,Stimulated,1.0,0.7562759000215543,confident binder,0.5210544225752904,0.0017189457498975767
GIAVEN,src-f,Stimulated,0.0,0.47871918715156697,low-confidence,0.5210544225752904,0.0017189457498975767
RMTDIQ,src-f,Stimulated,,,0,0.5210544225752904,0.0017189457498975767
KINKIP,src-f,Stimulated,1.0,0.7165550875144076,confident binder,0.5210544225752904,0.0017189457498975767
LMAVRE,src-f,Stimulated,1.0,0.7871577946888197,confident binder,0.5210544225752904,0.0017189457498975767
DLLEPQ,src-f,Stimulated,1.0,0.9762455894817592,confident binder,0.5210544225752904,0.0017189457498975767
IFQQTL,src-f,Stimulated,1.0,0.5758010912933299,low-confidence,0.5210544225752904,0.0017189457498975767
SLNEDC,src-f,Stimulated,1.0,0.9687616893463303,confident binder,0.5210544225752904,0.0017189457498975767
VSKVPS,src-f,Stimulated,0.0,0.45345189128010194,low-confidence,0.5210544225752904,0.0017189457498975767
NDYKEK,src-f,Stimulated,0.0,0.12486408194370914,confident nonbinder,0.5210544225752904,0.0017189457498975767
DDFNYN,src-f,Stimulated,1.0,0.875232439920266,confident binder,0.5210544225752904,0.0017189457498975767
KNTEDI,src-f,Stimulated,0.0,0.05108560424737113,confident nonbinder,0.5210544225752904,0.0017189457498975767
PAIYDE,src-f,Stimulated,0.0,0.2290702777325734,confident nonbinder,0.5210544225752904,0.0017189457498975767
LRQNLE,src-f,Stimulated,1.0,0.9806521575964661,confident binder,0.5210544225752904,0.0017189457498975767
QEAATT,src-f,Stimulated,0.0,0.22609779323527426,confident nonbinder,0.5210544225752904,0.0017189457498975767
QRQEQG,src-f,Stimulated,0.0,0.0458305280765002,confident nonbinder,0.5210544225752904,0.0017189457498975767
ENEVGS,src-f,Stimulated,0.0,0.07321132189528892,confident nonbinder,0.5210544225752904,0.0017189457498975767
PLLEDD,src-f,Stimulated,1.0,0.6124662929435257,confident binder,0.5210544225752904,0.0017189457498975767
GTAVTY,src-f,Stimulated,0.0,0.469417335742696,low-confidence,0.5210544225752904,0.0017189457498975767
SDVSQS,src-f,Stimulated,0.0,0.09663875571872821,confident nonbinder,0.5210544225752904,0.0017189457498975767
FSSASG,src-f,Stimulated,0.0,0.11806895326924978,confident nonbinder,0.5210544225752904,0.0017189457498975767
LGDYKG,src-f,Stimulated,0.0,0.28681479931503584,confident nonbinder,0.5210544225752904,0.0017189457498975767
PVEKPF,src-f,Stimulated,1.0,0.9543764350016982,confident binder,0.5210544225752904,0.0017189457498975767
EKTISQ,src-f,Stimulated,0.0,0.05558871965303743,confident nonbinder,0.5210544225752904,0.0017189457498975767
LDGMMS,src-f,Stimulated,0.0,0.5394422234951163,low-confidence,0.5210544225752904,0.0017189457498975767
TIDYVR,src-f,Stimulated,1.0,0.9386787360627424,confident binder,0.5210544225752904,0.0017189457498975767
STDLPR,src-f,Stimulated,1.0,0.8106725842932454,confident binder,0.5210544225752904,0.0017189457498975767
NMEASK,src-f,Stimulated,1.0,0.5885184810884462,low-confidence,0.5210544225752904,0.0017189457498975767
NHCSSG,src-f,Stimulated,0.0,0.11413752660126557,confident nonbinder,0.5210544225752904,0.0017189457498975767
SDDPEN,src-f,Stimulated,0.0,0.003288563197640976,confident nonbinder,0.5210544225752904,0.0017189457498975767
TQSVDT,src-f,Stimulated,0.0,0.05543908735313581,confident nonbinder,0.5210544225752904,0.0017189457498975767
GDGQLH,src-f,Stimulated,0.0,0.4935280794466745,low-confidence,0.5210544225752904,0.0017189457498975767
KEQPHV,src-f,Stimulated,0.0,0.09063809991524595,confident nonbinder,0.5210544225752904,0.0017189457498975767
PLVLQT,src-f,Stimulated,1.0,0.8126376213943811,confident binder,0.5210544225752904,0.0017189457498975767
FNHILS,src-f,Stimulated,1.0,0.8962005660168111,confident binder,0.5210544225752904,0.0017189457498975767
DTSKPS,src-f,Stimulated,0.0,0.3772221544477177,confident nonbinder,0.5210544225752904,0.0017189457498975767
LDEDKF,src-f,Stimulated,1.0,0.7589434965202964,confident binder,0.5210544225752904,0.0017189457498975767
YIEKPL,src-f,Stimulated,1.0,0.9177459255149382,confident binder,0.5210544225752904,0.0017189457498975767
TEISTE,src-f,Stimulated,0.0,0.26343229561177844,confident nonbinder,0.5210544225752904,0.0017189457498975767
QTGAIH,src-f,Stimulated,1.0,0.7723712194165857,confident binder,0.5210544225752904,0.0017189457498975767
LFEDRH,src-f,Stimulated,1.0,0.747574763391781,confident binder,0.5210544225752904,0.0017189457498975767
ALDQHS,src-f,Stimulated,1.0,0.6753699966383188,confident binder,0.5210544225752904,0.0017189457498975767
ADAAMD,src-f,Stimulated,1.0,0.795715685735216,confident binder,0.5210544225752904,0.0017189457498975767
SAGPGL,src-f,Stimulated,0.0,0.01005142971709947,confident nonbinder,0.5210544225752904,0.0017189457498975767
DIEQMM,src-f,Stimulated,1.0,0.9586440130974418,confident binder,0.5210544225752904,0.0017189457498975767
QVDVEE,src-f,Stimulated,0.0,0.29321978890773664,confident nonbinder,0.5210544225752904,0.0017189457498975767
DNSVVV,src-f,Stimulated,1.0,0.8188146339130276,confident binder,0.5210544225752904,0.0017189457498975767
NHDFCL,src-f,Stimulated,1.0,0.840676903999814,confident binder,0.5210544225752904,0.0017189457498975767
DKMTIS,src-f,Stimulated,1.0,0.8722105841944842,confident binder,0.5210544225752904,0.0017189457498975767
APDACW,src-f,Stimulated,1.0,0.6438042145913151,confident binder,0.5210544225752904,0.0017189457498975767
RIALNE,src-f,Stimulated,0.0,0.2423108627871453,confident nonbinder,0.5210544225752904,0.0017189457498975767
DVAAGY,src-f,Stimulated,1.0,0.5734092858285357,low-confidence,0.5210544225752904,0.0017189457498975767
LLNNVS,src-f,Stimulated,1.0,0.9622272534862061,confident binder,0.5210544225752904,0.0017189457498975767
DTEDLK,src-f,Stimulated,1.0,0.9500066551301322,confident binder,0.5210544225752904,0.0017189457498975767
TGVTTA,src-f,Stimulated,1.0,0.6965290260152257,confident binder,0.5210544225752904,0.0017189457498975767
ATGYAL,src-f,Stimulated,0.0,0.26337346596630257,confident nonbinder,0.5210544225752904,0.0017189457498975767
GHEVLD,src-f,Stimulated,1.0,0.9574401324357639,confident binder,0.5210544225752904,0.0017189457498975767
AHEEQE,src-f,Stimulated,0.0,0.3928324936526055,confident nonbinder,0.5210544225752904,0.0017189457498975767
DDGQLK,src-f,Stimulated,1.0,0.5955115909137486,low-confidence,0.5210544225752904,0.0017189457498975767
ITDLPT,src-f,Stimulated,1.0,0.6842670728745299,confident binder,0.5210544225752904,0.0017189457498975767
EGFSQS,src-f,Stimulated,0.0,0.11253570060219267,confident nonbinder,0.5210544225752904,0.0017189457498975767
VSLFSH,src-f,Stimulated,1.0,0.6458071483912086,confident binder,0.5210544225752904,0.0017189457498975767
ATSALN,src-f,Stimulated,1.0,0.8836078740913623,confident binder,0.5210544225752904,0.0017189457498975767
PIDALS,src-f,Stimulated,1.0,0.9028886777803705,confident binder,0.5210544225752904,0.0017189457498975767
SVIESR,src-f,Stimulated,1.0,0.7925612158586723,confident binder,0.5210544225752904,0.0017189457498975767
ELVFNT,src-f,Stimulated,1.0,0.7384119490734603,confident binder,0.5210544225752904,0.0017189457498975767
VTDGVP,src-f,Stimulated,0.0,0.5386514352185906,low-confidence,0.5210544225752904,0.0017189457498975767
GPESYD,src-f,Stimulated,0.0,0.4530257363118606,low-confidence,0.5210544225752904,0.0017189457498975767
LLTTLR,src-f,Stimulated,1.0,0.9767210927924155,confident binder,0.5210544225752904,0.0017189457498975767
SESMYS,src-f,Stimulated,1.0,0.5889374685329334,low-confidence,0.5210544225752904,0.0017189457498975767
ALQDET,src-f,Stimulated,0.0,0.29203142307767405,confident nonbinder,0.5210544225752904,0.0017189457498975767
DPCVAC,src-f,Stimulated,1.0,0.9885258472982478,confident binder,0.5210544225752904,0.0017189457498975767
EESADV,src-f,Stimulated,0.0,0.07323777616572172,confident nonbinder,0.5210544225752904,0.0017189457498975767
EELHFG,src-f,Stimulated,0.0,0.019425782449495197,confident nonbinder,0.5210544225752904,0.0017189457498975767
SMETGS,src-f,Stimulated,0.0,0.2236402243804172,confident nonbinder,0.5210544225752904,0.0017189457498975767
ANIESP,src-f,Stimulated,0.0,0.30396510963706397,confident nonbinder,0.5210544225752904,0.0017189457498975767
LEFECS,src-f,Stimulated,1.0,0.7379585131373101,confident binder,0.5210544225752904,0.0017189457498975767
PPMEMK,src-f,Stimulated,1.0,0.9049905154331392,confident binder,0.5210544225752904,0.0017189457498975767
SSFVEW,src-f,Stimulated,0.0,0.364576258164737,confident nonbinder,0.5210544225752904,0.0017189457498975767
RRETLV,src-f,Stimulated,1.0,0.8997566470789993,confident binder,0.5210544225752904,0.0017189457498975767
AAEEVI,src-f,Stimulated,1.0,0.9326248836046733,confident binder,0.5210544225752904,0.0017189457498975767
PFHHPF,src-f,Stimulated,0.0,0.08891834143482602,confident nonbinder,0.5210544225752904,0.0017189457498975767
SYSDNP,src-f,Stimulated,0.0,0.0740241360858139,confident nonbinder,0.5210544225752904,0.0017189457498975767
DPYGND,src-f,Stimulated,0.0,0.014338467937262643,confident nonbinder,0.5210544225752904,0.0017189457498975767
SSDFLS,src-f,Stimulated,1.0,0.7925310560299964,confident binder,0.5210544225752904,0.0017189457498975767
DQKDDN,src-f,Stimulated,0.0,0.007099258782386029,confident nonbinder,0.5210544225752904,0.0017189457498975767
IFQQSL,src-f,Stimulated,1.0,0.5886332052464522,low-confidence,0.5210544225752904,0.0017189457498975767
EKSLEQ,src-f,Stimulated,0.0,0.030529524259207,confident nonbinder,0.5210544225752904,0.0017189457498975767
PSYNPA,src-f,Stimulated,1.0,0.9562294451366702,confident binder,0.5210544225752904,0.0017189457498975767
FELAPP,src-f,Stimulated,1.0,0.9594615692287398,confident binder,0.5210544225752904,0.0017189457498975767
SPENVC,src-f,Stimulated,1.0,0.99999335418765,confident binder,0.5210544225752904,0.0017189457498975767
SIDAIK,src-f,Stimulated,1.0,0.94911171417783,confident binder,0.5210544225752904,0.0017189457498975767
QPDVEI,src-f,Stimulated,0.0,0.27320729193914806,confident nonbinder,0.5210544225752904,0.0017189457498975767
KISFTD,src-f,Stimulated,0.0,0.20875152857043922,confident nonbinder,0.5210544225752904,0.0017189457498975767
DGELPS,src-f,Stimulated,1.0,0.7498418847556484,confident binder,0.5210544225752904,0.0017189457498975767
SLEPEG,src-f,Stimulated,0.0,0.042864613589119,confident nonbinder,0.5210544225752904,0.0017189457498975767
LVVLAE,src-f,Stimulated,1.0,0.8874963899117646,confident binder,0.5210544225752904,0.0017189457498975767
KVQPVS,src-f,Stimulated,0.0,0.533652304631179,low-confidence,0.5210544225752904,0.0017189457498975767
ADGDSL,src-f,Stimulated,0.0,0.02471725201388392,confident nonbinder,0.5210544225752904,0.0017189457498975767
FLEEVH,src-f,Stimulated,,,1,0.5210544225752904,0.0017189457498975767
NYSFIK,src-f,Stimulated,1.0,0.9779719103637667,confident binder,0.5210544225752904,0.0017189457498975767
LQATPV,src-f,Stimulated,1.0,0.9078287769381436,confident binder,0.5210544225752904,0.0017189457498975767
DTTMPS,src-f,Stimulated,1.0,0.7410296747621444,confident binder,0.5210544225752904,0.0017189457498975767
LIVGVE,src-f,Stimulated,1.0,0.8009147167351905,confident binder,0.5210544225752904,0.0017189457498975767
SMEPGS,src-f,Stimulated,0.0,0.0411499293358299,confident nonbinder,0.5210544225752904,0.0017189457498975767
QTAPSG,src-f,Stimulated,0.0,0.018556044908952605,confident nonbinder,0.5210544225752904,0.0017189457498975767
EKDPTI,src-f,Stimulated,0.0,0.02425428482599987,confident nonbinder,0.5210544225752904,0.0017189457498975767
PQSPVT,src-f,Stimulated,0.0,0.23499505405302745,confident nonbinder,0.5210544225752904,0.0017189457498975767
IVSDDV,src-f,Stimulated,0.0,0.4755149655669225,low-confidence,0.5210544225752904,0.0017189457498975767
HIQPVG,src-f,Stimulated,0.0,0.481620922854678,low-confidence,0.5210544225752904,0.0017189457498975767
EISQIQ,src-f,Stimulated,1.0,0.8846795488382434,confident binder,0.5210544225752904,0.0017189457498975767
DQATVN,src-f,Stimulated,1.0,0.8468961565668408,confident binder,0.5210544225752904,0.0017189457498975767
SLGYGS,src-f,Stimulated,0.0,0.04206880654675576,confident nonbinder,0.5210544225752904,0.0017189457498975767
NNSTPN,src-f,Stimulated,0.0,0.43016363330875373,low-confidence,0.5210544225752904,0.0017189457498975767
GLHNNN,src-f,Stimulated,1.0,0.5820327335181344,low-confidence,0.5210544225752904,0.0017189457498975767
VFSSCN,src-f,Stimulated,0.0,0.528847738682843,low-confidence,0.5210544225752904,0.0017189457498975767
GIEALE,src-f,Stimulated,1.0,0.9379472231882292,confident binder,0.5210544225752904,0.0017189457498975767
DGYPSG,src-f,Stimulated,0.0,0.009430386770170667,confident nonbinder,0.5210544225752904,0.0017189457498975767
AHSTGK,src-f,Stimulated,0.0,0.26594535477678555,confident nonbinder,0.5210544225752904,0.0017189457498975767
QTESMC,src-f,Stimulated,1.0,0.9963761902231201,confident binder,0.5210544225752904,0.0017189457498975767
VDLSGD,src-f,Stimulated,0.0,0.14479406608912596,confident nonbinder,0.5210544225752904,0.0017189457498975767
SYEALA,src-f,Stimulated,1.0,0.9840850146305838,confident binder,0.5210544225752904,0.0017189457498975767
TFGLLR,src-f,Stimulated,1.0,0.8972550918003832,confident binder,0.5210544225752904,0.0017189457498975767
DSSLAP,src-f,Stimulated,0.0,0.1760900608396583,confident nonbinder,0.5210544225752904,0.0017189457498975767
IDSDAP,src-f,Stimulated,0.0,0.1292291475484714,confident nonbinder,0.5210544225752904,0.0017189457498975767
SEDSEH,src-f,Stimulated,,,0,0.5210544225752904,0.0017189457498975767
ALESQL,src-f,Stimulated,1.0,0.8118652355335816,confident binder,0.5210544225752904,0.0017189457498975767
PASFPA,src-f,Stimulated,1.0,0.8305813582914923,confident binder,0.5210544225752904,0.0017189457498975767
QFHSVQ,src-f,Stimulated,1.0,0.8312233227627265,confident binder,0.5210544225752904,0.0017189457498975767
VTEPTE,src-f,Stimulated,0.0,0.053381079056393846,confident nonbinder,0.5210544225752904,0.0017189457498975767
SAGSVK,src-f,Stimulated,0.0,0.4240098586082733,low-confidence,0.5210544225752904,0.0017189457498975767
EEEGPN,src-f,Stimulated,0.0,0.3617510359737283,confident nonbinder,0.5210544225752904,0.0017189457498975767
LDSCMQ,src-f,Stimulated,1.0,0.8545897098941121,confident binder,0.5210544225752904,0.0017189457498975767
MDVEIN,src-f,Stimulated,1.0,0.9153763676798468,confident binder,0.5210544225752904,0.0017189457498975767
DPALDV,src-f,Stimulated,0.0,0.33915970532440154,confident nonbinder,0.5210544225752904,0.0017189457498975767
LFTHVT,src-f,Stimulated,0.0,0.1458971121959095,confident nonbinder,0.5210544225752904,0.0017189457498975767
PREATS,src-f,Stimulated,0.0,0.08645378614475369,confident nonbinder,0.5210544225752904,0.0017189457498975767
KQQGSG,src-f,Stimulated,0.0,0.0019494564458186793,confident nonbinder,0.5210544225752904,0.0017189457498975767
DATALL,src-f,Stimulated,1.0,0.9058825296638225,confident binder,0.5210544225752904,0.0017189457498975767
NELSSF,src-f,Stimulated,1.0,0.7248297731246942,confident binder,0.5210544225752904,0.0017189457498975767
SPSSVS,src-f,Stimulated,0.0,0.4739596576235331,low-confidence,0.5210544225752904,0.0017189457498975767
LPEELQ,src-f,Stimulated,1.0,0.9656528560056424,confident binder,0.5210544225752904,0.0017189457498975767
EIEYII,src-f,Stimulated,1.0,0.9477797529786508,confident binder,0.5210544225752904,0.0017189457498975767
EPANPT,src-f,Stimulated,1.0,0.9369384305604053,confident binder,0.5210544225752904,0.0017189457498975767
QDEEWK,src-f,Stimulated,1.0,0.9962469928014197,confident binder,0.5210544225752904,0.0017189457498975767
ESGNSR,src-f,Stimulated,0.0,0.07527042871394217,confident nonbinder,0.5210544225752904,0.0017189457498975767
ERDEDE,src-f,Stimulated,0.0,0.017560377073218884,confident nonbinder,0.5210544225752904,0.0017189457498975767
HLSNPI,src-f,Stimulated,1.0,0.9803001879174408,confident binder,0.5210544225752904,0.0017189457498975767
DIAEIP,src-f,Stimulated,1.0,0.9444315711001143,confident binder,0.5210544225752904,0.0017189457498975767
SVYTYE,src-f,Stimulated,1.0,0.8339425400539134,confident binder,0.5210544225752904,0.0017189457498975767
IDSAEE,src-f,Stimulated,,,0,0.5210544225752904,0.0017189457498975767
GSSYLE,src-f,Stimulated,,,1,0.5210544225752904,0.0017189457498975767
PVIQYS,src-f,Stimulated,1.0,0.8572756315664531,confident binder,0.5210544225752904,0.0017189457498975767
PPAPSH,src-f,Stimulated,0.0,0.04568540197117143,confident nonbinder,0.5210544225752904,0.0017189457498975767
SDQWDV,src-f,Stimulated,1.0,0.8737386588372098,confident binder,0.5210544225752904,0.0017189457498975767
SAGGLT,src-f,Stimulated,0.0,0.17759955022570986,confident nonbinder,0.5210544225752904,0.0017189457498975767
DGDVPK,src-f,Stimulated,1.0,0.8334690166827649,confident binder,0.5210544225752904,0.0017189457498975767
PIGLAV,src-f,Stimulated,0.0,0.4725889311912974,low-confidence,0.5210544225752904,0.0017189457498975767
TATVDV,src-f,Stimulated,0.0,0.511069425880517,low-confidence,0.5210544225752904,0.0017189457498975767
LHNEGL,src-f,Stimulated,0.0,0.3902566823255387,confident nonbinder,0.5210544225752904,0.0017189457498975767
VQAIGR,src-f,Stimulated,0.0,0.41310390071963166,low-confidence,0.5210544225752904,0.0017189457498975767
ADEESL,src-f,Stimulated,0.0,0.3856297548463683,confident nonbinder,0.5210544225752904,0.0017189457498975767
KGLPLP,src-f,Stimulated,1.0,0.7731493532275556,confident binder,0.5210544225752904,0.0017189457498975767
NLPENI,src-f,Stimulated,0.0,0.4109875263824261,low-confidence,0.5210544225752904,0.0017189457498975767
EDVPYV,src-f,Stimulated,0.0,0.5313134796512036,low-confidence,0.5210544225752904,0.0017189457498975767
PTLEPG,src-f,Stimulated,1.0,0.8324925901381293,confident binder,0.5210544225752904,0.0017189457498975767
FRESDF,src-f,Stimulated,1.0,0.5821511924729939,low-confidence,0.5210544225752904,0.0017189457498975767
TDGSWQ,src-f,Stimulated,1.0,0.9658843745951692,confident binder,0.5210544225752904,0.0017189457498975767
EESYKQ,src-f,Stimulated,0.0,0.11339959273050206,confident nonbinder,0.5210544225752904,0.0017189457498975767
GTQAFP,src-f,Stimulated,0.0,0.5281182409475448,low-confidence,0.5210544225752904,0.0017189457498975767
QLSSVC,src-f,Stimulated,1.0,0.9938840016609007,confident binder,0.5210544225752904,0.0017189457498975767
EPLASG,src-f,Stimulated,0.0,0.13706836080782914,confident nonbinder,0.5210544225752904,0.0017189457498975767
RGVPAT,src-f,Stimulated,0.0,0.08559384065224264,confident nonbinder,0.5210544225752904,0.0017189457498975767
SEASVQ,src-f,Stimulated,1.0,0.7772429102554111,confident binder,0.5210544225752904,0.0017189457498975767
QPQDIV,src-f,Stimulated,1.0,0.9190145043539192,confident binder,0.5210544225752904,0.0017189457498975767
NLQWGP,src-f,Stimulated,1.0,0.9797798966250503,confident binder,0.5210544225752904,0.0017189457498975767
ILSWGE,src-f,Stimulated,1.0,0.9603921866464226,confident binder,0.5210544225752904,0.0017189457498975767
TNQDSW,src-f,Stimulated,0.0,0.11444278297588473,confident nonbinder,0.5210544225752904,0.0017189457498975767
KIKEIE,src-f,Stimulated,1.0,0.8668666282348207,confident binder,0.5210544225752904,0.0017189457498975767
EEEDSS,src-f,Stimulated,0.0,0.06758900330406797,confident nonbinder,0.5210544225752904,0.0017189457498975767
SIGDLE,src-f,Stimulated,1.0,0.5944771246754919,low-confidence,0.5210544225752904,0.0017189457498975767
GCSDFL,src-f,Stimulated,1.0,0.6415602362782227,confident binder,0.5210544225752904,0.0017189457498975767
GYDQEI,src-f,Stimulated,0.0,0.21477528802909457,confident nonbinder,0.5210544225752904,0.0017189457498975767
EHWTPQ,src-f,Stimulated,1.0,0.9910432795474923,confident binder,0.5210544225752904,0.0017189457498975767
RNIVVD,src-f,Stimulated,1.0,0.7402394404384461,confident binder,0.5210544225752904,0.0017189457498975767
GTVPSS,src-f,Stimulated,0.0,0.0453737162655785,confident nonbinder,0.5210544225752904,0.0017189457498975767
GGTPDC,src-f,Stimulated,1.0,0.833701033214961,confident binder,0.5210544225752904,0.0017189457498975767
DLDQDD,src-f,Stimulated,0.0,0.06948563958138372,confident nonbinder,0.5210544225752904,0.0017189457498975767
PEELAP,src-f,Stimulated,0.0,0.5082972388466498,low-confidence,0.5210544225752904,0.0017189457498975767
TEEDEK,src-f,Stimulated,0.0,0.16090549260487755,confident nonbinder,0.5210544225752904,0.0017189457498975767
PRHELP,src-f,Stimulated,1.0,0.8035565060715759,confident binder,0.5210544225752904,0.0017189457498975767
DVLSPR,src-f,Stimulated,1.0,0.9676374101988353,confident binder,0.5210544225752904,0.0017189457498975767
ELSSQN,src-f,Stimulated,0.0,0.27303615548002924,confident nonbinder,0.5210544225752904,0.0017189457498975767
AEDELA,src-f,Stimulated,1.0,0.9741816166130691,confident binder,0.5210544225752904,0.0017189457498975767
EKGIPE,src-f,Stimulated,0.0,0.08100263418886341,confident nonbinder,0.5210544225752904,0.0017189457498975767
PEDLEE,src-f,Stimulated,0.0,0.05058915127988552,confident nonbinder,0.5210544225752904,0.0017189457498975767
VDFFQR,src-f,Stimulated,0.0,0.4627315156730449,low-confidence,0.5210544225752904,0.0017189457498975767
NLDAVR,src-f,Stimulated,1.0,0.9739929632137179,confident binder,0.5210544225752904,0.0017189457498975767
EEEQMV,src-f,Stimulated,1.0,0.9311866952476365,confident binder,0.5210544225752904,0.0017189457498975767
GTATVY,src-f,Stimulated,1.0,0.9108780611558028,confident binder,0.5210544225752904,0.0017189457498975767
PDLPED,src-f,Stimulated,0.0,0.02538561304429259,confident nonbinder,0.5210544225752904,0.0017189457498975767
IEFVNQ,src-f,Stimulated,0.0,0.37384114316338407,confident nonbinder,0.5210544225752904,0.0017189457498975767
PVSNIT,src-f,Stimulated,1.0,0.9649418519633273,confident binder,0.5210544225752904,0.0017189457498975767
PVVGHP,src-f,Stimulated,1.0,0.5590228950663646,low-confidence,0.5210544225752904,0.0017189457498975767
DTAWHK,src-f,Stimulated,1.0,0.9899414366434802,confident binder,0.5210544225752904,0.0017189457498975767
KINSPL,src-f,Stimulated,1.0,0.555110515546158,low-confidence,0.5210544225752904,0.0017189457498975767
SQSGSL,src-f,Stimulated,0.0,0.023575884028087586,confident nonbinder,0.5210544225752904,0.0017189457498975767
HDEVDI,src-f,Stimulated,0.0,0.25267793747122685,confident nonbinder,0.5210544225752904,0.0017189457498975767
DPMWEP,src-f,Stimulated,1.0,0.9020313717979997,confident binder,0.5210544225752904,0.0017189457498975767
GEQEPG,src-f,Stimulated,0.0,0.32065236061935903,confident nonbinder,0.5210544225752904,0.0017189457498975767
ESISTI,src-f,Stimulated,0.0,0.34317143393950655,confident nonbinder,0.5210544225752904,0.0017189457498975767
TLAVVE,src-f,Stimulated,1.0,0.9598135541317496,confident binder,0.5210544225752904,0.0017189457498975767
PCMDVI,src-f,Stimulated,1.0,0.8285679039147298,confident binder,0.5210544225752904,0.0017189457498975767
EDTGAT,src-f,Stimulated,0.0,0.04909303515075583,confident nonbinder,0.5210544225752904,0.0017189457498975767
KVTDVQ,src-f,Stimulated,1.0,0.8054850222901312,confident binder,0.5210544225752904,0.0017189457498975767
EDKDIQ,src-f,Stimulated,1.0,0.707028207481472,confident binder,0.5210544225752904,0.0017189457498975767
THSTLC,src-f,Stimulated,1.0,0.997291727200176,confident binder,0.5210544225752904,0.0017189457498975767
RDESLV,src-f,Stimulated,1.0,0.7722632706241671,confident binder,0.5210544225752904,0.0017189457498975767
STDLPG,src-f,Stimulated,0.0,0.3587511350315817,confident nonbinder,0.5210544225752904,0.0017189457498975767
DESTQS,src-f,Stimulated,0.0,0.06055547175511095,confident nonbinder,0.5210544225752904,0.0017189457498975767
LGQQPA,src-f,Stimulated,1.0,0.8927993913086032,confident binder,0.5210544225752904,0.0017189457498975767
ALAMEI,src-f,Stimulated,1.0,0.8851641163855624,confident binder,0.5210544225752904,0.0017189457498975767
AAEQSH,src-f,Stimulated,0.0,0.3283255826233365,confident nonbinder,0.5210544225752904,0.0017189457498975767
GGQDGG,src-f,Stimulated,0.0,0.018992796224825723,confident nonbinder,0.5210544225752904,0.0017189457498975767
QMSEIP,src-f,Stimulated,1.0,0.933818335327064,confident binder,0.5210544225752904,0.0017189457498975767
TFNPPS,src-f,Stimulated,0.0,0.24072847317174914,confident nonbinder,0.5210544225752904,0.0017189457498975767
DTLTHD,src-f,Stimulated,1.0,0.6904294997035616,confident binder,0.5210544225752904,0.0017189457498975767
QDYPEE,src-f,Stimulated,0.0,0.013156290449973858,confident nonbinder,0.5210544225752904,0.0017189457498975767
QEDNHI,src-f,Stimulated,1.0,0.840012312845511,confident binder,0.5210544225752904,0.0017189457498975767
PPTAIA,src-f,Stimulated,1.0,0.9237802487997528,confident binder,0.5210544225752904,0.0017189457498975767
EATIQG,src-f,Stimulated,0.0,0.13448546020642593,confident nonbinder,0.5210544225752904,0.0017189457498975767
YRESSS,src-f,Stimulated,0.0,0.058063125223466475,confident nonbinder,0.5210544225752904,0.0017189457498975767
DRISVG,src-f,Stimulated,1.0,0.7075988770918805,confident binder,0.5210544225752904,0.0017189457498975767
VDLEQF,src-f,Stimulated,1.0,0.8212705076692868,confident binder,0.5210544225752904,0.0017189457498975767
QTSSIL,src-f,Stimulated,1.0,0.9134055592830264,confident binder,0.5210544225752904,0.0017189457498975767
SVIDAR,src-f,Stimulated,1.0,0.8457643432279841,confident binder,0.5210544225752904,0.0017189457498975767
ASVQVI,src-f,Stimulated,1.0,0.8109955034821339,confident binder,0.5210544225752904,0.0017189457498975767
VEIERE,src-f,Stimulated,0.0,0.4926145374407115,low-confidence,0.5210544225752904,0.0017189457498975767
MIEESG,src-f,Stimulated,0.0,0.23348515011028675,confident nonbinder,0.5210544225752904,0.0017189457498975767
PLGLDG,src-f,Stimulated,0.0,0.052796959126464864,confident nonbinder,0.5210544225752904,0.0017189457498975767
EPNDLV,src-f,Stimulated,1.0,0.7704929925491794,confident binder,0.5210544225752904,0.0017189457498975767
IRQEVW,src-f,Stimulated,1.0,0.9069256552647046,confident binder,0.5210544225752904,0.0017189457498975767
VVQAME,src-f,Stimulated,1.0,0.8468951129550027,confident binder,0.5210544225752904,0.0017189457498975767
HIDDVD,src-f,Stimulated,1.0,0.8424308572419208,confident binder,0.5210544225752904,0.0017189457498975767
GEDVTV,src-f,Stimulated,,,0,0.5210544225752904,0.0017189457498975767
VSEFKF,src-f,Stimulated,1.0,0.7936738665838674,confident binder,0.5210544225752904,0.0017189457498975767
PHGVPF,src-f,Stimulated,1.0,0.6713683831713693,confident binder,0.5210544225752904,0.0017189457498975767
SQNAYN,src-f,Stimulated,0.0,0.18894964943085363,confident nonbinder,0.5210544225752904,0.0017189457498975767
DPAWLE,src-f,Stimulated,1.0,0.9946666546049755,confident binder,0.5210544225752904,0.0017189457498975767
QLLDDV,src-f,Stimulated,1.0,0.7802383513992662,confident binder,0.5210544225752904,0.0017189457498975767
AIVPAD,src-f,Stimulated,0.0,0.45150186737888226,low-confidence,0.5210544225752904,0.0017189457498975767
KIEDGD,src-f,Stimulated,0.0,0.13940306236002628,confident nonbinder,0.5210544225752904,0.0017189457498975767
VHQTPL,src-f,Stimulated,1.0,0.8559926754603037,confident binder,0.5210544225752904,0.0017189457498975767
YPSLSE,src-f,Stimulated,0.0,0.10160783168928446,confident nonbinder,0.5210544225752904,0.0017189457498975767
ENGVVS,src-f,Stimulated,0.0,0.2824552162229622,confident nonbinder,0.5210544225752904,0.0017189457498975767
DDVHIS,src-f,Stimulated,0.0,0.061133906381862946,confident nonbinder,0.5210544225752904,0.0017189457498975767
ALEDGA,src-f,Stimulated,1.0,0.7576753809770159,confident binder,0.5210544225752904,0.0017189457498975767
LDSTPT,src-f,Stimulated,1.0,0.6166547627046212,confident binder,0.5210544225752904,0.0017189457498975767
QLQPGA,src-f,Stimulated,0.0,0.27727505602845515,confident nonbinder,0.5210544225752904,0.0017189457498975767
SMLLSD,src-f,Stimulated,1.0,0.5875465851122191,low-confidence,0.5210544225752904,0.0017189457498975767
GEQTHQ,src-f,Stimulated,0.0,0.1853096640460433,confident nonbinder,0.5210544225752904,0.0017189457498975767
ILDHQR,src-f,Stimulated,0.0,0.01414468407054513,confident nonbinder,0.5210544225752904,0.0017189457498975767
QSDYGG,src-f,Stimulated,0.0,0.013406648250319406,confident nonbinder,0.5210544225752904,0.0017189457498975767
FDQGKT,src-f,Stimulated,0.0,0.18325958364437747,confident nonbinder,0.5210544225752904,0.0017189457498975767
GEETPG,src-f,Stimulated,0.0,0.4308225589730728,low-confidence,0.5210544225752904,0.0017189457498975767
GNSGYD,src-f,Stimulated,0.0,0.07839767575445923,confident nonbinder,0.5210544225752904,0.0017189457498975767
EDNSVD,src-f,Stimulated,0.0,0.2870100832061875,confident nonbinder,0.5210544225752904,0.0017189457498975767
TSVEEE,src-f,Stimulated,0.0,0.17996904408564368,confident nonbinder,0.5210544225752904,0.0017189457498975767
PDAGHQ,src-f,Stimulated,0.0,0.07957963818808104,confident nonbinder,0.5210544225752904,0.0017189457498975767
ETTEED,src-f,Stimulated,0.0,0.05961706264806265,confident nonbinder,0.5210544225752904,0.0017189457498975767
ATSPPM,src-f,Stimulated,0.0,0.5196896294946489,low-confidence,0.5210544225752904,0.0017189457498975767
GTGILS,src-f,Stimulated,0.0,0.46257605699190374,low-confidence,0.5210544225752904,0.0017189457498975767
EVTDHG,src-f,Stimulated,0.0,0.3506819307041741,confident nonbinder,0.5210544225752904,0.0017189457498975767
DIDPTY,src-f,Stimulated,0.0,0.10874825539903013,confident nonbinder,0.5210544225752904,0.0017189457498975767
GLEYLR,src-f,Stimulated,1.0,0.9792354708095173,confident binder,0.5210544225752904,0.0017189457498975767
DESNPA,src-f,Stimulated,1.0,0.9404695715911062,confident binder,0.5210544225752904,0.0017189457498975767
PEGPHA,src-f,Stimulated,0.0,0.0242648668708361,confident nonbinder,0.5210544225752904,0.0017189457498975767
EARLSL,src-f,Stimulated,0.0,0.0038859154836958414,confident nonbinder,0.5210544225752904,0.0017189457498975767
PTREPV,src-f,Stimulated,0.0,0.0039134640348740405,confident nonbinder,0.5210544225752904,0.0017189457498975767
ATMDQA,src-f,Stimulated,1.0,0.5773195053141471,low-confidence,0.5210544225752904,0.0017189457498975767
VDSSVP,src-f,Stimulated,0.0,0.5441473215030945,low-confidence,0.5210544225752904,0.0017189457498975767
PVGMNR,src-f,Stimulated,0.0,0.18258249678341537,confident nonbinder,0.5210544225752904,0.0017189457498975767
VIAQLD,src-f,Stimulated,1.0,0.8787547890301092,confident binder,0.5210544225752904,0.0017189457498975767
PLGDTS,src-f,Stimulated,0.0,0.05216242498652827,confident nonbinder,0.5210544225752904,0.0017189457498975767
LCVALD,src-f,Stimulated,1.0,0.9276661112309319,confident binder,0.5210544225752904,0.0017189457498975767
LSSTSQ,src-f,Stimulated,0.0,0.10532204468259701,confident nonbinder,0.5210544225752904,0.0017189457498975767
RFQQVT,src-f,Stimulated,1.0,0.7252476786370867,confident binder,0.5210544225752904,0.0017189457498975767
STQGER,src-f,Stimulated,0.0,0.022645961630789965,confident nonbinder,0.5210544225752904,0.0017189457498975767
LWSSKR,src-f,Stimulated,1.0,0.9764950688504109,confident binder,0.5210544225752904,0.0017189457498975767
QKSVAD,src-f,Stimulated,0.0,0.1860418426076747,confident nonbinder,0.5210544225752904,0.0017189457498975767
AGDYSQ,src-f,Stimulated,0.0,0.0834371990450636,confident nonbinder,0.5210544225752904,0.0017189457498975767
LDCGGS,src-f,Stimulated,0.0,0.09497079922028798,confident nonbinder,0.5210544225752904,0.0017189457498975767
PPQGAD,src-f,Stimulated,0.0,0.03975316952485399,confident nonbinder,0.5210544225752904,0.0017189457498975767
KEQDAF,src-f,Stimulated,0.0,0.5113315731828287,low-confidence,0.5210544225752904,0.0017189457498975767
EVDLIR,src-f,Stimulated,1.0,0.9782779008712986,confident binder,0.5210544225752904,0.0017189457498975767
LIESDR,src-f,Stimulated,0.0,0.5283975772447929,low-confidence,0.5210544225752904,0.0017189457498975767
NSSLDD,src-f,Stimulated,0.0,0.02245416655326916,confident nonbinder,0.5210544225752904,0.0017189457498975767
GGELGD,src-f,Stimulated,0.0,0.10315045168315745,confident nonbinder,0.5210544225752904,0.0017189457498975767
NVQVQT,src-f,Stimulated,1.0,0.5802334969035652,low-confidence,0.5210544225752904,0.0017189457498975767
DVENLH,src-f,Stimulated,1.0,0.9919172431240959,confident binder,0.5210544225752904,0.0017189457498975767
GIDTLK,src-f,Stimulated,1.0,0.9541252923346938,confident binder,0.5210544225752904,0.0017189457498975767
KEQEIE,src-f,Stimulated,1.0,0.826798387003525,confident binder,0.5210544225752904,0.0017189457498975767
AAESDI,src-f,Stimulated,0.0,0.25444807796135044,confident nonbinder,0.5210544225752904,0.0017189457498975767
QNDDNF,src-f,Stimulated,0.0,0.15245520765776688,confident nonbinder,0.5210544225752904,0.0017189457498975767
SHSTAG,src-f,Stimulated,0.0,0.12453013659023036,confident nonbinder,0.5210544225752904,0.0017189457498975767
GAASQD,src-f,Stimulated,,,0,0.5210544225752904,0.0017189457498975767
ATEAGA,src-f,Stimulated,0.0,0.45335909834141835,low-confidence,0.5210544225752904,0.0017189457498975767
ITQIAK,src-f,Stimulated,1.0,0.6618542366526179,confident binder,0.5210544225752904,0.0017189457498975767
MDEDDR,src-f,Stimulated,0.0,0.039758357635023577,confident nonbinder,0.5210544225752904,0.0017189457498975767
EVEGVW,src-f,Stimulated,1.0,0.9278944027473677,confident binder,0.5210544225752904,0.0017189457498975767
LDEQLR,src-f,Stimulated,1.0,0.9714355571939323,confident binder,0.5210544225752904,0.0017189457498975767
ELMEQK,src-f,Stimulated,1.0,0.8471412938649192,confident binder,0.5210544225752904,0.0017189457498975767
GDINAN,src-f,Stimulated,1.0,0.8147136250238682,confident binder,0.5210544225752904,0.0017189457498975767
AHAVQA,src-f,Stimulated,1.0,0.8176678504037392,confident binder,0.5210544225752904,0.0017189457498975767
VEKPVS,src-f,Stimulated,0.0,0.32762560065694035,confident nonbinder,0.5210544225752904,0.0017189457498975767
KGTLIP,src-f,Stimulated,1.0,0.888793150936855,confident binder,0.5210544225752904,0.0017189457498975767
SKAALS,src-f,Stimulated,1.0,0.8411685230540988,confident binder,0.5210544225752904,0.0017189457498975767
MIQDEV,src-f,Stimulated,0.0,0.3955198123412991,confident nonbinder,0.5210544225752904,0.0017189457498975767
DEEDEC,src-f,Stimulated,1.0,0.9724617292429151,confident binder,0.5210544225752904,0.0017189457498975767
DNTLVS,src-f,Stimulated,1.0,0.7108390599813442,confident binder,0.5210544225752904,0.0017189457498975767
SESVHS,src-f,Stimulated,0.0,0.22075918386589297,confident nonbinder,0.5210544225752904,0.0017189457498975767
EDAAIR,src-f,Stimulated,1.0,0.9593131822874834,confident binder,0.5210544225752904,0.0017189457498975767
TLMSHR,src-f,Stimulated,1.0,0.8590777378949744,confident binder,0.5210544225752904,0.0017189457498975767
SLFTPI,src-f,Stimulated,,,1,0.5210544225752904,0.0017189457498975767
ALSQVQ,src-f,Stimulated,1.0,0.8806524949375122,confident binder,0.5210544225752904,0.0017189457498975767
SSGVPA,src-f,Stimulated,0.0,0.27586848425242794,confident nonbinder,0.5210544225752904,0.0017189457498975767
EVELLD,src-f,Stimulated,1.0,0.9735547704278955,confident binder,0.5210544225752904,0.0017189457498975767
VAELLG,src-f,Stimulated,1.0,0.8722660901222106,confident binder,0.5210544225752904,0.0017189457498975767
YSETST,src-f,Stimulated,0.0,0.11525050030854533,confident nonbinder,0.5210544225752904,0.0017189457498975767
FEEYAM,src-f,Stimulated,1.0,0.923309041862426,confident binder,0.5210544225752904,0.0017189457498975767
QEESID,src-f,Stimulated,1.0,0.896968412989891,confident binder,0.5210544225752904,0.0017189457498975767
RNWLLQ,src-f,Stimulated,1.0,0.9717256083730661,confident binder,0.5210544225752904,0.0017189457498975767
IVSSLC,src-f,Stimulated,1.0,0.9722517070532546,confident binder,0.5210544225752904,0.0017189457498975767
PEQWID,src-f,Stimulated,1.0,0.9915920231956384,confident binder,0.5210544225752904,0.0017189457498975767
GCISSG,src-f,Stimulated,0.0,0.15144744647136807,confident nonbinder,0.5210544225752904,0.0017189457498975767
SKELQQ,src-f,Stimulated,0.0,0.11098071602880044,confident nonbinder,0.5210544225752904,0.0017189457498975767
RDDVDH,src-f,Stimulated,0.0,0.01465002542206663,confident nonbinder,0.5210544225752904,0.0017189457498975767
NRKNIL,src-f,Stimulated,1.0,0.9835831583956122,confident binder,0.5210544225752904,0.0017189457498975767
TMTTSS,src-f,Stimulated,0.0,0.26609742721373913,confident nonbinder,0.5210544225752904,0.0017189457498975767
SVNFEG,src-f,Stimulated,0.0,0.07735968296780446,confident nonbinder,0.5210544225752904,0.0017189457498975767
KVQETS,src-f,Stimulated,0.0,0.2282548543800459,confident nonbinder,0.5210544225752904,0.0017189457498975767
SKDEIF,src-f,Stimulated,1.0,0.9594621482701274,confident binder,0.5210544225752904,0.0017189457498975767
ALCNAF,src-f,Stimulated,1.0,0.9633724275931638,confident binder,0.5210544225752904,0.0017189457498975767
GTEDFV,src-f,Stimulated,1.0,0.7868737260146688,confident binder,0.5210544225752904,0.0017189457498975767
PMQQMA,src-f,Stimulated,1.0,0.9148443097965862,confident binder,0.5210544225752904,0.0017189457498975767
NDVEQD,src-f,Stimulated,0.0,0.2816980577406518,confident nonbinder,0.5210544225752904,0.0017189457498975767
NDMQPE,src-f,Stimulated,1.0,0.5584606343785316,low-confidence,0.5210544225752904,0.0017189457498975767
QDEEKT,src-f,Stimulated,0.0,0.24691843652841564,confident nonbinder,0.5210544225752904,0.0017189457498975767
RVAPAS,src-f,Stimulated,0.0,0.1463352847169565,confident nonbinder,0.5210544225752904,0.0017189457498975767
EDMTDL,src-f,Stimulated,0.0,0.17789204563242483,confident nonbinder,0.5210544225752904,0.0017189457498975767
RDVAPT,src-f,Stimulated,0.0,0.37948616414140407,confident nonbinder,0.5210544225752904,0.0017189457498975767
ENVSDG,src-f,Stimulated,0.0,0.013493266445498964,confident nonbinder,0.5210544225752904,0.0017189457498975767
ETDSPA,src-f,Stimulated,1.0,0.7149645050402739,confident binder,0.5210544225752904,0.0017189457498975767
VEAVTQ,src-f,Stimulated,0.0,0.421497791602343,low-confidence,0.5210544225752904,0.0017189457498975767
PDEPVE,src-f,Stimulated,0.0,0.3737617041557011,confident nonbinder,0.5210544225752904,0.0017189457498975767
SLELQR,src-f,Stimulated,1.0,0.8154608996740389,confident binder,0.5210544225752904,0.0017189457498975767
HEMATE,src-f,Stimulated,0.0,0.17623946257405781,confident nonbinder,0.5210544225752904,0.0017189457498975767
EHDYHQ,src-f,Stimulated,0.0,0.2716974888707421,confident nonbinder,0.5210544225752904,0.0017189457498975767
GLSSHG,src-f,Stimulated,0.0,0.20975987135464602,confident nonbinder,0.5210544225752904,0.0017189457498975767
TRQTFV,src-f,Stimulated,1.0,0.7730727376866754,confident binder,0.5210544225752904,0.0017189457498975767
DAKTED,src-f,Stimulated,,,0,0.5210544225752904,0.0017189457498975767
PVAAQQ,src-f,Stimulated,1.0,0.557861354030921,low-confidence,0.5210544225752904,0.0017189457498975767
PPHLLQ,src-f,Stimulated,1.0,0.8059106851296056,confident binder,0.5210544225752904,0.0017189457498975767
QEVASA,src-f,Stimulated,1.0,0.5850459817306551,low-confidence,0.5210544225752904,0.0017189457498975767
NFSNLI,src-f,Stimulated,1.0,0.9824910876618069,confident binder,0.5210544225752904,0.0017189457498975767
REFTFP,src-f,Stimulated,,,1,0.5210544225752904,0.0017189457498975767
NGDDSE,src-f,Stimulated,0.0,0.06426399059363798,confident nonbinder,0.5210544225752904,0.0017189457498975767
SISQIQ,src-f,Stimulated,1.0,0.8442725339402709,confident binder,0.5210544225752904,0.0017189457498975767
EVTSGG,src-f,Stimulated,0.0,0.06643487714083145,confident nonbinder,0.5210544225752904,0.0017189457498975767
DNSPSM,src-f,Stimulated,0.0,0.015100349389955584,confident nonbinder,0.5210544225752904,0.0017189457498975767
IVGQPQ,src-f,Stimulated,0.0,0.33867119704145043,confident nonbinder,0.5210544225752904,0.0017189457498975767
SAEVIK,src-f,Stimulated,,,1,0.5210544225752904,0.0017189457498975767
MNEGSP,src-f,Stimulated,,,0,0.5210544225752904,0.0017189457498975767
ENGLPQ,src-f,Stimulated,0.0,0.08056037807772945,confident nonbinder,0.5210544225752904,0.0017189457498975767
KMQEIS,src-f,Stimulated,1.0,0.9082025945445021,confident binder,0.5210544225752904,0.0017189457498975767
EQDQVL,src-f,Stimulated,1.0,0.8577851705798383,confident binder,0.5210544225752904,0.0017189457498975767
DEVHDF,src-f,Stimulated,0.0,0.008697814717027737,confident nonbinder,0.5210544225752904,0.0017189457498975767
PTTNLN,src-f,Stimulated,1.0,0.9691274229539594,confident binder,0.5210544225752904,0.0017189457498975767
ELSQLP,src-f,Stimulated,1.0,0.9252014435873516,confident binder,0.5210544225752904,0.0017189457498975767
GQASSR,src-f,Stimulated,0.0,0.09660805810909916,confident nonbinder,0.5210544225752904,0.0017189457498975767
EVDVPP,src-f,Stimulated,1.0,0.8825278081915212,confident binder,0.5210544225752904,0.0017189457498975767
SVDLLP,src-f,Stimulated,1.0,0.9328398896428394,confident binder,0.5210544225752904,0.0017189457498975767
KHDLLS,src-f,Stimulated,1.0,0.8861710190279402,confident binder,0.5210544225752904,0.0017189457498975767
LEGQGH,src-f,Stimulated,0.0,0.042517982918248605,confident nonbinder,0.5210544225752904,0.0017189457498975767
ELNEFP,src-f,Stimulated,1.0,0.7588988784956151,confident binder,0.5210544225752904,0.0017189457498975767
EDNEIF,src-f,Stimulated,1.0,0.9271036284369931,confident binder,0.5210544225752904,0.0017189457498975767
QQEAIS,src-f,Stimulated,1.0,0.9245328898786883,confident binder,0.5210544225752904,0.0017189457498975767
KNDYSE,src-f,Stimulated,0.0,0.012810487719504732,confident nonbinder,0.5210544225752904,0.0017189457498975767
KEIPTV,src-f,Stimulated,0.0,0.19493204255105537,confident nonbinder,0.5210544225752904,0.0017189457498975767
GTGTVF,src-f,Stimulated,1.0,0.6358711003706145,confident binder,0.5210544225752904,0.0017189457498975767
NLWIQK,src-f,Stimulated,1.0,0.9641773358122089,confident binder,0.5210544225752904,0.0017189457498975767
SLSFPE,src-f,Stimulated,1.0,0.8503826718399071,confident binder,0.5210544225752904,0.0017189457498975767
DPNGPG,src-f,Stimulated,0.0,0.022322922590604498,confident nonbinder,0.5210544225752904,0.0017189457498975767
ESQGEE,src-f,Stimulated,0.0,0.00463297790642123,confident nonbinder,0.5210544225752904,0.0017189457498975767
DDYEES,src-f,Stimulated,0.0,0.045735224310371914,confident nonbinder,0.5210544225752904,0.0017189457498975767
SPQELQ,src-f,Stimulated,1.0,0.8426036532617772,confident binder,0.5210544225752904,0.0017189457498975767
EWDAEI,src-f,Stimulated,1.0,0.9322566739124636,confident binder,0.5210544225752904,0.0017189457498975767
AHSSLV,src-f,Stimulated,1.0,0.8966582615098802,confident binder,0.5210544225752904,0.0017189457498975767
SGLHLL,src-f,Stimulated,0.0,0.13949522541228068,confident nonbinder,0.5210544225752904,0.0017189457498975767
AAVLEQ,src-f,Stimulated,0.0,0.5347129376693189,low-confidence,0.5210544225752904,0.0017189457498975767
NVRDPS,src-f,Stimulated,0.0,0.004098675072815263,confident nonbinder,0.5210544225752904,0.0017189457498975767
HNHKFD,src-f,Stimulated,0.0,0.31442470250143384,confident nonbinder,0.5210544225752904,0.0017189457498975767
SPTTST,src-f,Stimulated,0.0,0.04974689071974089,confident nonbinder,0.5210544225752904,0.0017189457498975767
DDSSST,src-f,Stimulated,0.0,0.011996051449924357,confident nonbinder,0.5210544225752904,0.0017189457498975767
IAAMQM,src-f,Stimulated,1.0,0.8382091726505587,confident binder,0.5210544225752904,0.0017189457498975767
EKAFVN,src-f,Stimulated,1.0,0.8923146035536433,confident binder,0.5210544225752904,0.0017189457498975767
SVGEWV,src-f,Stimulated,1.0,0.9728810484545493,confident binder,0.5210544225752904,0.0017189457498975767
NTQQVQ,src-f,Stimulated,1.0,0.7972154125475166,confident binder,0.5210544225752904,0.0017189457498975767
GEVPVE,src-f,Stimulated,1.0,0.5879649879972599,low-confidence,0.5210544225752904,0.0017189457498975767
DQAAVT,src-f,Stimulated,1.0,0.8057796495542019,confident binder,0.5210544225752904,0.0017189457498975767
QVQDLE,src-f,Stimulated,1.0,0.9239384074722717,confident binder,0.5210544225752904,0.0017189457498975767
QIGLEN,src-f,Stimulated,0.0,0.07465288784207728,confident nonbinder,0.5210544225752904,0.0017189457498975767
GNSLSS,src-f,Stimulated,0.0,0.0245895060875963,confident nonbinder,0.5210544225752904,0.0017189457498975767
EQESTI,src-f,Stimulated,0.0,0.1433954198287421,confident nonbinder,0.5210544225752904,0.0017189457498975767
EQAKLE,src-f,Stimulated,1.0,0.8396614286361304,confident binder,0.5210544225752904,0.0017189457498975767
SLAQQR,src-f,Stimulated,1.0,0.7856080536078633,confident binder,0.5210544225752904,0.0017189457498975767
ENVPVQ,src-f,Stimulated,0.0,0.5335370475915548,low-confidence,0.5210544225752904,0.0017189457498975767
NGISAA,src-f,Stimulated,1.0,0.8161208479157696,confident binder,0.5210544225752904,0.0017189457498975767
NVNPSH,src-f,Stimulated,0.0,0.059234799870089686,confident nonbinder,0.5210544225752904,0.0017189457498975767
SLYNNA,src-f,Stimulated,1.0,0.902224007133539,confident binder,0.5210544225752904,0.0017189457498975767
VETVNK,src-f,Stimulated,0.0,0.3590825788642288,confident nonbinder,0.5210544225752904,0.0017189457498975767
DSESCD,src-f,Stimulated,0.0,0.1963682887425673,confident nonbinder,0.5210544225752904,0.0017189457498975767
EDEGAP,src-f,Stimulated,0.0,0.07545066810719792,confident nonbinder,0.5210544225752904,0.0017189457498975767
ILEHQL,src-f,Stimulated,0.0,0.12212111892625806,confident nonbinder,0.5210544225752904,0.0017189457498975767
SFEPHQ,src-f,Stimulated,0.0,0.2908860723692757,confident nonbinder,0.5210544225752904,0.0017189457498975767
EPGLED,src-f,Stimulated,0.0,0.0061210545152988365,confident nonbinder,0.5210544225752904,0.0017189457498975767
STHDFD,src-f,Stimulated,0.0,0.43977558660830707,low-confidence,0.5210544225752904,0.0017189457498975767
SRVTLT,src-f,Stimulated,1.0,0.9216892795425433,confident binder,0.5210544225752904,0.0017189457498975767
DVSDND,src-f,Stimulated,0.0,0.0877910310715649,confident nonbinder,0.5210544225752904,0.0017189457498975767
SDHTLP,src-f,Stimulated,1.0,0.7207243784104155,confident binder,0.5210544225752904,0.0017189457498975767
QLAAQA,src-f,Stimulated,1.0,0.8788033614467359,confident binder,0.5210544225752904,0.0017189457498975767
QEEACF,src-f,Stimulated,1.0,0.8851218128158564,confident binder,0.5210544225752904,0.0017189457498975767
EDERER,src-f,Stimulated,0.0,0.19981496498998855,confident nonbinder,0.5210544225752904,0.0017189457498975767
DDEETS,src-f,Stimulated,0.0,0.10055887242819221,confident nonbinder,0.5210544225752904,0.0017189457498975767
ANDVLE,src-f,Stimulated,1.0,0.8860048517427057,confident binder,0.5210544225752904,0.0017189457498975767
SLGTEE,src-f,Stimulated,0.0,0.035624236601810216,confident nonbinder,0.5210544225752904,0.0017189457498975767
GVDFSQ,src-f,Stimulated,0.0,0.24115641427737988,confident nonbinder,0.5210544225752904,0.0017189457498975767
TLDVPR,src-f,Stimulated,1.0,0.9727896842016257,confident binder,0.5210544225752904,0.0017189457498975767
GLGAIL,src-f,Stimulated,1.0,0.7028033628959497,confident binder,0.5210544225752904,0.0017189457498975767
LLSIDA,src-f,Stimulated,1.0,0.8433212786342844,confident binder,0.5210544225752904,0.0017189457498975767
EESDTE,src-f,Stimulated,0.0,0.05488875153855934,confident nonbinder,0.5210544225752904,0.0017189457498975767
TDVASG,src-f,Stimulated,0.0,0.09288705650787116,confident nonbinder,0.5210544225752904,0.0017189457498975767
RTEQME,src-f,Stimulated,1.0,0.5774490979893158,low-confidence,0.5210544225752904,0.0017189457498975767
ETSLSQ,src-f,Stimulated,0.0,0.08221781573284002,confident nonbinder,0.5210544225752904,0.0017189457498975767
VHGEVT,src-f,Stimulated,1.0,0.5546041157513057,low-confidence,0.5210544225752904,0.0017189457498975767
GQELVH,src-f,Stimulated,1.0,0.9137587550351924,confident binder,0.5210544225752904,0.0017189457498975767
LGIPLM,src-f,Stimulated,1.0,0.8832995291505213,confident binder,0.5210544225752904,0.0017189457498975767
LIDFIE,src-f,Stimulated,1.0,0.9398126113217435,confident binder,0.5210544225752904,0.0017189457498975767
GITYSL,src-f,Stimulated,0.0,0.5,low-confidence,0.5210544225752904,0.0017189457498975767
KEDTPE,src-f,Stimulated,0.0,0.31854380292807116,confident nonbinder,0.5210544225752904,0.0017189457498975767
SPQPTT,src-f,Stimulated,0.0,0.009088083869458537,confident nonbinder,0.5210544225752904,0.0017189457498975767
SSQGTG,src-f,Stimulated,0.0,0.003738153518710955,confident nonbinder,0.5210544225752904,0.0017189457498975767
VTQDIR,src-f,Stimulated,1.0,0.9429014526126437,confident binder,0.5210544225752904,0.0017189457498975767
GPSDNE,src-f,Stimulated,0.0,0.016825938843346232,confident nonbinder,0.5210544225752904,0.0017189457498975767
DLGKVD,src-f,Stimulated,1.0,0.5582302898395703,low-confidence,0.5210544225752904,0.0017189457498975767
EHFSPV,src-f,Stimulated,1.0,0.7883719754777411,confident binder,0.5210544225752904,0.0017189457498975767
VAGAAV,src-f,Stimulated,0.0,0.26193192261979986,confident nonbinder,0.5210544225752904,0.0017189457498975767
PELEQP,src-f,Stimulated,0.0,0.5113519276015399,low-confidence,0.5210544225752904,0.0017189457498975767
SEDLLW,src-f,Stimulated,1.0,0.9574546853295509,confident binder,0.5210544225752904,0.0017189457498975767
FLGENM,src-f,Stimulated,1.0,0.6930761464740001,confident binder,0.5210544225752904,0.0017189457498975767
LVVTSN,src-f,Stimulated,1.0,0.8082434843120632,confident binder,0.5210544225752904,0.0017189457498975767
SINLNE,src-f,Stimulated,0.0,0.09042611671374273,confident nonbinder,0.5210544225752904,0.0017189457498975767
TVALKD,src-f,Stimulated,1.0,0.8071337626394773,confident binder,0.5210544225752904,0.0017189457498975767
FLMDYL,src-f,Stimulated,1.0,0.8804244063102784,confident binder,0.5210544225752904,0.0017189457498975767
SDAAAQ,src-f,Stimulated,0.0,0.2493774282777808,confident nonbinder,0.5210544225752904,0.0017189457498975767
SIEEFV,src-f,Stimulated,1.0,0.8800033141888721,confident binder,0.5210544225752904,0.0017189457498975767
GPSSVP,src-f,Stimulated,0.0,0.49386374599831034,low-confidence,0.5210544225752904,0.0017189457498975767
QDSEEC,src-f,Stimulated,1.0,0.9608835720893809,confident binder,0.5210544225752904,0.0017189457498975767
NTANVA,src-f,Stimulated,1.0,0.9887690421859601,confident binder,0.5210544225752904,0.0017189457498975767
GHCQLQ,src-f,Stimulated,1.0,0.9195414191020101,confident binder,0.5210544225752904,0.0017189457498975767
ATVPVA,src-f,Stimulated,1.0,0.8213453335879404,confident binder,0.5210544225752904,0.0017189457498975767
PAGTLT,src-f,Stimulated,0.0,0.4921852733334972,low-confidence,0.5210544225752904,0.0017189457498975767
DLATIT,src-f,Stimulated,1.0,0.9535897594854283,confident binder,0.5210544225752904,0.0017189457498975767
QCVKPT,src-f,Stimulated,1.0,0.878835896106708,confident binder,0.5210544225752904,0.0017189457498975767
ETTPAI,src-f,Stimulated,0.0,0.21674200005313846,confident nonbinder,0.5210544225752904,0.0017189457498975767
QAFTLP,src-f,Stimulated,1.0,0.891213465213257,confident binder,0.5210544225752904,0.0017189457498975767
EENETD,src-f,Stimulated,0.0,0.03556542926482302,confident nonbinder,0.5210544225752904,0.0017189457498975767
KISFNS,src-f,Stimulated,0.0,0.21293987533885905,confident nonbinder,0.5210544225752904,0.0017189457498975767
YDEIER,src-f,Stimulated,0.0,0.2101473410526246,confident nonbinder,0.5210544225752904,0.0017189457498975767
LDIQPS,src-f,Stimulated,1.0,0.8555286950918223,confident binder,0.5210544225752904,0.0017189457498975767
YGVSLG,src-f,Stimulated,1.0,0.831060690834862,confident binder,0.5210544225752904,0.0017189457498975767
ASVTLR,src-f,Stimulated,1.0,0.9532522827920191,confident binder,0.5210544225752904,0.0017189457498975767
CWQKPG,src-f,Stimulated,1.0,0.9734840364358863,confident binder,0.5210544225752904,0.0017189457498975767
ASFNSK,src-f,Stimulated,1.0,0.6459128156202263,confident binder,0.5210544225752904,0.0017189457498975767
VIGISL,src-f,Stimulated,1.0,0.6106395928915589,confident binder,0.5210544225752904,0.0017189457498975767
DTGDIY,src-f,Stimulated,1.0,0.7243068295179412,confident binder,0.5210544225752904,0.0017189457498975767
EDSPWA,src-f,Stimulated,1.0,0.9876505948786434,confident binder,0.5210544225752904,0.0017189457498975767
ATINLK,src-f,Stimulated,1.0,0.9892968578689407,confident binder,0.5210544225752904,0.0017189457498975767
SPGGPT,src-f,Stimulated,,,0,0.5210544225752904,0.0017189457498975767
RFTEDS,src-f,Stimulated,0.0,0.060442005754547265,confident nonbinder,0.5210544225752904,0.0017189457498975767
PLSPVS,src-f,Stimulated,1.0,0.6380633377927464,confident binder,0.5210544225752904,0.0017189457498975767
LPDERP,src-f,Stimulated,0.0,0.22407336174702083,confident nonbinder,0.5210544225752904,0.0017189457498975767
NSQDAF,src-f,Stimulated,1.0,0.6093371310022442,confident binder,0.5210544225752904,0.0017189457498975767
LEGLPI,src-f,Stimulated,1.0,0.6972847415284518,confident binder,0.5210544225752904,0.0017189457498975767
ELAPLQ,src-f,Stimulated,1.0,0.8845835337221108,confident binder,0.5210544225752904,0.0017189457498975767
MTVSSF,src-f,Stimulated,1.0,0.6061628217618759,confident binder,0.5210544225752904,0.0017189457498975767
STSLSS,src-f,Stimulated,0.0,0.08010420250280215,confident nonbinder,0.5210544225752904,0.0017189457498975767
PTTSSL,src-f,Stimulated,0.0,0.19585559935502325,confident nonbinder,0.5210544225752904,0.0017189457498975767
PDTMAW,src-f,Stimulated,1.0,0.6750139269980688,confident binder,0.5210544225752904,0.0017189457498975767
PQGWQG,src-f,Stimulated,1.0,0.6366128058379136,confident binder,0.5210544225752904,0.0017189457498975767
DSVDGS,src-f,Stimulated,0.0,0.08484834345115617,confident nonbinder,0.5210544225752904,0.0017189457498975767
RAADSY,src-f,Stimulated,0.0,0.0986466304394363,confident nonbinder,0.5210544225752904,0.0017189457498975767
VEGVTG,src-f,Stimulated,0.0,0.027036040402814286,confident nonbinder,0.5210544225752904,0.0017189457498975767
FNGFNE,src-f,Stimulated,0.0,0.0856397385424641,confident nonbinder,0.5210544225752904,0.0017189457498975767
PISEEA,src-f,Stimulated,0.0,0.46944975069976375,low-confidence,0.5210544225752904,0.0017189457498975767
QDYDME,src-f,Stimulated,1.0,0.7177916048120646,confident binder,0.5210544225752904,0.0017189457498975767
EKRDLD,src-f,Stimulated,0.0,0.011624163600585522,confident nonbinder,0.5210544225752904,0.0017189457498975767
VLYMEK,src-f,Stimulated,1.0,0.7604221375089883,confident binder,0.5210544225752904,0.0017189457498975767
DDRDYD,src-f,Stimulated,0.0,0.0017474256470632317,confident nonbinder,0.5210544225752904,0.0017189457498975767
ALSSNL,src-f,Stimulated,1.0,0.5787023791398961,low-confidence,0.5210544225752904,0.0017189457498975767
EDIPYP,src-f,Stimulated,0.0,0.37777278951222165,confident nonbinder,0.5210544225752904,0.0017189457498975767
KPAELW,src-f,Stimulated,1.0,0.9474391526796868,confident binder,0.5210544225752904,0.0017189457498975767
GVSAAN,src-f,Stimulated,0.0,0.4131113578132948,low-confidence,0.5210544225752904,0.0017189457498975767
SNNVPL,src-f,Stimulated,0.0,0.40909341589808473,low-confidence,0.5210544225752904,0.0017189457498975767
AAATSG,src-f,Stimulated,0.0,0.1614086115023837,confident nonbinder,0.5210544225752904,0.0017189457498975767
ADLEST,src-f,Stimulated,0.0,0.372781277589018,confident nonbinder,0.5210544225752904,0.0017189457498975767
SFNNSY,src-f,Stimulated,0.0,0.5316750775380625,low-confidence,0.5210544225752904,0.0017189457498975767
AAASTK,src-f,Stimulated,0.0,0.3858113465553386,confident nonbinder,0.5210544225752904,0.0017189457498975767
GFSLPK,src-f,Stimulated,1.0,0.9008486027542639,confident binder,0.5210544225752904,0.0017189457498975767
MDGMVG,src-f,Stimulated,0.0,0.18076637138894625,confident nonbinder,0.5210544225752904,0.0017189457498975767
GLCNQL,src-f,Stimulated,1.0,0.9463447256325178,confident binder,0.5210544225752904,0.0017189457498975767
VEDCDN,src-f,Stimulated,0.0,0.10559251869089137,confident nonbinder,0.5210544225752904,0.0017189457498975767
KLVSSE,src-f,Stimulated,0.0,0.38248090636216864,confident nonbinder,0.5210544225752904,0.0017189457498975767
ATARPP,src-f,Stimulated,1.0,0.9385680474167675,confident binder,0.5210544225752904,0.0017189457498975767
NSSISV,src-f,Stimulated,0.0,0.24099344526159072,confident nonbinder,0.5210544225752904,0.0017189457498975767
EVTIPV,src-f,Stimulated,1.0,0.910419378312446,confident binder,0.5210544225752904,0.0017189457498975767
PINEPD,src-f,Stimulated,1.0,0.5900450210079946,low-confidence,0.5210544225752904,0.0017189457498975767
GIMGRP,src-f,Stimulated,0.0,0.15795890386615913,confident nonbinder,0.5210544225752904,0.0017189457498975767
MPQPFS,src-f,Stimulated,0.0,0.1291194489696828,confident nonbinder,0.5210544225752904,0.0017189457498975767
PAGNSP,src-f,Stimulated,0.0,0.05841587215982643,confident nonbinder,0.5210544225752904,0.0017189457498975767
YLVDKN,src-f,Stimulated,1.0,0.8515718346226536,confident binder,0.5210544225752904,0.0017189457498975767
NAALTS,src-f,Stimulated,0.0,0.42112907475462535,low-confidence,0.5210544225752904,0.0017189457498975767
TLQPSA,src-f,Stimulated,0.0,0.3295874598042094,confident nonbinder,0.5210544225752904,0.0017189457498975767
SSAFFV,src-f,Stimulated,1.0,0.7065887445669938,confident binder,0.5210544225752904,0.0017189457498975767
SHALPL,src-f,Stimulated,1.0,0.9179613164873006,confident binder,0.5210544225752904,0.0017189457498975767
AETNSP,src-f,Stimulated,0.0,0.40944888983185157,low-confidence,0.5210544225752904,0.0017189457498975767
EESAMR,src-f,Stimulated,1.0,0.8718330430201421,confident binder,0.5210544225752904,0.0017189457498975767
VFEDWG,src-f,Stimulated,1.0,0.9871806322764787,confident binder,0.5210544225752904,0.0017189457498975767
PDNNEL,src-f,Stimulated,0.0,0.14569012681918764,confident nonbinder,0.5210544225752904,0.0017189457498975767
KLDLPD,src-f,Stimulated,1.0,0.811412958465138,confident binder,0.5210544225752904,0.0017189457498975767
SHSGVS,src-f,Stimulated,0.0,0.43249527496003004,low-confidence,0.5210544225752904,0.0017189457498975767
EEFMFP,src-f,Stimulated,1.0,0.7916557460800155,confident binder,0.5210544225752904,0.0017189457498975767
VVGTVE,src-f,Stimulated,0.0,0.5421363745429889,low-confidence,0.5210544225752904,0.0017189457498975767
GISVSG,src-f,Stimulated,0.0,0.14328956551149416,confident nonbinder,0.5210544225752904,0.0017189457498975767
PHSAFG,src-f,Stimulated,0.0,0.3750255573590525,confident nonbinder,0.5210544225752904,0.0017189457498975767
DSASGE,src-f,Stimulated,0.0,0.04234191068497813,confident nonbinder,0.5210544225752904,0.0017189457498975767
DDEAAS,src-f,Stimulated,0.0,0.21018850541782869,confident nonbinder,0.5210544225752904,0.0017189457498975767
TDGSGY,src-f,Stimulated,0.0,0.007655743149500793,confident nonbinder,0.5210544225752904,0.0017189457498975767
NIVEVE,src-f,Stimulated,1.0,0.9378778916060244,confident binder,0.5210544225752904,0.0017189457498975767
RNMPLA,src-f,Stimulated,0.0,0.5163277537524761,low-confidence,0.5210544225752904,0.0017189457498975767
NAAINV,src-f,Stimulated,1.0,0.674413500342168,confident binder,0.5210544225752904,0.0017189457498975767
AVVSSE,src-f,Stimulated,0.0,0.47415891264473964,low-confidence,0.5210544225752904,0.0017189457498975767
KLELHA,src-f,Stimulated,1.0,0.8952129728009851,confident binder,0.5210544225752904,0.0017189457498975767
GHATQL,src-f,Stimulated,1.0,0.5984200268996733,low-confidence,0.5210544225752904,0.0017189457498975767
ALVACQ,src-f,Stimulated,1.0,0.8235403832862315,confident binder,0.5210544225752904,0.0017189457498975767
RTSLGS,src-f,Stimulated,,,0,0.5210544225752904,0.0017189457498975767
VSYTHR,src-f,Stimulated,1.0,0.5758318563341739,low-confidence,0.5210544225752904,0.0017189457498975767
DNDNFV,src-f,Stimulated,1.0,0.8978029325798824,confident binder,0.5210544225752904,0.0017189457498975767
AGQIAV,src-f,Stimulated,1.0,0.7033765274302103,confident binder,0.5210544225752904,0.0017189457498975767
EFGYIK,src-f,Stimulated,1.0,0.8574309420904841,confident binder,0.5210544225752904,0.0017189457498975767
RWDEYH,src-f,Stimulated,1.0,0.970945654899549,confident binder,0.5210544225752904,0.0017189457498975767
TDNQVV,src-f,Stimulated,1.0,0.6496834565585828,confident binder,0.5210544225752904,0.0017189457498975767
HDEEIL,src-f,Stimulated,,,1,0.5210544225752904,0.0017189457498975767
PMTGPE,src-f,Stimulated,0.0,0.4058692325179004,low-confidence,0.5210544225752904,0.0017189457498975767
EDVEYS,src-f,Stimulated,1.0,0.8045481558293587,confident binder,0.5210544225752904,0.0017189457498975767
LNKPPP,src-f,Stimulated,0.0,0.12633489178986748,confident nonbinder,0.5210544225752904,0.0017189457498975767
ALSSDP,src-f,Stimulated,0.0,0.16155733298735445,confident nonbinder,0.5210544225752904,0.0017189457498975767
EVQQQQ,src-f,Stimulated,0.0,0.2793925569826181,confident nonbinder,0.5210544225752904,0.0017189457498975767
GAEDVA,src-f,Stimulated,1.0,0.9007681638433747,confident binder,0.5210544225752904,0.0017189457498975767
EGMGFS,src-f,Stimulated,0.0,0.36995495989459737,confident nonbinder,0.5210544225752904,0.0017189457498975767
VKEAPQ,src-f,Stimulated,1.0,0.588811575434942,low-confidence,0.5210544225752904,0.0017189457498975767
QVEFPD,src-f,Stimulated,1.0,0.9304604577678797,confident binder,0.5210544225752904,0.0017189457498975767
GEDVTM,src-f,Stimulated,0.0,0.30797375658009,confident nonbinder,0.5210544225752904,0.0017189457498975767
STVLVA,src-f,Stimulated,1.0,0.9367297131196709,confident binder,0.5210544225752904,0.0017189457498975767
SEMTGK,src-f,Stimulated,0.0,0.22832205897803795,confident nonbinder,0.5210544225752904,0.0017189457498975767
TTSCVG,src-f,Stimulated,1.0,0.7426797564719994,confident binder,0.5210544225752904,0.0017189457498975767
TISNSA,src-f,Stimulated,1.0,0.8456628450331635,confident binder,0.5210544225752904,0.0017189457498975767
QNLAVD,src-f,Stimulated,1.0,0.8823405994880963,confident binder,0.5210544225752904,0.0017189457498975767
LLGVLD,src-f,Stimulated,1.0,0.8649205903549781,confident binder,0.5210544225752904,0.0017189457498975767
AQSTAG,src-f,Stimulated,0.0,0.10112631910715253,confident nonbinder,0.5210544225752904,0.0017189457498975767
DNDSSS,src-f,Stimulated,0.0,0.010639854991556919,confident nonbinder,0.5210544225752904,0.0017189457498975767
APGIES,src-f,Stimulated,0.0,0.028213459144190232,confident nonbinder,0.5210544225752904,0.0017189457498975767
IHSPTN,src-f,Stimulated,0.0,0.043143565846141804,confident nonbinder,0.5210544225752904,0.0017189457498975767
NNIQTL,src-f,Stimulated,0.0,0.531952661039287,low-confidence,0.5210544225752904,0.0017189457498975767
QVVPLK,src-f,Stimulated,1.0,0.9175380844741958,confident binder,0.5210544225752904,0.0017189457498975767
GVAVPP,src-f,Stimulated,1.0,0.9009909569788901,confident binder,0.5210544225752904,0.0017189457498975767
TDWPCP,src-f,Stimulated,1.0,0.9418399848121021,confident binder,0.5210544225752904,0.0017189457498975767
YYARPQ,src-f,Stimulated,1.0,0.9551610326781141,confident binder,0.5210544225752904,0.0017189457498975767
LMQDEC,src-f,Stimulated,1.0,0.969558908168259,confident binder,0.5210544225752904,0.0017189457498975767
KVYDIS,src-f,Stimulated,1.0,0.8931011734515498,confident binder,0.5210544225752904,0.0017189457498975767
PPEISV,src-f,Stimulated,0.0,0.39671418344989245,confident nonbinder,0.5210544225752904,0.0017189457498975767
LEFEQK,src-f,Stimulated,1.0,0.670702824734821,confident binder,0.5210544225752904,0.0017189457498975767
QIQEDE,src-f,Stimulated,0.0,0.12661660123418372,confident nonbinder,0.5210544225752904,0.0017189457498975767
TVQEPI,src-f,Stimulated,1.0,0.9287623072951391,confident binder,0.5210544225752904,0.0017189457498975767
KGIWTH,src-f,Stimulated,1.0,0.9553052324361827,confident binder,0.5210544225752904,0.0017189457498975767
KLEDSD,src-f,Stimulated,0.0,0.2069498939457559,confident nonbinder,0.5210544225752904,0.0017189457498975767
AVELDG,src-f,Stimulated,0.0,0.3576590390736655,confident nonbinder,0.5210544225752904,0.0017189457498975767
GDEFLK,src-f,Stimulated,1.0,0.9579610557467629,confident binder,0.5210544225752904,0.0017189457498975767
TPVETL,src-f,Stimulated,1.0,0.6631151478711501,confident binder,0.5210544225752904,0.0017189457498975767
ACGELG,src-f,Stimulated,0.0,0.5228722994853697,low-confidence,0.5210544225752904,0.0017189457498975767
KTDLLF,src-f,Stimulated,1.0,0.9565314664588386,confident binder,0.5210544225752904,0.0017189457498975767
QDHLDE,src-f,Stimulated,0.0,0.02446458817302326,confident nonbinder,0.5210544225752904,0.0017189457498975767
SDANFK,src-f,Stimulated,1.0,0.9460593746657305,confident binder,0.5210544225752904,0.0017189457498975767
ETEQEK,src-f,Stimulated,0.0,0.1562079939743969,confident nonbinder,0.5210544225752904,0.0017189457498975767
PDIASK,src-f,Stimulated,0.0,0.3303883939956638,confident nonbinder,0.5210544225752904,0.0017189457498975767
GSATLT,src-f,Stimulated,1.0,0.8251589736702256,confident binder,0.5210544225752904,0.0017189457498975767
SAQSIT,src-f,Stimulated,1.0,0.7691501665531494,confident binder,0.5210544225752904,0.0017189457498975767
EQNEQY,src-f,Stimulated,0.0,0.06049686772005377,confident nonbinder,0.5210544225752904,0.0017189457498975767
TVCNVH,src-f,Stimulated,1.0,0.9775409055706451,confident binder,0.5210544225752904,0.0017189457498975767
NQSWGE,src-f,Stimulated,1.0,0.9066879391811112,confident binder,0.5210544225752904,0.0017189457498975767
ELDRVD,src-f,Stimulated,1.0,0.9489956194122438,confident binder,0.5210544225752904,0.0017189457498975767
EHNQPH,src-f,Stimulated,0.0,0.4632269037695838,low-confidence,0.5210544225752904,0.0017189457498975767
GGVVLG,src-f,Stimulated,1.0,0.8392567939404945,confident binder,0.5210544225752904,0.0017189457498975767
PVANPF,src-f,Stimulated,1.0,0.9901969259549726,confident binder,0.5210544225752904,0.0017189457498975767
GHASDN,src-f,Stimulated,0.0,0.04202622262195216,confident nonbinder,0.5210544225752904,0.0017189457498975767
SEMNNK,src-f,Stimulated,1.0,0.5735868068763251,low-confidence,0.5210544225752904,0.0017189457498975767
PVGIYY,src-f,Stimulated,1.0,0.5647595326326407,low-confidence,0.5210544225752904,0.0017189457498975767
TTGESN,src-f,Stimulated,0.0,0.02239270038806352,confident nonbinder,0.5210544225752904,0.0017189457498975767
RPDPEE,src-f,Stimulated,0.0,0.0016904943912641188,confident nonbinder,0.5210544225752904,0.0017189457498975767
QLQQAM,src-f,Stimulated,1.0,0.8745411670671254,confident binder,0.5210544225752904,0.0017189457498975767
DEETSG,src-f,Stimulated,0.0,0.039334733419839805,confident nonbinder,0.5210544225752904,0.0017189457498975767
GSTLEE,src-f,Stimulated,0.0,0.035652033439063126,confident nonbinder,0.5210544225752904,0.0017189457498975767
SSSPDV,src-f,Stimulated,0.0,0.013040300165162793,confident nonbinder,0.5210544225752904,0.0017189457498975767
ELCLEH,src-f,Stimulated,1.0,0.7838699377074524,confident binder,0.5210544225752904,0.0017189457498975767
PLLEIR,src-f,Stimulated,1.0,0.9742946527886015,confident binder,0.5210544225752904,0.0017189457498975767
SGGVPG,src-f,Stimulated,0.0,0.09294674314535431,confident nonbinder,0.5210544225752904,0.0017189457498975767
DYENPA,src-f,Stimulated,1.0,0.9923499766357415,confident binder,0.5210544225752904,0.0017189457498975767
TPTLNF,src-f,Stimulated,1.0,0.5529353801143772,low-confidence,0.5210544225752904,0.0017189457498975767
NADESW,src-f,Stimulated,0.0,0.4106706863250695,low-confidence,0.5210544225752904,0.0017189457498975767
LHANLE,src-f,Stimulated,1.0,0.9922904062207526,confident binder,0.5210544225752904,0.0017189457498975767
SAQTID,src-f,Stimulated,1.0,0.8577865914949643,confident binder,0.5210544225752904,0.0017189457498975767
EDEEDT,src-f,Stimulated,0.0,0.030149344757678442,confident nonbinder,0.5210544225752904,0.0017189457498975767
VQLIPP,src-f,Stimulated,1.0,0.8495120495180332,confident binder,0.5210544225752904,0.0017189457498975767
DNDYSH,src-f,Stimulated,0.0,0.040437214087059616,confident nonbinder,0.5210544225752904,0.0017189457498975767
LKEALR,src-f,Stimulated,1.0,0.9786602737675124,confident binder,0.5210544225752904,0.0017189457498975767
SPSPQT,src-f,Stimulated,0.0,0.009665818434055689,confident nonbinder,0.5210544225752904,0.0017189457498975767
SITTAT,src-f,Stimulated,0.0,0.5176646106344487,low-confidence,0.5210544225752904,0.0017189457498975767
DITHLV,src-f,Stimulated,0.0,0.09874947931923903,confident nonbinder,0.5210544225752904,0.0017189457498975767
INIKDD,src-f,Stimulated,0.0,0.11858316924535899,confident nonbinder,0.5210544225752904,0.0017189457498975767
LSLSSL,src-f,Stimulated,1.0,0.7292772159505706,confident binder,0.5210544225752904,0.0017189457498975767
KGNDDY,src-f,Stimulated,0.0,0.010032444847548653,confident nonbinder,0.5210544225752904,0.0017189457498975767
PDDFES,src-f,Stimulated,0.0,0.03886338063308072,confident nonbinder,0.5210544225752904,0.0017189457498975767
PAGLSR,src-f,Stimulated,0.0,0.04438018517327752,confident nonbinder,0.5210544225752904,0.0017189457498975767
PAEDNP,src-f,Stimulated,0.0,0.08757774323223984,confident nonbinder,0.5210544225752904,0.0017189457498975767
NDFNQA,src-f,Stimulated,1.0,0.7892709385853064,confident binder,0.5210544225752904,0.0017189457498975767
LLEIQN,src-f,Stimulated,1.0,0.8520135985389254,confident binder,0.5210544225752904,0.0017189457498975767
GEVSLG,src-f,Stimulated,1.0,0.7563241060861866,confident binder,0.5210544225752904,0.0017189457498975767
EQLTLS,src-f,Stimulated,1.0,0.9445062283314959,confident binder,0.5210544225752904,0.0017189457498975767
DLANTV,src-f,Stimulated,1.0,0.9315685931009465,confident binder,0.5210544225752904,0.0017189457498975767
EDQIVD,src-f,Stimulated,1.0,0.6840068738589044,confident binder,0.5210544225752904,0.0017189457498975767
EVFADS,src-f,Stimulated,0.0,0.27008995652892176,confident nonbinder,0.5210544225752904,0.0017189457498975767
PESASQ,src-f,Stimulated,0.0,0.034274280715854755,confident nonbinder,0.5210544225752904,0.0017189457498975767
KDENDE,src-f,Stimulated,0.0,0.052980208850866226,confident nonbinder,0.5210544225752904,0.0017189457498975767
VAVETK,src-f,Stimulated,1.0,0.673720683022097,confident binder,0.5210544225752904,0.0017189457498975767
LETLGS,src-f,Stimulated,0.0,0.35340192548286886,confident nonbinder,0.5210544225752904,0.0017189457498975767
FDNEEE,src-f,Stimulated,0.0,0.060368162401218776,confident nonbinder,0.5210544225752904,0.0017189457498975767
PYMSPE,src-f,Stimulated,1.0,0.760847649953377,confident binder,0.5210544225752904,0.0017189457498975767
SISGDE,src-f,Stimulated,0.0,0.014645774905538865,confident nonbinder,0.5210544225752904,0.0017189457498975767
GDVPPE,src-f,Stimulated,0.0,0.21735988001490678,confident nonbinder,0.5210544225752904,0.0017189457498975767
PPQEPR,src-f,Stimulated,1.0,0.7505457727850485,confident binder,0.5210544225752904,0.0017189457498975767
SAAQNY,src-f,Stimulated,0.0,0.24232792030548445,confident nonbinder,0.5210544225752904,0.0017189457498975767
EVAVDV,src-f,Stimulated,1.0,0.7520690082845966,confident binder,0.5210544225752904,0.0017189457498975767
EENYGF,src-f,Stimulated,0.0,0.1330667178642558,confident nonbinder,0.5210544225752904,0.0017189457498975767
EDQALR,src-f,Stimulated,,,1,0.5210544225752904,0.0017189457498975767
AEGGWY,src-f,Stimulated,1.0,0.9642416643399855,confident binder,0.5210544225752904,0.0017189457498975767
DGTEQG,src-f,Stimulated,0.0,0.06474372323957421,confident nonbinder,0.5210544225752904,0.0017189457498975767
GFDKDS,src-f,Stimulated,0.0,0.05502816802068202,confident nonbinder,0.5210544225752904,0.0017189457498975767
NESNIE,src-f,Stimulated,,,1,0.5210544225752904,0.0017189457498975767
QVEEAG,src-f,Stimulated,1.0,0.6583282283097233,confident binder,0.5210544225752904,0.0017189457498975767
GQGEVY,src-f,Stimulated,0.0,0.4752661534206363,low-confidence,0.5210544225752904,0.0017189457498975767
QTTYDS,src-f,Stimulated,0.0,0.054805309270649305,confident nonbinder,0.5210544225752904,0.0017189457498975767
FLEKLD,src-f,Stimulated,1.0,0.9800175036327484,confident binder,0.5210544225752904,0.0017189457498975767
RVMQSQ,src-f,Stimulated,0.0,0.15494505415270637,confident nonbinder,0.5210544225752904,0.0017189457498975767
EKIDQE,src-f,Stimulated,0.0,0.1840784556117366,confident nonbinder,0.5210544225752904,0.0017189457498975767
SDEELI,src-f,Stimulated,1.0,0.95302668502203,confident binder,0.5210544225752904,0.0017189457498975767
LQTNPQ,src-f,Stimulated,1.0,0.9274155677283156,confident binder,0.5210544225752904,0.0017189457498975767
QDDQLP,src-f,Stimulated,1.0,0.7606813201698004,confident binder,0.5210544225752904,0.0017189457498975767
VQTEVQ,src-f,Stimulated,1.0,0.8057780713064872,confident binder,0.5210544225752904,0.0017189457498975767
SFHHEA,src-f,Stimulated,0.0,0.011402727956689259,confident nonbinder,0.5210544225752904,0.0017189457498975767
LVMGFD,src-f,Stimulated,1.0,0.5976983214243567,low-confidence,0.5210544225752904,0.0017189457498975767
TFNELR,src-f,Stimulated,1.0,0.9521390350527794,confident binder,0.5210544225752904,0.0017189457498975767
DDETAE,src-f,Stimulated,0.0,0.2361012131865123,confident nonbinder,0.5210544225752904,0.0017189457498975767
ADEEIL,src-f,Stimulated,1.0,0.9778087205660311,confident binder,0.5210544225752904,0.0017189457498975767
GNLFNF,src-f,Stimulated,1.0,0.6590753415854519,confident binder,0.5210544225752904,0.0017189457498975767
QEEEQF,src-f,Stimulated,1.0,0.6945122490906365,confident binder,0.5210544225752904,0.0017189457498975767
GPGETV,src-f,Stimulated,0.0,0.030069910585438165,confident nonbinder,0.5210544225752904,0.0017189457498975767
KLDDID,src-f,Stimulated,1.0,0.907865924654966,confident binder,0.5210544225752904,0.0017189457498975767
GLSSEN,src-f,Stimulated,0.0,0.10136452261243582,confident nonbinder,0.5210544225752904,0.0017189457498975767
GHELPW,src-f,Stimulated,1.0,0.9122036457163545,confident binder,0.5210544225752904,0.0017189457498975767
PDNQLK,src-f,Stimulated,1.0,0.6998481783432124,confident binder,0.5210544225752904,0.0017189457498975767
EIHNIN,src-f,Stimulated,1.0,0.9685536822019574,confident binder,0.5210544225752904,0.0017189457498975767
RRVQPP,src-f,Stimulated,0.0,0.4057030077723565,low-confidence,0.5210544225752904,0.0017189457498975767
DEEDEI,src-f,Stimulated,0.0,0.13448716921962042,confident nonbinder,0.5210544225752904,0.0017189457498975767
TSALIG,src-f,Stimulated,1.0,0.8401427128790562,confident binder,0.5210544225752904,0.0017189457498975767
PMGSGS,src-f,Stimulated,0.0,0.01176134267612482,confident nonbinder,0.5210544225752904,0.0017189457498975767
DKAASE,src-f,Stimulated,0.0,0.056664368145638015,confident nonbinder,0.5210544225752904,0.0017189457498975767
SSSMAD,src-f,Stimulated,0.0,0.17033207084678928,confident nonbinder,0.5210544225752904,0.0017189457498975767
VQMAEL,src-f,Stimulated,1.0,0.5638392041258125,low-confidence,0.5210544225752904,0.0017189457498975767
TLSSKH,src-f,Stimulated,1.0,0.6602751205561007,confident binder,0.5210544225752904,0.0017189457498975767
SDECSR,src-f,Stimulated,0.0,0.19919083363138643,confident nonbinder,0.5210544225752904,0.0017189457498975767
RLSALA,src-f,Stimulated,1.0,0.9203403147689829,confident binder,0.5210544225752904,0.0017189457498975767
NHQVSG,src-f,Stimulated,0.0,0.09577246812613358,confident nonbinder,0.5210544225752904,0.0017189457498975767
PENRLD,src-f,Stimulated,1.0,0.7880237864493479,confident binder,0.5210544225752904,0.0017189457498975767
IPQPMP,src-f,Stimulated,0.0,0.3189898333484187,confident nonbinder,0.5210544225752904,0.0017189457498975767
QTESDG,src-f,Stimulated,0.0,0.015364449580162216,confident nonbinder,0.5210544225752904,0.0017189457498975767
EDSIEI,src-f,Stimulated,0.0,0.1618461061492292,confident nonbinder,0.5210544225752904,0.0017189457498975767
VNEKEE,src-f,Stimulated,0.0,0.04420656494051922,confident nonbinder,0.5210544225752904,0.0017189457498975767
PENISQ,src-f,Stimulated,0.0,0.025259244310026116,confident nonbinder,0.5210544225752904,0.0017189457498975767
IDVQIG,src-f,Stimulated,1.0,0.7655354487571068,confident binder,0.5210544225752904,0.0017189457498975767
QLQEAA,src-f,Stimulated,1.0,0.9191612574164344,confident binder,0.5210544225752904,0.0017189457498975767
TPDYSQ,src-f,Stimulated,0.0,0.05405733511666878,confident nonbinder,0.5210544225752904,0.0017189457498975767
YQGGLN,src-f,Stimulated,0.0,0.21136553059589483,confident nonbinder,0.5210544225752904,0.0017189457498975767
QTGAAA,src-f,Stimulated,0.0,0.1832933094516194,confident nonbinder,0.5210544225752904,0.0017189457498975767
PPVTPA,src-f,Stimulated,1.0,0.9141775456124681,confident binder,0.5210544225752904,0.0017189457498975767
QITLMH,src-f,Stimulated,1.0,0.9314389286171516,confident binder,0.5210544225752904,0.0017189457498975767
VSVRPA,src-f,Stimulated,1.0,0.9394343338577276,confident binder,0.5210544225752904,0.0017189457498975767
PATPEL,src-f,Stimulated,0.0,0.10749240601956471,confident nonbinder,0.5210544225752904,0.0017189457498975767
EVCSDF,src-f,Stimulated,1.0,0.6733040678628878,confident binder,0.5210544225752904,0.0017189457498975767
ANVAPM,src-f,Stimulated,1.0,0.8774358508797593,confident binder,0.5210544225752904,0.0017189457498975767
DSSEQG,src-f,Stimulated,0.0,0.023139800206967563,confident nonbinder,0.5210544225752904,0.0017189457498975767
AIGGVS,src-f,Stimulated,0.0,0.22861791916008972,confident nonbinder,0.5210544225752904,0.0017189457498975767
GPAQPS,src-f,Stimulated,0.0,0.5481462847725713,low-confidence,0.5210544225752904,0.0017189457498975767
DDPVVF,src-f,Stimulated,1.0,0.816122967878878,confident binder,0.5210544225752904,0.0017189457498975767
IEYLTK,src-f,Stimulated,0.0,0.4789696609877096,low-confidence,0.5210544225752904,0.0017189457498975767
TQQDTS,src-f,Stimulated,0.0,0.04863505865334027,confident nonbinder,0.5210544225752904,0.0017189457498975767
CIEKPR,src-f,Stimulated,,,1,0.5210544225752904,0.0017189457498975767
PHQNIK,src-f,Stimulated,1.0,0.981989511284041,confident binder,0.5210544225752904,0.0017189457498975767
AEAQPL,src-f,Stimulated,1.0,0.9071482180908501,confident binder,0.5210544225752904,0.0017189457498975767
KEQEPE,src-f,Stimulated,0.0,0.3630658728448737,confident nonbinder,0.5210544225752904,0.0017189457498975767
AGSTAR,src-f,Stimulated,1.0,0.5996181366741831,low-confidence,0.5210544225752904,0.0017189457498975767
SLKPIL,src-f,Stimulated,1.0,0.8041612521562435,confident binder,0.5210544225752904,0.0017189457498975767
QGTASV,src-f,Stimulated,0.0,0.2673370729599819,confident nonbinder,0.5210544225752904,0.0017189457498975767
ALAPAE,src-f,Stimulated,0.0,0.5219671522488546,low-confidence,0.5210544225752904,0.0017189457498975767
ADQQPL,src-f,Stimulated,1.0,0.7035649692773289,confident binder,0.5210544225752904,0.0017189457498975767
VHHLPV,src-f,Stimulated,1.0,0.8071695024544772,confident binder,0.5210544225752904,0.0017189457498975767
DEGLPS,src-f,Stimulated,0.0,0.13986730797817007,confident nonbinder,0.5210544225752904,0.0017189457498975767
HQQCPR,src-f,Stimulated,1.0,0.7660822713702391,confident binder,0.5210544225752904,0.0017189457498975767
EEDRLR,src-f,Stimulated,1.0,0.9511256004947826,confident binder,0.5210544225752904,0.0017189457498975767
YIDEFL,src-f,Stimulated,1.0,0.8684729442744683,confident binder,0.5210544225752904,0.0017189457498975767
GMQGAD,src-f,Stimulated,0.0,0.111160025057706,confident nonbinder,0.5210544225752904,0.0017189457498975767
DMGDDL,src-f,Stimulated,0.0,0.03191823005241649,confident nonbinder,0.5210544225752904,0.0017189457498975767
LDIRSP,src-f,Stimulated,1.0,0.6761199065932995,confident binder,0.5210544225752904,0.0017189457498975767
LILVPE,src-f,Stimulated,1.0,0.9508600577705653,confident binder,0.5210544225752904,0.0017189457498975767
PLNRYE,src-f,Stimulated,1.0,0.8284668206214036,confident binder,0.5210544225752904,0.0017189457498975767
QALLSL,src-f,Stimulated,1.0,0.8083691167948226,confident binder,0.5210544225752904,0.0017189457498975767
PIHSPI,src-f,Stimulated,1.0,0.7241523678221711,confident binder,0.5210544225752904,0.0017189457498975767
TQIFTE,src-f,Stimulated,0.0,0.4352469026526911,low-confidence,0.5210544225752904,0.0017189457498975767
RLAVVT,src-f,Stimulated,1.0,0.9029414100411516,confident binder,0.5210544225752904,0.0017189457498975767
TEGLSV,src-f,Stimulated,0.0,0.09711941119925334,confident nonbinder,0.5210544225752904,0.0017189457498975767
SDINGN,src-f,Stimulated,0.0,0.5058048564951264,low-confidence,0.5210544225752904,0.0017189457498975767
PMDIIR,src-f,Stimulated,,,1,0.5210544225752904,0.0017189457498975767
PLDDAL,src-f,Stimulated,1.0,0.8130779796846266,confident binder,0.5210544225752904,0.0017189457498975767
LEEDHK,src-f,Stimulated,1.0,0.7812562990103592,confident binder,0.5210544225752904,0.0017189457498975767
QATFEE,src-f,Stimulated,0.0,0.16374093709967844,confident nonbinder,0.5210544225752904,0.0017189457498975767
GDSTME,src-f,Stimulated,0.0,0.5311582136891687,low-confidence,0.5210544225752904,0.0017189457498975767
GLQGAG,src-f,Stimulated,0.0,0.1143102400064196,confident nonbinder,0.5210544225752904,0.0017189457498975767
DFSKPA,src-f,Stimulated,1.0,0.8852864865485301,confident binder,0.5210544225752904,0.0017189457498975767
PDGAAS,src-f,Stimulated,0.0,0.020386246399819237,confident nonbinder,0.5210544225752904,0.0017189457498975767
LEALPQ,src-f,Stimulated,1.0,0.9076629180249546,confident binder,0.5210544225752904,0.0017189457498975767
KEEKEQ,src-f,Stimulated,0.0,0.030778155949536874,confident nonbinder,0.5210544225752904,0.0017189457498975767
SLGGTI,src-f,Stimulated,0.0,0.060755619832557214,confident nonbinder,0.5210544225752904,0.0017189457498975767
SVAGAG,src-f,Stimulated,0.0,0.17447015136953958,confident nonbinder,0.5210544225752904,0.0017189457498975767
SNTLPA,src-f,Stimulated,1.0,0.6769666367457969,confident binder,0.5210544225752904,0.0017189457498975767
NDIDNP,src-f,Stimulated,0.0,0.15830728538314195,confident nonbinder,0.5210544225752904,0.0017189457498975767
KDAFVH,src-f,Stimulated,1.0,0.8935441675606796,confident binder,0.5210544225752904,0.0017189457498975767
SPEGVL,src-f,Stimulated,1.0,0.7496061246254753,confident binder,0.5210544225752904,0.0017189457498975767
HLEESP,src-f,Stimulated,1.0,0.597393902782808,low-confidence,0.5210544225752904,0.0017189457498975767
NPEPAV,src-f,Stimulated,0.0,0.2900994117401671,confident nonbinder,0.5210544225752904,0.0017189457498975767
DSAQNA,src-f,Stimulated,0.0,0.1787046213259555,confident nonbinder,0.5210544225752904,0.0017189457498975767
HQLVDE,src-f,Stimulated,0.0,0.24176120290648834,confident nonbinder,0.5210544225752904,0.0017189457498975767
KTSSTS,src-f,Stimulated,0.0,0.022221640969249962,confident nonbinder,0.5210544225752904,0.0017189457498975767
LSASTG,src-f,Stimulated,0.0,0.11458961555957103,confident nonbinder,0.5210544225752904,0.0017189457498975767
PQQSPQ,src-f,Stimulated,0.0,0.21482151114782713,confident nonbinder,0.5210544225752904,0.0017189457498975767
LITCTV,src-f,Stimulated,1.0,0.8160398988598014,confident binder,0.5210544225752904,0.0017189457498975767
DLLKPI,src-f,Stimulated,1.0,0.9423190386979302,confident binder,0.5210544225752904,0.0017189457498975767
ADMGAD,src-f,Stimulated,0.0,0.09433008667486713,confident nonbinder,0.5210544225752904,0.0017189457498975767
DMSHDG,src-f,Stimulated,0.0,0.00031014698607600895,confident nonbinder,0.5210544225752904,0.0017189457498975767
AKQYGG,src-f,Stimulated,0.0,0.021726149582064775,confident nonbinder,0.5210544225752904,0.0017189457498975767
SVGYGV,src-f,Stimulated,0.0,0.11502005639243482,confident nonbinder,0.5210544225752904,0.0017189457498975767
LSASLD,src-f,Stimulated,1.0,0.8718012133308073,confident binder,0.5210544225752904,0.0017189457498975767
SSSAAD,src-f,Stimulated,0.0,0.08139058381408372,confident nonbinder,0.5210544225752904,0.0017189457498975767
DLQLIS,src-f,Stimulated,1.0,0.9591597463815755,confident binder,0.5210544225752904,0.0017189457498975767
ELAVPY,src-f,Stimulated,1.0,0.9739511318811057,confident binder,0.5210544225752904,0.0017189457498975767
AEDQPY,src-f,Stimulated,1.0,0.7527973237570663,confident binder,0.5210544225752904,0.0017189457498975767
DAALAP,src-f,Stimulated,1.0,0.6099311470791425,confident binder,0.5210544225752904,0.0017189457498975767
DINERD,src-f,Stimulated,0.0,0.08306883899704359,confident nonbinder,0.5210544225752904,0.0017189457498975767
LQEEEK,src-f,Stimulated,0.0,0.35571708801012225,confident nonbinder,0.5210544225752904,0.0017189457498975767
TDGYTQ,src-f,Stimulated,0.0,0.008331302507879274,confident nonbinder,0.5210544225752904,0.0017189457498975767
GAMQPG,src-f,Stimulated,0.0,0.3700214217043011,confident nonbinder,0.5210544225752904,0.0017189457498975767
NPSHLA,src-f,Stimulated,0.0,0.06505677634199766,confident nonbinder,0.5210544225752904,0.0017189457498975767
QLSGPS,src-f,Stimulated,1.0,0.572239004724641,low-confidence,0.5210544225752904,0.0017189457498975767
KNVVVL,src-f,Stimulated,1.0,0.9062024098577753,confident binder,0.5210544225752904,0.0017189457498975767
GDQDPF,src-f,Stimulated,1.0,0.6842337693359098,confident binder,0.5210544225752904,0.0017189457498975767
QNASVC,src-f,Stimulated,1.0,0.9936693895761364,confident binder,0.5210544225752904,0.0017189457498975767
KGWASL,src-f,Stimulated,1.0,0.9547446838045823,confident binder,0.5210544225752904,0.0017189457498975767
QPEDVY,src-f,Stimulated,1.0,0.8994851241134426,confident binder,0.5210544225752904,0.0017189457498975767
EQLLAK,src-f,Stimulated,1.0,0.8413250240220567,confident binder,0.5210544225752904,0.0017189457498975767
IYGSLE,src-f,Stimulated,1.0,0.5737242178800241,low-confidence,0.5210544225752904,0.0017189457498975767
RLHSLG,src-f,Stimulated,1.0,0.5980626993130328,low-confidence,0.5210544225752904,0.0017189457498975767
EIEQEY,src-f,Stimulated,0.0,0.41847926172583966,low-confidence,0.5210544225752904,0.0017189457498975767
TDTTPS,src-f,Stimulated,0.0,0.48503690785328046,low-confidence,0.5210544225752904,0.0017189457498975767
HQQFLE,src-f,Stimulated,1.0,0.8448233551212481,confident binder,0.5210544225752904,0.0017189457498975767
LVESDQ,src-f,Stimulated,0.0,0.3539899468206825,confident nonbinder,0.5210544225752904,0.0017189457498975767
SMQIKY,src-f,Stimulated,1.0,0.5747694047714428,low-confidence,0.5210544225752904,0.0017189457498975767
QADNLS,src-f,Stimulated,1.0,0.9677589660056997,confident binder,0.5210544225752904,0.0017189457498975767
PMTDSE,src-f,Stimulated,0.0,0.12422908296838694,confident nonbinder,0.5210544225752904,0.0017189457498975767
NHYEPK,src-f,Stimulated,1.0,0.9264415227449834,confident binder,0.5210544225752904,0.0017189457498975767
AAQDSP,src-f,Stimulated,0.0,0.08692773726414663,confident nonbinder,0.5210544225752904,0.0017189457498975767
TVSEVQ,src-f,Stimulated,1.0,0.8984619857239378,confident binder,0.5210544225752904,0.0017189457498975767
REVQVL,src-f,Stimulated,1.0,0.8676651237277095,confident binder,0.5210544225752904,0.0017189457498975767
GEIPTV,src-f,Stimulated,0.0,0.19303213098485994,confident nonbinder,0.5210544225752904,0.0017189457498975767
TFTPQN,src-f,Stimulated,0.0,0.195581973485253,confident nonbinder,0.5210544225752904,0.0017189457498975767
LAEYER,src-f,Stimulated,0.0,0.5141761986048369,low-confidence,0.5210544225752904,0.0017189457498975767
SLNAVT,src-f,Stimulated,1.0,0.7346722846645285,confident binder,0.5210544225752904,0.0017189457498975767
DYEESY,src-f,Stimulated,0.0,0.5291541192904433,low-confidence,0.5210544225752904,0.0017189457498975767
GHTVSY,src-f,Stimulated,0.0,0.27811520450471405,confident nonbinder,0.5210544225752904,0.0017189457498975767
SNWNST,src-f,Stimulated,1.0,0.969145924903807,confident binder,0.5210544225752904,0.0017189457498975767
GLGELP,src-f,Stimulated,1.0,0.7673579977037011,confident binder,0.5210544225752904,0.0017189457498975767
SSGLDS,src-f,Stimulated,0.0,0.005564347640509148,confident nonbinder,0.5210544225752904,0.0017189457498975767
SLNTFA,src-f,Stimulated,1.0,0.7630241940020863,confident binder,0.5210544225752904,0.0017189457498975767
DLAVPH,src-f,Stimulated,1.0,0.976366449918642,confident binder,0.5210544225752904,0.0017189457498975767
TLSTNM,src-f,Stimulated,1.0,0.6896881871051711,confident binder,0.5210544225752904,0.0017189457498975767
ATSKPP,src-f,Stimulated,0.0,0.5375629244855443,low-confidence,0.5210544225752904,0.0017189457498975767
AETGPK,src-f,Stimulated,0.0,0.5494466536095112,low-confidence,0.5210544225752904,0.0017189457498975767
LVQEPI,src-f,Stimulated,1.0,0.9378219011111715,confident binder,0.5210544225752904,0.0017189457498975767
WGWGSW,src-f,Stimulated,0.0,0.4436613318357815,low-confidence,0.5210544225752904,0.0017189457498975767
LLSNLQ,src-f,Stimulated,1.0,0.984646371726265,confident binder,0.5210544225752904,0.0017189457498975767
QFFTVR,src-f,Stimulated,1.0,0.939297753099306,confident binder,0.5210544225752904,0.0017189457498975767
ATSVAL,src-f,Stimulated,1.0,0.755888085522043,confident binder,0.5210544225752904,0.0017189457498975767
WLEDGE,src-f,Stimulated,0.0,0.006633719697687413,confident nonbinder,0.5210544225752904,0.0017189457498975767
VRDNLS,src-f,Stimulated,1.0,0.9695678208771352,confident binder,0.5210544225752904,0.0017189457498975767
TISEAD,src-f,Stimulated,1.0,0.5747897170223694,low-confidence,0.5210544225752904,0.0017189457498975767
RDEDEP,src-f,Stimulated,0.0,0.008562893368293514,confident nonbinder,0.5210544225752904,0.0017189457498975767
FAIQEF,src-f,Stimulated,1.0,0.8381098893721214,confident binder,0.5210544225752904,0.0017189457498975767
MGMDPR,src-f,Stimulated,1.0,0.8013212541708558,confident binder,0.5210544225752904,0.0017189457498975767
DDGQPR,src-f,Stimulated,0.0,0.2037264112736025,confident nonbinder,0.5210544225752904,0.0017189457498975767
EPVCKP,src-f,Stimulated,1.0,0.622465791918388,confident binder,0.5210544225752904,0.0017189457498975767
AISGYI,src-f,Stimulated,1.0,0.5988757058995202,low-confidence,0.5210544225752904,0.0017189457498975767
AVAFLG,src-f,Stimulated,1.0,0.8894414299284522,confident binder,0.5210544225752904,0.0017189457498975767
ANQPVE,src-f,Stimulated,0.0,0.3208407862870018,confident nonbinder,0.5210544225752904,0.0017189457498975767
NVNPSE,src-f,Stimulated,0.0,0.02175542701363495,confident nonbinder,0.5210544225752904,0.0017189457498975767
NDEAES,src-f,Stimulated,0.0,0.04967284015788087,confident nonbinder,0.5210544225752904,0.0017189457498975767
LDASQP,src-f,Stimulated,0.0,0.2673110473737177,confident nonbinder,0.5210544225752904,0.0017189457498975767
PTATAM,src-f,Stimulated,1.0,0.8187994653544968,confident binder,0.5210544225752904,0.0017189457498975767
NPFENK,src-f,Stimulated,0.0,0.3064772021463789,confident nonbinder,0.5210544225752904,0.0017189457498975767
LDTPTS,src-f,Stimulated,0.0,0.03716245730436378,confident nonbinder,0.5210544225752904,0.0017189457498975767
ESEVSL,src-f,Stimulated,0.0,0.38819389492931733,confident nonbinder,0.5210544225752904,0.0017189457498975767
TVIAAS,src-f,Stimulated,1.0,0.8032982691939259,confident binder,0.5210544225752904,0.0017189457498975767
HDCDII,src-f,Stimulated,1.0,0.9291611315170325,confident binder,0.5210544225752904,0.0017189457498975767
EKEVVK,src-f,Stimulated,1.0,0.9438903591368287,confident binder,0.5210544225752904,0.0017189457498975767
LQQLQH,src-f,Stimulated,0.0,0.4350231464931784,low-confidence,0.5210544225752904,0.0017189457498975767
EIEEFL,src-f,Stimulated,1.0,0.9398753951706327,confident binder,0.5210544225752904,0.0017189457498975767
GLNDSE,src-f,Stimulated,0.0,0.06058122719976674,confident nonbinder,0.5210544225752904,0.0017189457498975767
EDTMGL,src-f,Stimulated,0.0,0.30696219790731694,confident nonbinder,0.5210544225752904,0.0017189457498975767
LTATGT,src-f,Stimulated,0.0,0.49149397004163264,low-confidence,0.5210544225752904,0.0017189457498975767
ELLDAN,src-f,Stimulated,1.0,0.8855268969374744,confident binder,0.5210544225752904,0.0017189457498975767
VHYEQT,src-f,Stimulated,0.0,0.4443362773423813,low-confidence,0.5210544225752904,0.0017189457498975767
SMSSAL,src-f,Stimulated,0.0,0.49135129329354066,low-confidence,0.5210544225752904,0.0017189457498975767
ALEYAR,src-f,Stimulated,1.0,0.931128427443516,confident binder,0.5210544225752904,0.0017189457498975767
EEADFK,src-f,Stimulated,1.0,0.8722990462440721,confident binder,0.5210544225752904,0.0017189457498975767
EMRDPF,src-f,Stimulated,0.0,0.018159289349862096,confident nonbinder,0.5210544225752904,0.0017189457498975767
EDETAL,src-f,Stimulated,1.0,0.6381942386181804,confident binder,0.5210544225752904,0.0017189457498975767
QPQALK,src-f,Stimulated,1.0,0.9280710437699066,confident binder,0.5210544225752904,0.0017189457498975767
VIDVSH,src-f,Stimulated,1.0,0.6177414347930628,confident binder,0.5210544225752904,0.0017189457498975767
NCLGDA,src-f,Stimulated,0.0,0.5085656359541472,low-confidence,0.5210544225752904,0.0017189457498975767
EANAVH,src-f,Stimulated,1.0,0.7369415686395276,confident binder,0.5210544225752904,0.0017189457498975767
GVGQES,src-f,Stimulated,0.0,0.01610356439493504,confident nonbinder,0.5210544225752904,0.0017189457498975767
KDEEVG,src-f,Stimulated,1.0,0.5597651250642594,low-confidence,0.5210544225752904,0.0017189457498975767
NADNLA,src-f,Stimulated,1.0,0.9891034821307176,confident binder,0.5210544225752904,0.0017189457498975767
SIDEMQ,src-f,Stimulated,1.0,0.8869434421669121,confident binder,0.5210544225752904,0.0017189457498975767
DGEEEE,src-f,Stimulated,0.0,0.09269942411102029,confident nonbinder,0.5210544225752904,0.0017189457498975767
RLEWIS,src-f,Stimulated,1.0,0.9920699250653441,confident binder,0.5210544225752904,0.0017189457498975767
AQQALE,src-f,Stimulated,1.0,0.8528411430200425,confident binder,0.5210544225752904,0.0017189457498975767
AFGQTL,src-f,Stimulated,0.0,0.23658306892584385,confident nonbinder,0.5210544225752904,0.0017189457498975767
EKEISS,src-f,Stimulated,0.0,0.07531004712501556,confident nonbinder,0.5210544225752904,0.0017189457498975767
SGVSAY,src-f,Stimulated,1.0,0.5730484548332917,low-confidence,0.5210544225752904,0.0017189457498975767
PFALPS,src-f,Stimulated,1.0,0.9172471377179823,confident binder,0.5210544225752904,0.0017189457498975767
EIAPAT,src-f,Stimulated,0.0,0.35277096144241726,confident nonbinder,0.5210544225752904,0.0017189457498975767
SIEISG,src-f,Stimulated,0.0,0.26474513704140384,confident nonbinder,0.5210544225752904,0.0017189457498975767
GASTGY,src-f,Stimulated,0.0,0.10952342375463991,confident nonbinder,0.5210544225752904,0.0017189457498975767
EESEYM,src-f,Stimulated,1.0,0.8675278206405773,confident binder,0.5210544225752904,0.0017189457498975767
LEFSCD,src-f,Stimulated,0.0,0.5263916700426693,low-confidence,0.5210544225752904,0.0017189457498975767
ALQDFV,src-f,Stimulated,1.0,0.817213986281798,confident binder,0.5210544225752904,0.0017189457498975767
FSAYQK,src-f,Stimulated,1.0,0.7227373987348392,confident binder,0.5210544225752904,0.0017189457498975767
AIDKLD,src-f,Stimulated,1.0,0.8915484000026389,confident binder,0.5210544225752904,0.0017189457498975767
SISHPI,src-f,Stimulated,0.0,0.023131840355875215,confident nonbinder,0.5210544225752904,0.0017189457498975767
GTHGMT,src-f,Stimulated,0.0,0.3058064030961793,confident nonbinder,0.5210544225752904,0.0017189457498975767
KKVDAE,src-f,Stimulated,0.0,0.24226332141918605,confident nonbinder,0.5210544225752904,0.0017189457498975767
NLTFCV,src-f,Stimulated,1.0,0.8766396774288809,confident binder,0.5210544225752904,0.0017189457498975767
NLISGL,src-f,Stimulated,1.0,0.8220965127940134,confident binder,0.5210544225752904,0.0017189457498975767
KNEGTC,src-f,Stimulated,1.0,0.9144273705580866,confident binder,0.5210544225752904,0.0017189457498975767
CEITLN,src-f,Stimulated,1.0,0.9757060687656407,confident binder,0.5210544225752904,0.0017189457498975767
PAEPLD,src-f,Stimulated,1.0,0.6794631577886533,confident binder,0.5210544225752904,0.0017189457498975767
DIEINL,src-f,Stimulated,1.0,0.7081331876233937,confident binder,0.5210544225752904,0.0017189457498975767
PQAENE,src-f,Stimulated,0.0,0.0820668809629408,confident nonbinder,0.5210544225752904,0.0017189457498975767
GTEQPS,src-f,Stimulated,1.0,0.6268891178570918,confident binder,0.5210544225752904,0.0017189457498975767
IPDDYP,src-f,Stimulated,0.0,0.4280092127523465,low-confidence,0.5210544225752904,0.0017189457498975767
GGSMNF,src-f,Stimulated,0.0,0.4388164247338203,low-confidence,0.5210544225752904,0.0017189457498975767
EQDPFA,src-f,Stimulated,0.0,0.35944295420916794,confident nonbinder,0.5210544225752904,0.0017189457498975767
ELIQQD,src-f,Stimulated,1.0,0.7303471051020552,confident binder,0.5210544225752904,0.0017189457498975767
YVEMRD,src-f,Stimulated,1.0,0.651022366539547,confident binder,0.5210544225752904,0.0017189457498975767
VVSATK,src-f,Stimulated,0.0,0.5,low-confidence,0.5210544225752904,0.0017189457498975767
PGGCAA,src-f,Stimulated,0.0,0.24531944631709104,confident nonbinder,0.5210544225752904,0.0017189457498975767
HLPAPS,src-f,Stimulated,1.0,0.6272005779736415,confident binder,0.5210544225752904,0.0017189457498975767
GPVLGP,src-f,Stimulated,0.0,0.24887090443189333,confident nonbinder,0.5210544225752904,0.0017189457498975767
FGPQQF,src-f,Stimulated,1.0,0.6038548775802662,confident binder,0.5210544225752904,0.0017189457498975767
QLEIHG,src-f,Stimulated,1.0,0.7345412737593956,confident binder,0.5210544225752904,0.0017189457498975767
CPVITS,src-f,Stimulated,1.0,0.6358006233425759,confident binder,0.5210544225752904,0.0017189457498975767
SLLETR,src-f,Stimulated,1.0,0.89516443181926,confident binder,0.5210544225752904,0.0017189457498975767
SIAENS,src-f,Stimulated,0.0,0.3795652363593363,confident nonbinder,0.5210544225752904,0.0017189457498975767
PSSSTM,src-f,Stimulated,0.0,0.08587230462755487,confident nonbinder,0.5210544225752904,0.0017189457498975767
TDDFAP,src-f,Stimulated,0.0,0.2883073709903348,confident nonbinder,0.5210544225752904,0.0017189457498975767
KVASLN,src-f,Stimulated,1.0,0.9071882285514905,confident binder,0.5210544225752904,0.0017189457498975767
GLDGPV,src-f,Stimulated,1.0,0.6758007957319541,confident binder,0.5210544225752904,0.0017189457498975767
PSDLVL,src-f,Stimulated,1.0,0.8777912280898236,confident binder,0.5210544225752904,0.0017189457498975767
KIEVDG,src-f,Stimulated,0.0,0.14662532729243125,confident nonbinder,0.5210544225752904,0.0017189457498975767
DDSPRE,src-f,Stimulated,0.0,0.004333872077176432,confident nonbinder,0.5210544225752904,0.0017189457498975767
GLKELL,src-f,Stimulated,1.0,0.9487459143958364,confident binder,0.5210544225752904,0.0017189457498975767
DLTQNV,src-f,Stimulated,0.0,0.5,low-confidence,0.5210544225752904,0.0017189457498975767
PITLPA,src-f,Stimulated,1.0,0.9227159267945425,confident binder,0.5210544225752904,0.0017189457498975767
DGVKPQ,src-f,Stimulated,1.0,0.7696587752855164,confident binder,0.5210544225752904,0.0017189457498975767
EDNENA,src-f,Stimulated,0.0,0.04107229020720762,confident nonbinder,0.5210544225752904,0.0017189457498975767
EWNIDF,src-f,Stimulated,1.0,0.8597425650094369,confident binder,0.5210544225752904,0.0017189457498975767
KLANMF,src-f,Stimulated,1.0,0.9840382248702924,confident binder,0.5210544225752904,0.0017189457498975767
AHGRPK,src-f,Stimulated,1.0,0.7533575974232711,confident binder,0.5210544225752904,0.0017189457498975767
EEVAEK,src-f,Stimulated,0.0,0.32934924251674036,confident nonbinder,0.5210544225752904,0.0017189457498975767
EVQILE,src-f,Stimulated,1.0,0.9504840365926993,confident binder,0.5210544225752904,0.0017189457498975767
QIDLVD,src-f,Stimulated,1.0,0.9156599245282837,confident binder,0.5210544225752904,0.0017189457498975767
VDSDIN,src-f,Stimulated,1.0,0.8107629798304692,confident binder,0.5210544225752904,0.0017189457498975767
TGVATR,src-f,Stimulated,1.0,0.6141962654529888,confident binder,0.5210544225752904,0.0017189457498975767
EKELVT,src-f,Stimulated,1.0,0.8705961458135268,confident binder,0.5210544225752904,0.0017189457498975767
RSESVE,src-f,Stimulated,0.0,0.38282570369652874,confident nonbinder,0.5210544225752904,0.0017189457498975767
VSIDSA,src-f,Stimulated,0.0,0.5217921148261705,low-confidence,0.5210544225752904,0.0017189457498975767
EQEEVK,src-f,Stimulated,,,1,0.5210544225752904,0.0017189457498975767
FLHEGY,src-f,Stimulated,1.0,0.8166507517478314,confident binder,0.5210544225752904,0.0017189457498975767
TGSFAS,src-f,Stimulated,0.0,0.39870018351114755,confident nonbinder,0.5210544225752904,0.0017189457498975767
KIITLT,src-f,Stimulated,1.0,0.9034360620625715,confident binder,0.5210544225752904,0.0017189457498975767
QEIPVQ,src-f,Stimulated,1.0,0.745860204066607,confident binder,0.5210544225752904,0.0017189457498975767
NDINAS,src-f,Stimulated,1.0,0.8784400411066843,confident binder,0.5210544225752904,0.0017189457498975767
FIQGAS,src-f,Stimulated,1.0,0.6075040746393277,confident binder,0.5210544225752904,0.0017189457498975767
GGEEYS,src-f,Stimulated,1.0,0.782362504700068,confident binder,0.5210544225752904,0.0017189457498975767
LHQESD,src-f,Stimulated,0.0,0.23805912754868705,confident nonbinder,0.5210544225752904,0.0017189457498975767
AVSNLG,src-f,Stimulated,1.0,0.9416598002988096,confident binder,0.5210544225752904,0.0017189457498975767
DVETSD,src-f,Stimulated,0.0,0.2943116364397106,confident nonbinder,0.5210544225752904,0.0017189457498975767
DDGDRE,src-f,Stimulated,0.0,0.0041069481065243016,confident nonbinder,0.5210544225752904,0.0017189457498975767
DIEIKE,src-f,Stimulated,1.0,0.6528201775466758,confident binder,0.5210544225752904,0.0017189457498975767
PEPQVD,src-f,Stimulated,0.0,0.38237300996538304,confident nonbinder,0.5210544225752904,0.0017189457498975767
SASSFS,src-f,Stimulated,0.0,0.3143275516729505,confident nonbinder,0.5210544225752904,0.0017189457498975767
SAYNPG,src-f,Stimulated,1.0,0.8389428637194579,confident binder,0.5210544225752904,0.0017189457498975767
ASYGEQ,src-f,Stimulated,0.0,0.024998013426836573,confident nonbinder,0.5210544225752904,0.0017189457498975767
SLTATT,src-f,Stimulated,0.0,0.34444117385601647,confident nonbinder,0.5210544225752904,0.0017189457498975767
PDSDST,src-f,Stimulated,0.0,0.016697935999477397,confident nonbinder,0.5210544225752904,0.0017189457498975767
YASDNS,src-f,Stimulated,0.0,0.06095996080709359,confident nonbinder,0.5210544225752904,0.0017189457498975767
DVGPQP,src-f,Stimulated,0.0,0.01053623599485529,confident nonbinder,0.5210544225752904,0.0017189457498975767
SEIYGE,src-f,Stimulated,0.0,0.2013644892904696,confident nonbinder,0.5210544225752904,0.0017189457498975767
DMGHQF,src-f,Stimulated,0.0,0.005340532462905805,confident nonbinder,0.5210544225752904,0.0017189457498975767
QCSEAI,src-f,Stimulated,1.0,0.7350216713747896,confident binder,0.5210544225752904,0.0017189457498975767
ENSRPE,src-f,Stimulated,0.0,0.5,low-confidence,0.5210544225752904,0.0017189457498975767
FTAQQR,src-f,Stimulated,1.0,0.8342995226955975,confident binder,0.5210544225752904,0.0017189457498975767
SRESAL,src-f,Stimulated,0.0,0.4672428930519743,low-confidence,0.5210544225752904,0.0017189457498975767
DLVDLQ,src-f,Stimulated,1.0,0.9457124605113861,confident binder,0.5210544225752904,0.0017189457498975767
THWAGW,src-f,Stimulated,1.0,0.9521768671549782,confident binder,0.5210544225752904,0.0017189457498975767
DNDKTE,src-f,Stimulated,0.0,0.03028256652059381,confident nonbinder,0.5210544225752904,0.0017189457498975767
FSIDMD,src-f,Stimulated,1.0,0.9190690820936849,confident binder,0.5210544225752904,0.0017189457498975767
SLSQEY,src-f,Stimulated,0.0,0.29653905746366194,confident nonbinder,0.5210544225752904,0.0017189457498975767
AAVEEL,src-f,Stimulated,1.0,0.7375682814369522,confident binder,0.5210544225752904,0.0017189457498975767
LEQMST,src-f,Stimulated,0.0,0.4022026351869832,low-confidence,0.5210544225752904,0.0017189457498975767
SNHDSW,src-f,Stimulated,0.0,0.05460773586833241,confident nonbinder,0.5210544225752904,0.0017189457498975767
NGGGGP,src-f,Stimulated,,,0,0.5210544225752904,0.0017189457498975767
NRANVI,src-f,Stimulated,1.0,0.9865792525735219,confident binder,0.5210544225752904,0.0017189457498975767
SKQNYI,src-f,Stimulated,1.0,0.8566964670696036,confident binder,0.5210544225752904,0.0017189457498975767
YDSQSD,src-f,Stimulated,0.0,0.020710879498285994,confident nonbinder,0.5210544225752904,0.0017189457498975767
KVSLGE,src-f,Stimulated,0.0,0.17644514813872306,confident nonbinder,0.5210544225752904,0.0017189457498975767
VGSGSP,src-f,Stimulated,0.0,0.026528204671488493,confident nonbinder,0.5210544225752904,0.0017189457498975767
CSVECC,src-f,Stimulated,1.0,0.9827466697971257,confident binder,0.5210544225752904,0.0017189457498975767
NQQALK,src-f,Stimulated,1.0,0.9288511524711648,confident binder,0.5210544225752904,0.0017189457498975767
KEEEDD,src-f,Stimulated,0.0,0.022325463368449348,confident nonbinder,0.5210544225752904,0.0017189457498975767
GTSPEI,src-f,Stimulated,0.0,0.03552930652839262,confident nonbinder,0.5210544225752904,0.0017189457498975767
KQDSVE,src-f,Stimulated,0.0,0.40127508905366943,low-confidence,0.5210544225752904,0.0017189457498975767
SLGKPQ,src-f,Stimulated,0.0,0.3379835239595144,confident nonbinder,0.5210544225752904,0.0017189457498975767
LIGEPR,src-f,Stimulated,1.0,0.8415318903849525,confident binder,0.5210544225752904,0.0017189457498975767
SSEPDE,src-f,Stimulated,0.0,0.0034119681263923628,confident nonbinder,0.5210544225752904,0.0017189457498975767
REEECM,src-f,Stimulated,1.0,0.5977147367535557,low-confidence,0.5210544225752904,0.0017189457498975767
SNGGPY,src-f,Stimulated,0.0,0.02974351822733242,confident nonbinder,0.5210544225752904,0.0017189457498975767
EDVEMK,src-f,Stimulated,1.0,0.9456082757658167,confident binder,0.5210544225752904,0.0017189457498975767
VTQFHP,src-f,Stimulated,0.0,0.5159465927222038,low-confidence,0.5210544225752904,0.0017189457498975767
AQLEEE,src-f,Stimulated,0.0,0.29399425573935145,confident nonbinder,0.5210544225752904,0.0017189457498975767
SFEKPP,src-f,Stimulated,1.0,0.8499758240505698,confident binder,0.5210544225752904,0.0017189457498975767
SLQGLM,src-f,Stimulated,1.0,0.9012781194834246,confident binder,0.5210544225752904,0.0017189457498975767
AEGLVV,src-f,Stimulated,1.0,0.6602461375141667,confident binder,0.5210544225752904,0.0017189457498975767
DAVLPK,src-f,Stimulated,1.0,0.9415912766138863,confident binder,0.5210544225752904,0.0017189457498975767
VADPED,src-f,Stimulated,0.0,0.017031388293051612,confident nonbinder,0.5210544225752904,0.0017189457498975767
PVAQVG,src-f,Stimulated,1.0,0.797107244643035,confident binder,0.5210544225752904,0.0017189457498975767
ELQEWL,src-f,Stimulated,1.0,0.9962048836816527,confident binder,0.5210544225752904,0.0017189457498975767
MMSEND,src-f,Stimulated,0.0,0.13010405579552006,confident nonbinder,0.5210544225752904,0.0017189457498975767
PDCVWV,src-f,Stimulated,1.0,0.9800010394483466,confident binder,0.5210544225752904,0.0017189457498975767
DIREMG,src-f,Stimulated,0.0,0.00944690856855594,confident nonbinder,0.5210544225752904,0.0017189457498975767
VFQQVL,src-f,Stimulated,1.0,0.8740956387354363,confident binder,0.5210544225752904,0.0017189457498975767
PLLDDT,src-f,Stimulated,0.0,0.5453546823513142,low-confidence,0.5210544225752904,0.0017189457498975767
ELERPP,src-f,Stimulated,1.0,0.975684701105286,confident binder,0.5210544225752904,0.0017189457498975767
GMETPL,src-f,Stimulated,1.0,0.9248768242864763,confident binder,0.5210544225752904,0.0017189457498975767
LSVAQR,src-f,Stimulated,1.0,0.7017808493964034,confident binder,0.5210544225752904,0.0017189457498975767
SVTQMQ,src-f,Stimulated,1.0,0.829644269383429,confident binder,0.5210544225752904,0.0017189457498975767
DVKENL,src-f,Stimulated,0.0,0.40796944359383824,low-confidence,0.5210544225752904,0.0017189457498975767
SENSEI,src-f,Stimulated,0.0,0.024101628157650136,confident nonbinder,0.5210544225752904,0.0017189457498975767
AVTSVQ,src-f,Stimulated,1.0,0.8198365993582418,confident binder,0.5210544225752904,0.0017189457498975767
RDIAPW,src-f,Stimulated,1.0,0.7202972242362994,confident binder,0.5210544225752904,0.0017189457498975767
HAKPVQ,src-f,Stimulated,0.0,0.3731225158101101,confident nonbinder,0.5210544225752904,0.0017189457498975767
DYKASV,src-f,Stimulated,0.0,0.2614117885490492,confident nonbinder,0.5210544225752904,0.0017189457498975767
FIHEAV,src-f,Stimulated,1.0,0.8697172430606994,confident binder,0.5210544225752904,0.0017189457498975767
QDLIID,src-f,Stimulated,1.0,0.9575274587478602,confident binder,0.5210544225752904,0.0017189457498975767
YDSSSL,src-f,Stimulated,0.0,0.1063785434870908,confident nonbinder,0.5210544225752904,0.0017189457498975767
GEAVPF,src-f,Stimulated,,,1,0.5210544225752904,0.0017189457498975767
AEDAYR,src-f,Stimulated,1.0,0.8423908743769377,confident binder,0.5210544225752904,0.0017189457498975767
NPDSSR,src-f,Stimulated,0.0,0.08325987740914875,confident nonbinder,0.5210544225752904,0.0017189457498975767
GFEGIM,src-f,Stimulated,1.0,0.9194158387433583,confident binder,0.5210544225752904,0.0017189457498975767
PTGDLN,src-f,Stimulated,0.0,0.5460525786791874,low-confidence,0.5210544225752904,0.0017189457498975767
SLVAPS,src-f,Stimulated,1.0,0.9109611613901273,confident binder,0.5210544225752904,0.0017189457498975767
SLEIKD,src-f,Stimulated,1.0,0.7101735542170685,confident binder,0.5210544225752904,0.0017189457498975767
TLEALK,src-f,Stimulated,1.0,0.9888806683633107,confident binder,0.5210544225752904,0.0017189457498975767
GLDNLE,src-f,Stimulated,1.0,0.981493119509104,confident binder,0.5210544225752904,0.0017189457498975767
MTNYAN,src-f,Stimulated,0.0,0.1586817366920619,confident nonbinder,0.5210544225752904,0.0017189457498975767
SLGIAK,src-f,Stimulated,,,0,0.5210544225752904,0.0017189457498975767
TTLEPG,src-f,Stimulated,1.0,0.8735374484867883,confident binder,0.5210544225752904,0.0017189457498975767
LVSQDL,src-f,Stimulated,1.0,0.6702162189187109,confident binder,0.5210544225752904,0.0017189457498975767
KVGTPE,src-f,Stimulated,0.0,0.269624737796772,confident nonbinder,0.5210544225752904,0.0017189457498975767
FDDDEP,src-f,Stimulated,0.0,0.10202730566158583,confident nonbinder,0.5210544225752904,0.0017189457498975767
CNEASA,src-f,Stimulated,0.0,0.46187562876721605,low-confidence,0.5210544225752904,0.0017189457498975767
PFVPLG,src-f,Stimulated,1.0,0.7396410493556932,confident binder,0.5210544225752904,0.0017189457498975767
DSSNTL,src-f,Stimulated,0.0,0.4540690736372688,low-confidence,0.5210544225752904,0.0017189457498975767
VFQQEL,src-f,Stimulated,1.0,0.6039851071689962,confident binder,0.5210544225752904,0.0017189457498975767
LHAVLH,src-f,Stimulated,1.0,0.9830516104573813,confident binder,0.5210544225752904,0.0017189457498975767
EKQELL,src-f,Stimulated,1.0,0.9434768884172009,confident binder,0.5210544225752904,0.0017189457498975767
SNEVFQ,src-f,Stimulated,1.0,0.6604922357027885,confident binder,0.5210544225752904,0.0017189457498975767
MVMNDK,src-f,Stimulated,1.0,0.7550608639775903,confident binder,0.5210544225752904,0.0017189457498975767
KIELAV,src-f,Stimulated,,,0,0.5210544225752904,0.0017189457498975767
GIVINP,src-f,Stimulated,1.0,0.6221427987991741,confident binder,0.5210544225752904,0.0017189457498975767
ANILNM,src-f,Stimulated,1.0,0.7094373966658973,confident binder,0.5210544225752904,0.0017189457498975767
GRQPGG,src-f,Stimulated,0.0,0.0021282195113551112,confident nonbinder,0.5210544225752904,0.0017189457498975767
QYQHLL,src-f,Stimulated,0.0,0.19906942166262315,confident nonbinder,0.5210544225752904,0.0017189457498975767
SETPID,src-f,Stimulated,1.0,0.5694111957099444,low-confidence,0.5210544225752904,0.0017189457498975767
GINSEK,src-f,Stimulated,0.0,0.053428065146144656,confident nonbinder,0.5210544225752904,0.0017189457498975767
LDGLKP,src-f,Stimulated,,,0,0.5210544225752904,0.0017189457498975767
AEGLAV,src-f,Stimulated,0.0,0.28849823761067644,confident nonbinder,0.5210544225752904,0.0017189457498975767
PIGYDE,src-f,Stimulated,0.0,0.017661753588555196,confident nonbinder,0.5210544225752904,0.0017189457498975767
AKEVIH,src-f,Stimulated,1.0,0.976823550124509,confident binder,0.5210544225752904,0.0017189457498975767
RSSSLM,src-f,Stimulated,1.0,0.6319199168652732,confident binder,0.5210544225752904,0.0017189457498975767
MEYTHE,src-f,Stimulated,0.0,0.3627021030564647,confident nonbinder,0.5210544225752904,0.0017189457498975767
AQNMDQ,src-f,Stimulated,0.0,0.03422971663936707,confident nonbinder,0.5210544225752904,0.0017189457498975767
ETADIG,src-f,Stimulated,1.0,0.8545217268424208,confident binder,0.5210544225752904,0.0017189457498975767
KEIIPS,src-f,Stimulated,1.0,0.7933678897386627,confident binder,0.5210544225752904,0.0017189457498975767
SVQPLK,src-f,Stimulated,1.0,0.8492358442844243,confident binder,0.5210544225752904,0.0017189457498975767
PTSPAP,src-f,Stimulated,0.0,0.05413242376898163,confident nonbinder,0.5210544225752904,0.0017189457498975767
HPQWAK,src-f,Stimulated,1.0,0.9695925076522525,confident binder,0.5210544225752904,0.0017189457498975767
NLDDPY,src-f,Stimulated,1.0,0.948131550860282,confident binder,0.5210544225752904,0.0017189457498975767
ELDLSK,src-f,Stimulated,1.0,0.6288820008385794,confident binder,0.5210544225752904,0.0017189457498975767
PLEANG,src-f,Stimulated,0.0,0.2443968367916358,confident nonbinder,0.5210544225752904,0.0017189457498975767
TCDSDD,src-f,Stimulated,0.0,0.03583233940494209,confident nonbinder,0.5210544225752904,0.0017189457498975767
DNDYIV,src-f,Stimulated,1.0,0.8852233417615014,confident binder,0.5210544225752904,0.0017189457498975767
ENDCGT,src-f,Stimulated,0.0,0.05317370913230714,confident nonbinder,0.5210544225752904,0.0017189457498975767
TVECVV,src-f,Stimulated,1.0,0.9582686595078517,confident binder,0.5210544225752904,0.0017189457498975767
VEDDLE,src-f,Stimulated,1.0,0.8692564788548336,confident binder,0.5210544225752904,0.0017189457498975767
LNCFSG,src-f,Stimulated,0.0,0.413526586655099,low-confidence,0.5210544225752904,0.0017189457498975767
RSEDMI,src-f,Stimulated,1.0,0.6482221869869592,confident binder,0.5210544225752904,0.0017189457498975767
VPSPAI,src-f,Stimulated,0.0,0.21475148820883352,confident nonbinder,0.5210544225752904,0.0017189457498975767
LLTVSE,src-f,Stimulated,1.0,0.7569874188131074,confident binder,0.5210544225752904,0.0017189457498975767
GHYVPL,src-f,Stimulated,1.0,0.8820585913923724,confident binder,0.5210544225752904,0.0017189457498975767
TFFDTE,src-f,Stimulated,0.0,0.441278196890316,low-confidence,0.5210544225752904,0.0017189457498975767
DAVDLD,src-f,Stimulated,1.0,0.8856161734994941,confident binder,0.5210544225752904,0.0017189457498975767
SHFASK,src-f,Stimulated,0.0,0.28268633440586116,confident nonbinder,0.5210544225752904,0.0017189457498975767
TCSAIP,src-f,Stimulated,1.0,0.8934672510461843,confident binder,0.5210544225752904,0.0017189457498975767
PDMPVV,src-f,Stimulated,1.0,0.5978865705047517,low-confidence,0.5210544225752904,0.0017189457498975767
FRGPLP,src-f,Stimulated,0.0,0.44912975916709724,low-confidence,0.5210544225752904,0.0017189457498975767
TGSAEL,src-f,Stimulated,0.0,0.26580387079950507,confident nonbinder,0.5210544225752904,0.0017189457498975767
PLEGLG,src-f,Stimulated,1.0,0.8350860271458503,confident binder,0.5210544225752904,0.0017189457498975767
EEEWKE,src-f,Stimulated,1.0,0.965565064308646,confident binder,0.5210544225752904,0.0017189457498975767
EHHLHL,src-f,Stimulated,1.0,0.6006805385807518,confident binder,0.5210544225752904,0.0017189457498975767
GHGDIN,src-f,Stimulated,1.0,0.6715445826375939,confident binder,0.5210544225752904,0.0017189457498975767
RHDSIA,src-f,Stimulated,1.0,0.8728985943492821,confident binder,0.5210544225752904,0.0017189457498975767
SISSWQ,src-f,Stimulated,1.0,0.9902850270091818,confident binder,0.5210544225752904,0.0017189457498975767
VEAIEA,src-f,Stimulated,1.0,0.7055281445753447,confident binder,0.5210544225752904,0.0017189457498975767
YGDDLQ,src-f,Stimulated,1.0,0.8653634310946174,confident binder,0.5210544225752904,0.0017189457498975767
HISNLA,src-f,Stimulated,1.0,0.9853253700605553,confident binder,0.5210544225752904,0.0017189457498975767
DISGDK,src-f,Stimulated,0.0,0.038001338455987424,confident nonbinder,0.5210544225752904,0.0017189457498975767
KKVFLD,src-f,Stimulated,1.0,0.8806815552300427,confident binder,0.5210544225752904,0.0017189457498975767
LATLGV,src-f,Stimulated,1.0,0.7449987603575596,confident binder,0.5210544225752904,0.0017189457498975767
ILTYSG,src-f,Stimulated,0.0,0.39050294239652206,confident nonbinder,0.5210544225752904,0.0017189457498975767
RDVDEQ,src-f,Stimulated,0.0,0.019062021870295414,confident nonbinder,0.5210544225752904,0.0017189457498975767
TTAITP,src-f,Stimulated,0.0,0.43541414101625936,low-confidence,0.5210544225752904,0.0017189457498975767
VNEQPT,src-f,Stimulated,0.0,0.5320136343400752,low-confidence,0.5210544225752904,0.0017189457498975767
DADGVT,src-f,Stimulated,0.0,0.4892524551844528,low-confidence,0.5210544225752904,0.0017189457498975767
PVSYFK,src-f,Stimulated,1.0,0.818225255451101,confident binder,0.5210544225752904,0.0017189457498975767
KVISAN,src-f,Stimulated,1.0,0.6878766340768349,confident binder,0.5210544225752904,0.0017189457498975767
ERTEFY,src-f,Stimulated,1.0,0.7887824395910656,confident binder,0.5210544225752904,0.0017189457498975767
LIEDYV,src-f,Stimulated,1.0,0.9123354908382417,confident binder,0.5210544225752904,0.0017189457498975767
GDIDSS,src-f,Stimulated,0.0,0.08416052249217719,confident nonbinder,0.5210544225752904,0.0017189457498975767
HITWVD,src-f,Stimulated,1.0,0.9831013279237111,confident binder,0.5210544225752904,0.0017189457498975767
EVCNPK,src-f,Stimulated,1.0,0.993267310967537,confident binder,0.5210544225752904,0.0017189457498975767
PMAAGL,src-f,Stimulated,1.0,0.6455125719889249,confident binder,0.5210544225752904,0.0017189457498975767
NEDIPP,src-f,Stimulated,1.0,0.6391169800143984,confident binder,0.5210544225752904,0.0017189457498975767
CLGNVE,src-f,Stimulated,1.0,0.9304516782837315,confident binder,0.5210544225752904,0.0017189457498975767
GPVDLD,src-f,Stimulated,1.0,0.8490967217142625,confident binder,0.5210544225752904,0.0017189457498975767
ADLRPR,src-f,Stimulated,1.0,0.9777631823710298,confident binder,0.5210544225752904,0.0017189457498975767
YAQKPE,src-f,Stimulated,0.0,0.539077087074308,low-confidence,0.5210544225752904,0.0017189457498975767
VANEEE,src-f,Stimulated,0.0,0.04145616086257569,confident nonbinder,0.5210544225752904,0.0017189457498975767
QHTELT,src-f,Stimulated,1.0,0.9387814372253718,confident binder,0.5210544225752904,0.0017189457498975767
HTEEIE,src-f,Stimulated,,,1,0.5210544225752904,0.0017189457498975767
LIIDPS,src-f,Stimulated,1.0,0.9226591131371642,confident binder,0.5210544225752904,0.0017189457498975767
LLEGPP,src-f,Stimulated,1.0,0.8918306333541439,confident binder,0.5210544225752904,0.0017189457498975767
FLAWCG,src-f,Stimulated,1.0,0.9616111282408702,confident binder,0.5210544225752904,0.0017189457498975767
KQSWDQ,src-f,Stimulated,1.0,0.7012709218965453,confident binder,0.5210544225752904,0.0017189457498975767
NKQGRD,src-f,Stimulated,,,0,0.5210544225752904,0.0017189457498975767
SLSATK,src-f,Stimulated,0.0,0.46872459647255105,low-confidence,0.5210544225752904,0.0017189457498975767
RVVVPV,src-f,Stimulated,1.0,0.8994132060575856,confident binder,0.5210544225752904,0.0017189457498975767
RDDFTS,src-f,Stimulated,0.0,0.0167137673954319,confident nonbinder,0.5210544225752904,0.0017189457498975767
MKVLGQ,src-f,Stimulated,0.0,0.2658702101904774,confident nonbinder,0.5210544225752904,0.0017189457498975767
TSQPFS,src-f,Stimulated,0.0,0.1466793380850329,confident nonbinder,0.5210544225752904,0.0017189457498975767
SSVQDR,src-f,Stimulated,0.0,0.0989550067677169,confident nonbinder,0.5210544225752904,0.0017189457498975767
ALVNSF,src-f,Stimulated,1.0,0.9551219066451234,confident binder,0.5210544225752904,0.0017189457498975767
DGEPEP,src-f,Stimulated,0.0,0.013470829070726784,confident nonbinder,0.5210544225752904,0.0017189457498975767
VEEPRG,src-f,Stimulated,0.0,0.03505623886468545,confident nonbinder,0.5210544225752904,0.0017189457498975767
GYSSAF,src-f,Stimulated,1.0,0.6626400689083483,confident binder,0.5210544225752904,0.0017189457498975767
PLESPR,src-f,Stimulated,1.0,0.9578450900023453,confident binder,0.5210544225752904,0.0017189457498975767
FIEAWQ,src-f,Stimulated,1.0,0.9883300326792097,confident binder,0.5210544225752904,0.0017189457498975767
EGDELQ,src-f,Stimulated,1.0,0.8985469615319899,confident binder,0.5210544225752904,0.0017189457498975767
SAEEVP,src-f,Stimulated,1.0,0.8865990813409848,confident binder,0.5210544225752904,0.0017189457498975767
LVENIN,src-f,Stimulated,1.0,0.9913036471371092,confident binder,0.5210544225752904,0.0017189457498975767
PDWHSR,src-f,Stimulated,0.0,0.27467504553390876,confident nonbinder,0.5210544225752904,0.0017189457498975767
DQCWQH,src-f,Stimulated,1.0,0.94801421367196,confident binder,0.5210544225752904,0.0017189457498975767
SEQEIA,src-f,Stimulated,1.0,0.9643564383569065,confident binder,0.5210544225752904,0.0017189457498975767
SQNMAG,src-f,Stimulated,0.0,0.049784187225644885,confident nonbinder,0.5210544225752904,0.0017189457498975767
PVTDSE,src-f,Stimulated,0.0,0.17540100293213945,confident nonbinder,0.5210544225752904,0.0017189457498975767
LTDGAL,src-f,Stimulated,0.0,0.5265744815901715,low-confidence,0.5210544225752904,0.0017189457498975767
DSAAIS,src-f,Stimulated,1.0,0.8568256838033529,confident binder,0.5210544225752904,0.0017189457498975767
SLSFSD,src-f,Stimulated,0.0,0.29240158222811313,confident nonbinder,0.5210544225752904,0.0017189457498975767
LLEGFE,src-f,Stimulated,1.0,0.8316365453066322,confident binder,0.5210544225752904,0.0017189457498975767
ANLEDR,src-f,Stimulated,0.0,0.3488696144153217,confident nonbinder,0.5210544225752904,0.0017189457498975767
QDEDFM,src-f,Stimulated,1.0,0.8639310463905799,confident binder,0.5210544225752904,0.0017189457498975767
AADFSQ,src-f,Stimulated,0.0,0.19321820388827107,confident nonbinder,0.5210544225752904,0.0017189457498975767
SIQDQE,src-f,Stimulated,0.0,0.1849945503120917,confident nonbinder,0.5210544225752904,0.0017189457498975767
PVGFQW,src-f,Stimulated,0.0,0.38679224010242513,confident nonbinder,0.5210544225752904,0.0017189457498975767
HQNIEY,src-f,Stimulated,0.0,0.0679190350884613,confident nonbinder,0.5210544225752904,0.0017189457498975767
THTMTN,src-f,Stimulated,0.0,0.45284493669241677,low-confidence,0.5210544225752904,0.0017189457498975767
YIGENQ,src-f,Stimulated,0.0,0.06493107915948201,confident nonbinder,0.5210544225752904,0.0017189457498975767
INEESM,src-f,Stimulated,0.0,0.36735438167813744,confident nonbinder,0.5210544225752904,0.0017189457498975767
FPEAST,src-f,Stimulated,0.0,0.45063521860803707,low-confidence,0.5210544225752904,0.0017189457498975767
AFAPQK,src-f,Stimulated,0.0,0.5256889063977238,low-confidence,0.5210544225752904,0.0017189457498975767
GLSFSE,src-f,Stimulated,0.0,0.2952305120094229,confident nonbinder,0.5210544225752904,0.0017189457498975767
VINPAT,src-f,Stimulated,0.0,0.13025164221359747,confident nonbinder,0.5210544225752904,0.0017189457498975767
SKEVLT,src-f,Stimulated,1.0,0.9172674970483584,confident binder,0.5210544225752904,0.0017189457498975767
LFTLSP,src-f,Stimulated,1.0,0.7183047732763113,confident binder,0.5210544225752904,0.0017189457498975767
TIDLGT,src-f,Stimulated,0.0,0.38373766986301805,confident nonbinder,0.5210544225752904,0.0017189457498975767
RFEQMN,src-f,Stimulated,1.0,0.8320866458008208,confident binder,0.5210544225752904,0.0017189457498975767
NPEPEL,src-f,Stimulated,0.0,0.07968890378220439,confident nonbinder,0.5210544225752904,0.0017189457498975767
NKQIHI,src-f,Stimulated,0.0,0.49076669319606875,low-confidence,0.5210544225752904,0.0017189457498975767
NHITPM,src-f,Stimulated,1.0,0.9696537713353641,confident binder,0.5210544225752904,0.0017189457498975767
LDQATL,src-f,Stimulated,0.0,0.4451221122078015,low-confidence,0.5210544225752904,0.0017189457498975767
GSSINF,src-f,Stimulated,0.0,0.27098125858641076,confident nonbinder,0.5210544225752904,0.0017189457498975767
EQFELT,src-f,Stimulated,1.0,0.8750672964292299,confident binder,0.5210544225752904,0.0017189457498975767
PVEPVS,src-f,Stimulated,1.0,0.7544616523388691,confident binder,0.5210544225752904,0.0017189457498975767
QWVQQM,src-f,Stimulated,1.0,0.9466311038826157,confident binder,0.5210544225752904,0.0017189457498975767
DAHNAE,src-f,Stimulated,1.0,0.594102596049244,low-confidence,0.5210544225752904,0.0017189457498975767
IFSSGG,src-f,Stimulated,0.0,0.11685300150744181,confident nonbinder,0.5210544225752904,0.0017189457498975767
PSTAYK,src-f,Stimulated,1.0,0.6530927263569279,confident binder,0.5210544225752904,0.0017189457498975767
DRDGMV,src-f,Stimulated,1.0,0.554504541514216,low-confidence,0.5210544225752904,0.0017189457498975767
DFEMLA,src-f,Stimulated,1.0,0.9897215192623638,confident binder,0.5210544225752904,0.0017189457498975767
ANEEDE,src-f,Stimulated,0.0,0.03918570311624155,confident nonbinder,0.5210544225752904,0.0017189457498975767
PAHDPL,src-f,Stimulated,1.0,0.6918770493814536,confident binder,0.5210544225752904,0.0017189457498975767
NKEQET,src-f,Stimulated,0.0,0.05188167961631797,confident nonbinder,0.5210544225752904,0.0017189457498975767
RNDTYT,src-f,Stimulated,0.0,0.14768948874728358,confident nonbinder,0.5210544225752904,0.0017189457498975767
EAQLLK,src-f,Stimulated,1.0,0.9577067394079312,confident binder,0.5210544225752904,0.0017189457498975767
RMELVH,src-f,Stimulated,1.0,0.9157887081663046,confident binder,0.5210544225752904,0.0017189457498975767
TANRPA,src-f,Stimulated,1.0,0.8472553578728605,confident binder,0.5210544225752904,0.0017189457498975767
HALGPT,src-f,Stimulated,1.0,0.6827124205420372,confident binder,0.5210544225752904,0.0017189457498975767
SEARPH,src-f,Stimulated,1.0,0.9335040980415868,confident binder,0.5210544225752904,0.0017189457498975767
GDFTFT,src-1,Unstimulated,0.0,0.4696209876206542,low-confidence,0.7380380471380469,0.0058426703494307095
VIKVPQ,src-1,Unstimulated,1.0,0.7704067138090445,confident binder,0.7380380471380469,0.0058426703494307095
NISVPH,src-1,Unstimulated,,,1,0.7380380471380469,0.0058426703494307095
RLEWIS,src-1,Unstimulated,1.0,0.9920699250653441,confident binder,0.7380380471380469,0.0058426703494307095
VDAPAG,src-1,Unstimulated,0.0,0.06118155531057628,confident nonbinder,0.7380380471380469,0.0058426703494307095
ADDTLS,src-1,Unstimulated,1.0,0.8565770625516661,confident binder,0.7380380471380469,0.0058426703494307095
SFHAFS,src-1,Unstimulated,1.0,0.6173920914329495,confident binder,0.7380380471380469,0.0058426703494307095
VDVQVD,src-1,Unstimulated,1.0,0.8096400292647612,confident binder,0.7380380471380469,0.0058426703494307095
HILLPS,src-1,Unstimulated,1.0,0.9358962936214252,confident binder,0.7380380471380469,0.0058426703494307095
SPATLT,src-1,Unstimulated,,,1,0.7380380471380469,0.0058426703494307095
MPQYPA,src-1,Unstimulated,1.0,0.6426602921268197,confident binder,0.7380380471380469,0.0058426703494307095
WIDTPV,src-1,Unstimulated,0.0,0.10568222079815405,confident nonbinder,0.7380380471380469,0.0058426703494307095
SLNLPR,src-1,Unstimulated,1.0,0.8569324599691509,confident binder,0.7380380471380469,0.0058426703494307095
SWHGPV,src-1,Unstimulated,1.0,0.9579016202685018,confident binder,0.7380380471380469,0.0058426703494307095
TPLVSR,src-1,Unstimulated,1.0,0.7014006526484587,confident binder,0.7380380471380469,0.0058426703494307095
ATAPVI,src-1,Unstimulated,1.0,0.7333214879015227,confident binder,0.7380380471380469,0.0058426703494307095
SHADVD,src-1,Unstimulated,1.0,0.8460169317648083,confident binder,0.7380380471380469,0.0058426703494307095
RVENVG,src-1,Unstimulated,1.0,0.9168718161085192,confident binder,0.7380380471380469,0.0058426703494307095
PSVNVQ,src-1,Unstimulated,1.0,0.9448793469298437,confident binder,0.7380380471380469,0.0058426703494307095
PGGCAA,src-1,Unstimulated,0.0,0.24531944631709104,confident nonbinder,0.7380380471380469,0.0058426703494307095
DKAALA,src-1,Unstimulated,1.0,0.9511516287362011,confident binder,0.7380380471380469,0.0058426703494307095
PDINPR,src-1,Unstimulated,1.0,0.9785889946738138,confident binder,0.7380380471380469,0.0058426703494307095
GIEALE,src-1,Unstimulated,1.0,0.9379472231882292,confident binder,0.7380380471380469,0.0058426703494307095
PITLPA,src-1,Unstimulated,1.0,0.9227159267945425,confident binder,0.7380380471380469,0.0058426703494307095
DGVKPQ,src-1,Unstimulated,1.0,0.7696587752855164,confident binder,0.7380380471380469,0.0058426703494307095
EKAFVN,src-1,Unstimulated,1.0,0.8923146035536433,confident binder,0.7380380471380469,0.0058426703494307095
QPQSIY,src-1,Unstimulated,1.0,0.888605094557997,confident binder,0.7380380471380469,0.0058426703494307095
GQGEVY,src-1,Unstimulated,0.0,0.4752661534206363,low-confidence,0.7380380471380469,0.0058426703494307095
PNDKWE,src-1,Unstimulated,1.0,0.9780709207611514,confident binder,0.7380380471380469,0.0058426703494307095
TGVATR,src-1,Unstimulated,1.0,0.6141962654529888,confident binder,0.7380380471380469,0.0058426703494307095
ALVEPH,src-1,Unstimulated,1.0,0.9802515025496319,confident binder,0.7380380471380469,0.0058426703494307095
KIITLT,src-1,Unstimulated,1.0,0.9034360620625715,confident binder,0.7380380471380469,0.0058426703494307095
SAGSVK,src-1,Unstimulated,0.0,0.4240098586082733,low-confidence,0.7380380471380469,0.0058426703494307095
IVLKPS,src-1,Unstimulated,1.0,0.8683561636172854,confident binder,0.7380380471380469,0.0058426703494307095
DIAVPI,src-1,Unstimulated,1.0,0.9330608264854667,confident binder,0.7380380471380469,0.0058426703494307095
NGISAA,src-1,Unstimulated,1.0,0.8161208479157696,confident binder,0.7380380471380469,0.0058426703494307095
SIYITG,src-1,Unstimulated,0.0,0.3422277769306821,confident nonbinder,0.7380380471380469,0.0058426703494307095
QEDSSF,src-1,Unstimulated,0.0,0.20104635860322256,confident nonbinder,0.7380380471380469,0.0058426703494307095
TLDFPG,src-1,Unstimulated,1.0,0.8320292949439926,confident binder,0.7380380471380469,0.0058426703494307095
ELEIHK,src-1,Unstimulated,1.0,0.9224956125690629,confident binder,0.7380380471380469,0.0058426703494307095
INQPPT,src-1,Unstimulated,0.0,0.0979127770727434,confident nonbinder,0.7380380471380469,0.0058426703494307095
FLDEVH,src-1,Unstimulated,,,1,0.7380380471380469,0.0058426703494307095
SPVHYL,src-1,Unstimulated,0.0,0.04067011373462563,confident nonbinder,0.7380380471380469,0.0058426703494307095
APFLGS,src-1,Unstimulated,0.0,0.2805932877126268,confident nonbinder,0.7380380471380469,0.0058426703494307095
QVDVPT,src-1,Unstimulated,1.0,0.8853896684451255,confident binder,0.7380380471380469,0.0058426703494307095
NIDIPK,src-1,Unstimulated,1.0,0.9460924975441867,confident binder,0.7380380471380469,0.0058426703494307095
TLDVPR,src-1,Unstimulated,1.0,0.9727896842016257,confident binder,0.7380380471380469,0.0058426703494307095
AHENLN,src-1,Unstimulated,1.0,0.9914458770274094,confident binder,0.7380380471380469,0.0058426703494307095
SVLSTP,src-1,Unstimulated,0.0,0.5083637364758555,low-confidence,0.7380380471380469,0.0058426703494307095
KATNFD,src-1,Unstimulated,1.0,0.8136844498887332,confident binder,0.7380380471380469,0.0058426703494307095
IHLDTT,src-1,Unstimulated,0.0,0.5,low-confidence,0.7380380471380469,0.0058426703494307095
DIAVEI,src-1,Unstimulated,1.0,0.7685623690091052,confident binder,0.7380380471380469,0.0058426703494307095
LIDFIE,src-1,Unstimulated,1.0,0.9398126113217435,confident binder,0.7380380471380469,0.0058426703494307095
QISDPL,src-1,Unstimulated,1.0,0.8898931863651312,confident binder,0.7380380471380469,0.0058426703494307095
EDNLIV,src-1,Unstimulated,1.0,0.8443759470828983,confident binder,0.7380380471380469,0.0058426703494307095
DDAVPP,src-1,Unstimulated,,,1,0.7380380471380469,0.0058426703494307095
PVEDAA,src-1,Unstimulated,1.0,0.8582697863409793,confident binder,0.7380380471380469,0.0058426703494307095
TYWPRP,src-1,Unstimulated,1.0,0.8260651628833383,confident binder,0.7380380471380469,0.0058426703494307095
KKVATL,src-1,Unstimulated,0.0,0.38062286051768196,confident nonbinder,0.7380380471380469,0.0058426703494307095
LLKPVD,src-1,Unstimulated,1.0,0.7591206230988545,confident binder,0.7380380471380469,0.0058426703494307095
RVALPE,src-1,Unstimulated,1.0,0.803798842015675,confident binder,0.7380380471380469,0.0058426703494307095
HAAQPQ,src-1,Unstimulated,1.0,0.7761016154637094,confident binder,0.7380380471380469,0.0058426703494307095
SVYNEA,src-1,Unstimulated,1.0,0.8673451419140261,confident binder,0.7380380471380469,0.0058426703494307095
TIQILL,src-1,Unstimulated,,,1,0.7380380471380469,0.0058426703494307095
KKSLTV,src-1,Unstimulated,0.0,0.1441848338577374,confident nonbinder,0.7380380471380469,0.0058426703494307095
SDGRPL,src-1,Unstimulated,0.0,0.39345332612207395,confident nonbinder,0.7380380471380469,0.0058426703494307095
HVSFPN,src-1,Unstimulated,1.0,0.8691957965145787,confident binder,0.7380380471380469,0.0058426703494307095
PAYVLE,src-1,Unstimulated,1.0,0.9237370927395806,confident binder,0.7380380471380469,0.0058426703494307095
PKATPQ,src-1,Unstimulated,1.0,0.6182532548843929,confident binder,0.7380380471380469,0.0058426703494307095
GIAISW,src-1,Unstimulated,1.0,0.7186805461334538,confident binder,0.7380380471380469,0.0058426703494307095
GPAQPS,src-1,Unstimulated,0.0,0.5481462847725713,low-confidence,0.7380380471380469,0.0058426703494307095
AFAMGR,src-1,Unstimulated,1.0,0.859127554099815,confident binder,0.7380380471380469,0.0058426703494307095
PLVALA,src-1,Unstimulated,,,1,0.7380380471380469,0.0058426703494307095
LHPAPK,src-1,Unstimulated,1.0,0.7268384070699796,confident binder,0.7380380471380469,0.0058426703494307095
KKFSLK,src-1,Unstimulated,1.0,0.789529338680441,confident binder,0.7380380471380469,0.0058426703494307095
PSGFLV,src-1,Unstimulated,1.0,0.5937947738478551,low-confidence,0.7380380471380469,0.0058426703494307095
ALAAVN,src-1,Unstimulated,1.0,0.9313388251902451,confident binder,0.7380380471380469,0.0058426703494307095
SLHDIS,src-1,Unstimulated,1.0,0.8889151449581398,confident binder,0.7380380471380469,0.0058426703494307095
VDVVVD,src-1,Unstimulated,1.0,0.8854167752218856,confident binder,0.7380380471380469,0.0058426703494307095
NADKTA,src-1,Unstimulated,0.0,0.3451918147421472,confident nonbinder,0.7380380471380469,0.0058426703494307095
IDDSLK,src-1,Unstimulated,1.0,0.8586384631608576,confident binder,0.7380380471380469,0.0058426703494307095
LAVAPT,src-1,Unstimulated,1.0,0.8894865894473588,confident binder,0.7380380471380469,0.0058426703494307095
GPDVVV,src-1,Unstimulated,1.0,0.8401287336346748,confident binder,0.7380380471380469,0.0058426703494307095
RQATLD,src-1,Unstimulated,1.0,0.7002210720604041,confident binder,0.7380380471380469,0.0058426703494307095
RIDLNI,src-1,Unstimulated,0.0,0.3709072638267727,confident nonbinder,0.7380380471380469,0.0058426703494307095
PGVGFA,src-1,Unstimulated,1.0,0.6526521451950588,confident binder,0.7380380471380469,0.0058426703494307095
GQHTLQ,src-1,Unstimulated,1.0,0.7298647618728973,confident binder,0.7380380471380469,0.0058426703494307095
DGESYG,src-1,Unstimulated,0.0,0.40757640924244914,low-confidence,0.7380380471380469,0.0058426703494307095
DCDIPR,src-1,Unstimulated,1.0,0.9034117717239131,confident binder,0.7380380471380469,0.0058426703494307095
EKNVPL,src-1,Unstimulated,0.0,0.5,low-confidence,0.7380380471380469,0.0058426703494307095
KLVSSE,src-1,Unstimulated,0.0,0.38248090636216864,confident nonbinder,0.7380380471380469,0.0058426703494307095
AIDICR,src-1,Unstimulated,1.0,0.8449092968786933,confident binder,0.7380380471380469,0.0058426703494307095
PINEPD,src-1,Unstimulated,1.0,0.5900450210079946,low-confidence,0.7380380471380469,0.0058426703494307095
EVTIPV,src-1,Unstimulated,1.0,0.910419378312446,confident binder,0.7380380471380469,0.0058426703494307095
EGEVVT,src-1,Unstimulated,1.0,0.9327310184454265,confident binder,0.7380380471380469,0.0058426703494307095
AISLAA,src-1,Unstimulated,1.0,0.825793636433288,confident binder,0.7380380471380469,0.0058426703494307095
RGSFTT,src-1,Unstimulated,0.0,0.04546605014877861,confident nonbinder,0.7380380471380469,0.0058426703494307095
VDLALD,src-1,Unstimulated,1.0,0.9193986437751969,confident binder,0.7380380471380469,0.0058426703494307095
VSICSR,src-1,Unstimulated,,,1,0.7380380471380469,0.0058426703494307095
PHGVPF,src-1,Unstimulated,1.0,0.6713683831713693,confident binder,0.7380380471380469,0.0058426703494307095
VIDFIE,src-1,Unstimulated,1.0,0.9013047561395843,confident binder,0.7380380471380469,0.0058426703494307095
TVECVV,src-1,Unstimulated,1.0,0.9582686595078517,confident binder,0.7380380471380469,0.0058426703494307095
VVFPVR,src-1,Unstimulated,1.0,0.7311203778902748,confident binder,0.7380380471380469,0.0058426703494307095
KKATLS,src-1,Unstimulated,1.0,0.8377370202481322,confident binder,0.7380380471380469,0.0058426703494307095
GKMACC,src-1,Unstimulated,1.0,0.9770964169946772,confident binder,0.7380380471380469,0.0058426703494307095
NIEAVK,src-1,Unstimulated,,,1,0.7380380471380469,0.0058426703494307095
GTGVVY,src-1,Unstimulated,,,0,0.7380380471380469,0.0058426703494307095
PQAPAP,src-1,Unstimulated,0.0,0.08149217581610091,confident nonbinder,0.7380380471380469,0.0058426703494307095
VVADIR,src-1,Unstimulated,1.0,0.9278010818368319,confident binder,0.7380380471380469,0.0058426703494307095
PGHAPV,src-1,Unstimulated,1.0,0.6461379041710018,confident binder,0.7380380471380469,0.0058426703494307095
LATLGV,src-1,Unstimulated,1.0,0.7449987603575596,confident binder,0.7380380471380469,0.0058426703494307095
SPPLPE,src-1,Unstimulated,0.0,0.17528022543970906,confident nonbinder,0.7380380471380469,0.0058426703494307095
SLASSP,src-1,Unstimulated,0.0,0.3564062211835007,confident nonbinder,0.7380380471380469,0.0058426703494307095
GHATQL,src-1,Unstimulated,1.0,0.5984200268996733,low-confidence,0.7380380471380469,0.0058426703494307095
SAQIPR,src-1,Unstimulated,1.0,0.7942937945165438,confident binder,0.7380380471380469,0.0058426703494307095
GLELWK,src-1,Unstimulated,1.0,0.9999828321228323,confident binder,0.7380380471380469,0.0058426703494307095
REGMIY,src-1,Unstimulated,1.0,0.6478098725741323,confident binder,0.7380380471380469,0.0058426703494307095
QIHNPT,src-1,Unstimulated,1.0,0.9463276590776272,confident binder,0.7380380471380469,0.0058426703494307095
EGELPY,src-1,Unstimulated,,,1,0.7380380471380469,0.0058426703494307095
KVELMR,src-1,Unstimulated,1.0,0.9672074010672782,confident binder,0.7380380471380469,0.0058426703494307095
QVEFPD,src-1,Unstimulated,1.0,0.9304604577678797,confident binder,0.7380380471380469,0.0058426703494307095
TEVATR,src-1,Unstimulated,1.0,0.6012650928969234,confident binder,0.7380380471380469,0.0058426703494307095
VGSVPG,src-1,Unstimulated,0.0,0.515644400041836,low-confidence,0.7380380471380469,0.0058426703494307095
VIAQLD,src-1,Unstimulated,1.0,0.8787547890301092,confident binder,0.7380380471380469,0.0058426703494307095
STGLPA,src-1,Unstimulated,0.0,0.41038835762909254,low-confidence,0.7380380471380469,0.0058426703494307095
STDLPR,src-1,Unstimulated,1.0,0.8106725842932454,confident binder,0.7380380471380469,0.0058426703494307095
QVVPLK,src-1,Unstimulated,1.0,0.9175380844741958,confident binder,0.7380380471380469,0.0058426703494307095
KIAGVG,src-1,Unstimulated,0.0,0.5,low-confidence,0.7380380471380469,0.0058426703494307095
LVQEPI,src-1,Unstimulated,1.0,0.9378219011111715,confident binder,0.7380380471380469,0.0058426703494307095
DTTAHA,src-1,Unstimulated,1.0,0.5684548226340894,low-confidence,0.7380380471380469,0.0058426703494307095
PFVNVE,src-1,Unstimulated,,,1,0.7380380471380469,0.0058426703494307095
PIDEPE,src-1,Unstimulated,,,1,0.7380380471380469,0.0058426703494307095
EVEGVW,src-1,Unstimulated,1.0,0.9278944027473677,confident binder,0.7380380471380469,0.0058426703494307095
GRLTVA,src-1,Unstimulated,1.0,0.9577689160626428,confident binder,0.7380380471380469,0.0058426703494307095
TGGMPR,src-1,Unstimulated,1.0,0.6065140118057956,confident binder,0.7380380471380469,0.0058426703494307095
PRLIPE,src-1,Unstimulated,1.0,0.8423635709473042,confident binder,0.7380380471380469,0.0058426703494307095
ILRPVA,src-1,Unstimulated,0.0,0.04853938887784338,confident nonbinder,0.7380380471380469,0.0058426703494307095
TGVVTR,src-1,Unstimulated,1.0,0.7355198795453316,confident binder,0.7380380471380469,0.0058426703494307095
DIVIPQ,src-1,Unstimulated,1.0,0.9175368767895424,confident binder,0.7380380471380469,0.0058426703494307095
KHSVVL,src-1,Unstimulated,1.0,0.9193410886085499,confident binder,0.7380380471380469,0.0058426703494307095
NPFENK,src-1,Unstimulated,0.0,0.3064772021463789,confident nonbinder,0.7380380471380469,0.0058426703494307095
SDANFK,src-1,Unstimulated,1.0,0.9460593746657305,confident binder,0.7380380471380469,0.0058426703494307095
CLELPE,src-1,Unstimulated,,,1,0.7380380471380469,0.0058426703494307095
PIDALS,src-1,Unstimulated,1.0,0.9028886777803705,confident binder,0.7380380471380469,0.0058426703494307095
YQIQSR,src-1,Unstimulated,0.0,0.42955860163495685,low-confidence,0.7380380471380469,0.0058426703494307095
QLEEYT,src-1,Unstimulated,1.0,0.9603606250008121,confident binder,0.7380380471380469,0.0058426703494307095
NDMTSP,src-1,Unstimulated,0.0,0.11024370511423773,confident nonbinder,0.7380380471380469,0.0058426703494307095
RDVAPT,src-1,Unstimulated,0.0,0.37948616414140407,confident nonbinder,0.7380380471380469,0.0058426703494307095
NADNLA,src-1,Unstimulated,1.0,0.9891034821307176,confident binder,0.7380380471380469,0.0058426703494307095
ALLSFN,src-1,Unstimulated,1.0,0.8577040700918287,confident binder,0.7380380471380469,0.0058426703494307095
GDFTFT,src-f,Unstimulated,0.0,0.4696209876206542,low-confidence,0.7380380471380469,0.0058426703494307095
VDAPAG,src-f,Unstimulated,0.0,0.06118155531057628,confident nonbinder,0.7380380471380469,0.0058426703494307095
SFHAFS,src-f,Unstimulated,1.0,0.6173920914329495,confident binder,0.7380380471380469,0.0058426703494307095
GIANMR,src-f,Unstimulated,1.0,0.9823006729254256,confident binder,0.7380380471380469,0.0058426703494307095
NKESLE,src-f,Unstimulated,1.0,0.8439439956802587,confident binder,0.7380380471380469,0.0058426703494307095
SPENVC,src-f,Unstimulated,1.0,0.99999335418765,confident binder,0.7380380471380469,0.0058426703494307095
SLNLPR,src-f,Unstimulated,1.0,0.8569324599691509,confident binder,0.7380380471380469,0.0058426703494307095
RLDLNM,src-f,Unstimulated,0.0,0.4664255348677764,low-confidence,0.7380380471380469,0.0058426703494307095
PDINPR,src-f,Unstimulated,1.0,0.9785889946738138,confident binder,0.7380380471380469,0.0058426703494307095
EISQIQ,src-f,Unstimulated,1.0,0.8846795488382434,confident binder,0.7380380471380469,0.0058426703494307095
GIEALE,src-f,Unstimulated,1.0,0.9379472231882292,confident binder,0.7380380471380469,0.0058426703494307095
NVYNEA,src-f,Unstimulated,1.0,0.9180890446345525,confident binder,0.7380380471380469,0.0058426703494307095
AELTPV,src-f,Unstimulated,1.0,0.944613233139075,confident binder,0.7380380471380469,0.0058426703494307095
SAGSVK,src-f,Unstimulated,0.0,0.4240098586082733,low-confidence,0.7380380471380469,0.0058426703494307095
PLPITV,src-f,Unstimulated,0.0,0.5238739815987,low-confidence,0.7380380471380469,0.0058426703494307095
QEDSSF,src-f,Unstimulated,0.0,0.20104635860322256,confident nonbinder,0.7380380471380469,0.0058426703494307095
SQYLAE,src-f,Unstimulated,0.0,0.3380669016778053,confident nonbinder,0.7380380471380469,0.0058426703494307095
FLDEVH,src-f,Unstimulated,,,1,0.7380380471380469,0.0058426703494307095
GIAVGD,src-f,Unstimulated,0.0,0.383044133048803,confident nonbinder,0.7380380471380469,0.0058426703494307095
ASVNLP,src-f,Unstimulated,,,1,0.7380380471380469,0.0058426703494307095
NIDIPK,src-f,Unstimulated,1.0,0.9460924975441867,confident binder,0.7380380471380469,0.0058426703494307095
QLDIPA,src-f,Unstimulated,1.0,0.959134210859285,confident binder,0.7380380471380469,0.0058426703494307095
SNETQT,src-f,Unstimulated,0.0,0.07588358943119096,confident nonbinder,0.7380380471380469,0.0058426703494307095
NAGQFI,src-f,Unstimulated,0.0,0.33155759398720014,confident nonbinder,0.7380380471380469,0.0058426703494307095
KKVATL,src-f,Unstimulated,0.0,0.38062286051768196,confident nonbinder,0.7380380471380469,0.0058426703494307095
RVALPE,src-f,Unstimulated,1.0,0.803798842015675,confident binder,0.7380380471380469,0.0058426703494307095
HAAQPQ,src-f,Unstimulated,1.0,0.7761016154637094,confident binder,0.7380380471380469,0.0058426703494307095
SQAYAA,src-f,Unstimulated,1.0,0.5959822224643054,low-confidence,0.7380380471380469,0.0058426703494307095
GEEMLG,src-f,Unstimulated,1.0,0.9079204962026364,confident binder,0.7380380471380469,0.0058426703494307095
HPELLL,src-f,Unstimulated,1.0,0.9676437749809401,confident binder,0.7380380471380469,0.0058426703494307095
PAYVLE,src-f,Unstimulated,1.0,0.9237370927395806,confident binder,0.7380380471380469,0.0058426703494307095
GIAISW,src-f,Unstimulated,1.0,0.7186805461334538,confident binder,0.7380380471380469,0.0058426703494307095
PDFSSV,src-f,Unstimulated,0.0,0.14848332838016817,confident nonbinder,0.7380380471380469,0.0058426703494307095
AIEEID,src-f,Unstimulated,1.0,0.9641826293142065,confident binder,0.7380380471380469,0.0058426703494307095
DNGVAM,src-f,Unstimulated,0.0,0.12728883808104915,confident nonbinder,0.7380380471380469,0.0058426703494307095
ITQQPR,src-f,Unstimulated,1.0,0.7653845266287397,confident binder,0.7380380471380469,0.0058426703494307095
VVGGAD,src-f,Unstimulated,0.0,0.05022370880663572,confident nonbinder,0.7380380471380469,0.0058426703494307095
LHPAPK,src-f,Unstimulated,1.0,0.7268384070699796,confident binder,0.7380380471380469,0.0058426703494307095
PSGFLV,src-f,Unstimulated,1.0,0.5937947738478551,low-confidence,0.7380380471380469,0.0058426703494307095
NADKTA,src-f,Unstimulated,0.0,0.3451918147421472,confident nonbinder,0.7380380471380469,0.0058426703494307095
KAHEQL,src-f,Unstimulated,0.0,0.2782840408929241,confident nonbinder,0.7380380471380469,0.0058426703494307095
AIELLF,src-f,Unstimulated,1.0,0.9588904585902265,confident binder,0.7380380471380469,0.0058426703494307095
SRASPE,src-f,Unstimulated,0.0,0.46501505859807685,low-confidence,0.7380380471380469,0.0058426703494307095
GLQVPG,src-f,Unstimulated,,,1,0.7380380471380469,0.0058426703494307095
RQATLD,src-f,Unstimulated,1.0,0.7002210720604041,confident binder,0.7380380471380469,0.0058426703494307095
DGESYG,src-f,Unstimulated,0.0,0.40757640924244914,low-confidence,0.7380380471380469,0.0058426703494307095
RLEEYT,src-f,Unstimulated,1.0,0.8520042623307369,confident binder,0.7380380471380469,0.0058426703494307095
EGEVVT,src-f,Unstimulated,1.0,0.9327310184454265,confident binder,0.7380380471380469,0.0058426703494307095
RGSFTT,src-f,Unstimulated,0.0,0.04546605014877861,confident nonbinder,0.7380380471380469,0.0058426703494307095
PHGVPF,src-f,Unstimulated,1.0,0.6713683831713693,confident binder,0.7380380471380469,0.0058426703494307095
VVFPVR,src-f,Unstimulated,1.0,0.7311203778902748,confident binder,0.7380380471380469,0.0058426703494307095
KIAYPS,src-f,Unstimulated,1.0,0.8159804203975087,confident binder,0.7380380471380469,0.0058426703494307095
TDIPLL,src-f,Unstimulated,1.0,0.8633987304303334,confident binder,0.7380380471380469,0.0058426703494307095
PQAPAP,src-f,Unstimulated,0.0,0.08149217581610091,confident nonbinder,0.7380380471380469,0.0058426703494307095
PLVNAK,src-f,Unstimulated,1.0,0.9778000990975327,confident binder,0.7380380471380469,0.0058426703494307095
QVISSL,src-f,Unstimulated,1.0,0.7614105358045978,confident binder,0.7380380471380469,0.0058426703494307095
VELDLD,src-f,Unstimulated,1.0,0.9398104361915346,confident binder,0.7380380471380469,0.0058426703494307095
KVELMR,src-f,Unstimulated,1.0,0.9672074010672782,confident binder,0.7380380471380469,0.0058426703494307095
LCVALD,src-f,Unstimulated,1.0,0.9276661112309319,confident binder,0.7380380471380469,0.0058426703494307095
TEVATR,src-f,Unstimulated,1.0,0.6012650928969234,confident binder,0.7380380471380469,0.0058426703494307095
GEFFSD,src-f,Unstimulated,0.0,0.11903023028363816,confident nonbinder,0.7380380471380469,0.0058426703494307095
NCEEVK,src-f,Unstimulated,,,1,0.7380380471380469,0.0058426703494307095
DKATVS,src-f,Unstimulated,1.0,0.8074588589258067,confident binder,0.7380380471380469,0.0058426703494307095
EVEGVW,src-f,Unstimulated,1.0,0.9278944027473677,confident binder,0.7380380471380469,0.0058426703494307095
TVVGGL,src-f,Unstimulated,1.0,0.5772809884989866,low-confidence,0.7380380471380469,0.0058426703494307095
GDHPLK,src-f,Unstimulated,0.0,0.5051848944994068,low-confidence,0.7380380471380469,0.0058426703494307095
WIEDVE,src-f,Unstimulated,0.0,0.13515760587122588,confident nonbinder,0.7380380471380469,0.0058426703494307095
TGVVTR,src-f,Unstimulated,1.0,0.7355198795453316,confident binder,0.7380380471380469,0.0058426703494307095
DAGNLL,src-f,Unstimulated,1.0,0.8988212985747188,confident binder,0.7380380471380469,0.0058426703494307095
ALAEPL,src-f,Unstimulated,1.0,0.9703337586220533,confident binder,0.7380380471380469,0.0058426703494307095
ALDYMP,src-f,Unstimulated,,,1,0.7380380471380469,0.0058426703494307095
IEDKLR,src-f,Unstimulated,1.0,0.9168165460681758,confident binder,0.7380380471380469,0.0058426703494307095
YDDLII,src-f,Unstimulated,1.0,0.9244503599670876,confident binder,0.7380380471380469,0.0058426703494307095
VIKVPQ,src-f,Unstimulated,1.0,0.7704067138090445,confident binder,0.7380380471380469,0.0058426703494307095
ADDTLS,src-f,Unstimulated,1.0,0.8565770625516661,confident binder,0.7380380471380469,0.0058426703494307095
HILLPS,src-f,Unstimulated,1.0,0.9358962936214252,confident binder,0.7380380471380469,0.0058426703494307095
AELLSS,src-f,Unstimulated,1.0,0.5869801291374259,low-confidence,0.7380380471380469,0.0058426703494307095
EVGMIR,src-f,Unstimulated,1.0,0.9135695885041512,confident binder,0.7380380471380469,0.0058426703494307095
REFTFP,src-f,Unstimulated,,,1,0.7380380471380469,0.0058426703494307095
VDIRPA,src-f,Unstimulated,1.0,0.9536758810568331,confident binder,0.7380380471380469,0.0058426703494307095
SAEVIK,src-f,Unstimulated,,,1,0.7380380471380469,0.0058426703494307095
MPQYPA,src-f,Unstimulated,1.0,0.6426602921268197,confident binder,0.7380380471380469,0.0058426703494307095
WIDTPV,src-f,Unstimulated,0.0,0.10568222079815405,confident nonbinder,0.7380380471380469,0.0058426703494307095
AQAIPN,src-f,Unstimulated,1.0,0.7889483978356695,confident binder,0.7380380471380469,0.0058426703494307095
EQDQVL,src-f,Unstimulated,1.0,0.8577851705798383,confident binder,0.7380380471380469,0.0058426703494307095
TPLVSR,src-f,Unstimulated,1.0,0.7014006526484587,confident binder,0.7380380471380469,0.0058426703494307095
GFVEAN,src-f,Unstimulated,1.0,0.8177289768140724,confident binder,0.7380380471380469,0.0058426703494307095
ATAPVI,src-f,Unstimulated,1.0,0.7333214879015227,confident binder,0.7380380471380469,0.0058426703494307095
STGWTA,src-f,Unstimulated,1.0,0.9066834944843135,confident binder,0.7380380471380469,0.0058426703494307095
PSVNVQ,src-f,Unstimulated,1.0,0.9448793469298437,confident binder,0.7380380471380469,0.0058426703494307095
YTIQSR,src-f,Unstimulated,1.0,0.5955544199210415,low-confidence,0.7380380471380469,0.0058426703494307095
SVAVSS,src-f,Unstimulated,0.0,0.5307065673822279,low-confidence,0.7380380471380469,0.0058426703494307095
DKAALA,src-f,Unstimulated,1.0,0.9511516287362011,confident binder,0.7380380471380469,0.0058426703494307095
EKAFVN,src-f,Unstimulated,1.0,0.8923146035536433,confident binder,0.7380380471380469,0.0058426703494307095
ALVEPH,src-f,Unstimulated,1.0,0.9802515025496319,confident binder,0.7380380471380469,0.0058426703494307095
EISGCT,src-f,Unstimulated,0.0,0.21801235383389087,confident nonbinder,0.7380380471380469,0.0058426703494307095
VIEPFQ,src-f,Unstimulated,0.0,0.548206407723816,low-confidence,0.7380380471380469,0.0058426703494307095
NGISAA,src-f,Unstimulated,1.0,0.8161208479157696,confident binder,0.7380380471380469,0.0058426703494307095
GHTEGA,src-f,Unstimulated,0.0,0.29585912092339667,confident nonbinder,0.7380380471380469,0.0058426703494307095
APFLGS,src-f,Unstimulated,0.0,0.2805932877126268,confident nonbinder,0.7380380471380469,0.0058426703494307095
IHLDTT,src-f,Unstimulated,0.0,0.5,low-confidence,0.7380380471380469,0.0058426703494307095
LIDFIE,src-f,Unstimulated,1.0,0.9398126113217435,confident binder,0.7380380471380469,0.0058426703494307095
EISDTQ,src-f,Unstimulated,0.0,0.18512633740615836,confident nonbinder,0.7380380471380469,0.0058426703494307095
PVEDAA,src-f,Unstimulated,1.0,0.8582697863409793,confident binder,0.7380380471380469,0.0058426703494307095
LLKPVD,src-f,Unstimulated,1.0,0.7591206230988545,confident binder,0.7380380471380469,0.0058426703494307095
RNVTPV,src-f,Unstimulated,1.0,0.6329629718103302,confident binder,0.7380380471380469,0.0058426703494307095
TIQILL,src-f,Unstimulated,,,1,0.7380380471380469,0.0058426703494307095
LHECIV,src-f,Unstimulated,1.0,0.9776640860949698,confident binder,0.7380380471380469,0.0058426703494307095
PHDDFR,src-f,Unstimulated,1.0,0.81647246435305,confident binder,0.7380380471380469,0.0058426703494307095
PKATPQ,src-f,Unstimulated,1.0,0.6182532548843929,confident binder,0.7380380471380469,0.0058426703494307095
NDVPSP,src-f,Unstimulated,0.0,0.0401598331068361,confident nonbinder,0.7380380471380469,0.0058426703494307095
AALGLK,src-f,Unstimulated,1.0,0.8993769819070462,confident binder,0.7380380471380469,0.0058426703494307095
SNNFEK,src-f,Unstimulated,0.0,0.028631821019413146,confident nonbinder,0.7380380471380469,0.0058426703494307095
PLVALA,src-f,Unstimulated,,,1,0.7380380471380469,0.0058426703494307095
DIVTVS,src-f,Unstimulated,1.0,0.8915884090998988,confident binder,0.7380380471380469,0.0058426703494307095
KIVDDG,src-f,Unstimulated,0.0,0.11912142253076446,confident nonbinder,0.7380380471380469,0.0058426703494307095
IDDSLK,src-f,Unstimulated,1.0,0.8586384631608576,confident binder,0.7380380471380469,0.0058426703494307095
KGVSLE,src-f,Unstimulated,1.0,0.8513819677207649,confident binder,0.7380380471380469,0.0058426703494307095
IVAATT,src-f,Unstimulated,1.0,0.5897056633382498,low-confidence,0.7380380471380469,0.0058426703494307095
TITYIM,src-f,Unstimulated,1.0,0.9044285313208034,confident binder,0.7380380471380469,0.0058426703494307095
TVFQTV,src-f,Unstimulated,1.0,0.6048102724507952,confident binder,0.7380380471380469,0.0058426703494307095
KLVSSE,src-f,Unstimulated,0.0,0.38248090636216864,confident nonbinder,0.7380380471380469,0.0058426703494307095
YLVDKN,src-f,Unstimulated,1.0,0.8515718346226536,confident binder,0.7380380471380469,0.0058426703494307095
EVTIPV,src-f,Unstimulated,1.0,0.910419378312446,confident binder,0.7380380471380469,0.0058426703494307095
VSICSR,src-f,Unstimulated,,,1,0.7380380471380469,0.0058426703494307095
VIDFIE,src-f,Unstimulated,1.0,0.9013047561395843,confident binder,0.7380380471380469,0.0058426703494307095
NPSLLD,src-f,Unstimulated,1.0,0.8727035286831556,confident binder,0.7380380471380469,0.0058426703494307095
NPGLVA,src-f,Unstimulated,1.0,0.7022715739360702,confident binder,0.7380380471380469,0.0058426703494307095
AIMNLA,src-f,Unstimulated,1.0,0.9608423582255703,confident binder,0.7380380471380469,0.0058426703494307095
DVVELS,src-f,Unstimulated,1.0,0.9441745846769223,confident binder,0.7380380471380469,0.0058426703494307095
SHSGLK,src-f,Unstimulated,1.0,0.8108436007431492,confident binder,0.7380380471380469,0.0058426703494307095
LVSGMG,src-f,Unstimulated,1.0,0.5625605527894555,low-confidence,0.7380380471380469,0.0058426703494307095
NIVEVE,src-f,Unstimulated,1.0,0.9378778916060244,confident binder,0.7380380471380469,0.0058426703494307095
TLDIAH,src-f,Unstimulated,1.0,0.8805685248713622,confident binder,0.7380380471380469,0.0058426703494307095
GHATQL,src-f,Unstimulated,1.0,0.5984200268996733,low-confidence,0.7380380471380469,0.0058426703494307095
REGMIY,src-f,Unstimulated,1.0,0.6478098725741323,confident binder,0.7380380471380469,0.0058426703494307095
EGELPY,src-f,Unstimulated,,,1,0.7380380471380469,0.0058426703494307095
GTHGDS,src-f,Unstimulated,0.0,0.003931206701949118,confident nonbinder,0.7380380471380469,0.0058426703494307095
PALAPE,src-f,Unstimulated,1.0,0.8678713162052816,confident binder,0.7380380471380469,0.0058426703494307095
VKEAPQ,src-f,Unstimulated,1.0,0.588811575434942,low-confidence,0.7380380471380469,0.0058426703494307095
PIIGHI,src-f,Unstimulated,1.0,0.7200103476696068,confident binder,0.7380380471380469,0.0058426703494307095
GEDVTM,src-f,Unstimulated,0.0,0.30797375658009,confident nonbinder,0.7380380471380469,0.0058426703494307095
SIFGLD,src-f,Unstimulated,1.0,0.6652626501302487,confident binder,0.7380380471380469,0.0058426703494307095
TTSCVG,src-f,Unstimulated,1.0,0.7426797564719994,confident binder,0.7380380471380469,0.0058426703494307095
TISNSA,src-f,Unstimulated,1.0,0.8456628450331635,confident binder,0.7380380471380469,0.0058426703494307095
KIAGVG,src-f,Unstimulated,0.0,0.5,low-confidence,0.7380380471380469,0.0058426703494307095
GVAVPP,src-f,Unstimulated,1.0,0.9009909569788901,confident binder,0.7380380471380469,0.0058426703494307095
RRVEPP,src-f,Unstimulated,0.0,0.5480075579761867,low-confidence,0.7380380471380469,0.0058426703494307095
LPAIPA,src-f,Unstimulated,1.0,0.9379004737353835,confident binder,0.7380380471380469,0.0058426703494307095
TPVVTR,src-f,Unstimulated,,,0,0.7380380471380469,0.0058426703494307095
VSVDSI,src-f,Unstimulated,0.0,0.47491764296763234,low-confidence,0.7380380471380469,0.0058426703494307095
SDANFK,src-f,Unstimulated,1.0,0.9460593746657305,confident binder,0.7380380471380469,0.0058426703494307095
EVGPIK,src-f,Unstimulated,1.0,0.6278386330506474,confident binder,0.7380380471380469,0.0058426703494307095
RVELHG,src-f,Unstimulated,0.0,0.34757520576090606,confident nonbinder,0.7380380471380469,0.0058426703494307095
YQIQSR,src-f,Unstimulated,0.0,0.42955860163495685,low-confidence,0.7380380471380469,0.0058426703494307095
ATSNLG,src-f,Unstimulated,1.0,0.9331890060526332,confident binder,0.7380380471380469,0.0058426703494307095
NISVPH,src-f,Unstimulated,,,1,0.7380380471380469,0.0058426703494307095
KNISAW,src-f,Unstimulated,0.0,0.5434345205460052,low-confidence,0.7380380471380469,0.0058426703494307095
SLDEVA,src-f,Unstimulated,1.0,0.9622315733972158,confident binder,0.7380380471380469,0.0058426703494307095
DKDLFV,src-f,Unstimulated,1.0,0.6768872401838045,confident binder,0.7380380471380469,0.0058426703494307095
DLANTV,src-f,Unstimulated,1.0,0.9315685931009465,confident binder,0.7380380471380469,0.0058426703494307095
SWHGPV,src-f,Unstimulated,1.0,0.9579016202685018,confident binder,0.7380380471380469,0.0058426703494307095
RVENVG,src-f,Unstimulated,1.0,0.9168718161085192,confident binder,0.7380380471380469,0.0058426703494307095
QIEEAR,src-f,Unstimulated,1.0,0.9040759018631092,confident binder,0.7380380471380469,0.0058426703494307095
PIIQFS,src-f,Unstimulated,1.0,0.7431591261883915,confident binder,0.7380380471380469,0.0058426703494307095
QPQSIY,src-f,Unstimulated,1.0,0.888605094557997,confident binder,0.7380380471380469,0.0058426703494307095
GQGEVY,src-f,Unstimulated,0.0,0.4752661534206363,low-confidence,0.7380380471380469,0.0058426703494307095
EKIDQE,src-f,Unstimulated,0.0,0.1840784556117366,confident nonbinder,0.7380380471380469,0.0058426703494307095
MIDSPP,src-f,Unstimulated,1.0,0.6120954905114483,confident binder,0.7380380471380469,0.0058426703494307095
TLDFPG,src-f,Unstimulated,1.0,0.8320292949439926,confident binder,0.7380380471380469,0.0058426703494307095
TEMAFP,src-f,Unstimulated,1.0,0.7302559267227944,confident binder,0.7380380471380469,0.0058426703494307095
SVIPMS,src-f,Unstimulated,1.0,0.6971403984105111,confident binder,0.7380380471380469,0.0058426703494307095
SIVGGM,src-f,Unstimulated,0.0,0.4308662505730976,low-confidence,0.7380380471380469,0.0058426703494307095
ILEFPR,src-f,Unstimulated,1.0,0.9595412677037793,confident binder,0.7380380471380469,0.0058426703494307095
DAILTC,src-f,Unstimulated,1.0,0.9712862215497994,confident binder,0.7380380471380469,0.0058426703494307095
PIIDLR,src-f,Unstimulated,1.0,0.942857643632231,confident binder,0.7380380471380469,0.0058426703494307095
RRVQPP,src-f,Unstimulated,0.0,0.4057030077723565,low-confidence,0.7380380471380469,0.0058426703494307095
AHENLN,src-f,Unstimulated,1.0,0.9914458770274094,confident binder,0.7380380471380469,0.0058426703494307095
NPNYSD,src-f,Unstimulated,0.0,0.017179980405167508,confident nonbinder,0.7380380471380469,0.0058426703494307095
DIAVEI,src-f,Unstimulated,1.0,0.7685623690091052,confident binder,0.7380380471380469,0.0058426703494307095
RLSVVF,src-f,Unstimulated,1.0,0.9214128761843241,confident binder,0.7380380471380469,0.0058426703494307095
PSVAFT,src-f,Unstimulated,1.0,0.6068389951879103,confident binder,0.7380380471380469,0.0058426703494307095
DDAVPP,src-f,Unstimulated,,,1,0.7380380471380469,0.0058426703494307095
FIFNHM,src-f,Unstimulated,1.0,0.8960424354025132,confident binder,0.7380380471380469,0.0058426703494307095
GQAIPQ,src-f,Unstimulated,1.0,0.6084738205645532,confident binder,0.7380380471380469,0.0058426703494307095
SPADPE,src-f,Unstimulated,1.0,0.5971826797075136,low-confidence,0.7380380471380469,0.0058426703494307095
LIVFPD,src-f,Unstimulated,1.0,0.9258471365722313,confident binder,0.7380380471380469,0.0058426703494307095
GQQQQP,src-f,Unstimulated,0.0,0.032458038044594156,confident nonbinder,0.7380380471380469,0.0058426703494307095
LAINPD,src-f,Unstimulated,1.0,0.9786271111607815,confident binder,0.7380380471380469,0.0058426703494307095
GPAQPS,src-f,Unstimulated,0.0,0.5481462847725713,low-confidence,0.7380380471380469,0.0058426703494307095
THYLLP,src-f,Unstimulated,1.0,0.94551015482383,confident binder,0.7380380471380469,0.0058426703494307095
AFAMGR,src-f,Unstimulated,1.0,0.859127554099815,confident binder,0.7380380471380469,0.0058426703494307095
DLDIKR,src-f,Unstimulated,1.0,0.8014229813409884,confident binder,0.7380380471380469,0.0058426703494307095
STLQSR,src-f,Unstimulated,0.0,0.48699987871717026,low-confidence,0.7380380471380469,0.0058426703494307095
LILVPE,src-f,Unstimulated,1.0,0.9508600577705653,confident binder,0.7380380471380469,0.0058426703494307095
PGVGFA,src-f,Unstimulated,1.0,0.6526521451950588,confident binder,0.7380380471380469,0.0058426703494307095
GKAIPT,src-f,Unstimulated,1.0,0.5891224833239032,low-confidence,0.7380380471380469,0.0058426703494307095
PLDDAL,src-f,Unstimulated,1.0,0.8130779796846266,confident binder,0.7380380471380469,0.0058426703494307095
SVAGAG,src-f,Unstimulated,0.0,0.17447015136953958,confident nonbinder,0.7380380471380469,0.0058426703494307095
HAQQFL,src-f,Unstimulated,1.0,0.7568130587190572,confident binder,0.7380380471380469,0.0058426703494307095
VDLALD,src-f,Unstimulated,1.0,0.9193986437751969,confident binder,0.7380380471380469,0.0058426703494307095
CADKTA,src-f,Unstimulated,0.0,0.5284255445942125,low-confidence,0.7380380471380469,0.0058426703494307095
GKMACC,src-f,Unstimulated,1.0,0.9770964169946772,confident binder,0.7380380471380469,0.0058426703494307095
NIEAVK,src-f,Unstimulated,,,1,0.7380380471380469,0.0058426703494307095
GTGVVY,src-f,Unstimulated,,,0,0.7380380471380469,0.0058426703494307095
HWVGEG,src-f,Unstimulated,1.0,0.8704895220182027,confident binder,0.7380380471380469,0.0058426703494307095
VVADIR,src-f,Unstimulated,1.0,0.9278010818368319,confident binder,0.7380380471380469,0.0058426703494307095
SAEAGI,src-f,Unstimulated,0.0,0.28940939955585443,confident nonbinder,0.7380380471380469,0.0058426703494307095
SLASSP,src-f,Unstimulated,0.0,0.3564062211835007,confident nonbinder,0.7380380471380469,0.0058426703494307095
SAQIPR,src-f,Unstimulated,1.0,0.7942937945165438,confident binder,0.7380380471380469,0.0058426703494307095
QIHNPT,src-f,Unstimulated,1.0,0.9463276590776272,confident binder,0.7380380471380469,0.0058426703494307095
TEDNVV,src-f,Unstimulated,1.0,0.9818940289524282,confident binder,0.7380380471380469,0.0058426703494307095
FGVGID,src-f,Unstimulated,1.0,0.9053862615734142,confident binder,0.7380380471380469,0.0058426703494307095
NPVLMV,src-f,Unstimulated,1.0,0.9128853157197061,confident binder,0.7380380471380469,0.0058426703494307095
ERLFVD,src-f,Unstimulated,1.0,0.9363184684103426,confident binder,0.7380380471380469,0.0058426703494307095
QELYLH,src-f,Unstimulated,1.0,0.9664880324829744,confident binder,0.7380380471380469,0.0058426703494307095
GLGFLN,src-f,Unstimulated,1.0,0.7687179147086134,confident binder,0.7380380471380469,0.0058426703494307095
EQGFLT,src-f,Unstimulated,0.0,0.4947615967673255,low-confidence,0.7380380471380469,0.0058426703494307095
LVQEPI,src-f,Unstimulated,1.0,0.9378219011111715,confident binder,0.7380380471380469,0.0058426703494307095
PFVNVE,src-f,Unstimulated,,,1,0.7380380471380469,0.0058426703494307095
TISEAD,src-f,Unstimulated,1.0,0.5747897170223694,low-confidence,0.7380380471380469,0.0058426703494307095
AIDNPN,src-f,Unstimulated,1.0,0.9742783169248828,confident binder,0.7380380471380469,0.0058426703494307095
ALDICF,src-f,Unstimulated,1.0,0.8982682728457678,confident binder,0.7380380471380469,0.0058426703494307095
PEFNFA,src-f,Unstimulated,1.0,0.9513337750533294,confident binder,0.7380380471380469,0.0058426703494307095
GPAEVK,src-f,Unstimulated,1.0,0.9191200363473889,confident binder,0.7380380471380469,0.0058426703494307095
ILRPVA,src-f,Unstimulated,0.0,0.04853938887784338,confident nonbinder,0.7380380471380469,0.0058426703494307095
KHSVVL,src-f,Unstimulated,1.0,0.9193410886085499,confident binder,0.7380380471380469,0.0058426703494307095
NPFENK,src-f,Unstimulated,0.0,0.3064772021463789,confident nonbinder,0.7380380471380469,0.0058426703494307095
AVKVPP,src-f,Unstimulated,1.0,0.8346567537800159,confident binder,0.7380380471380469,0.0058426703494307095
QLEEYT,src-f,Unstimulated,1.0,0.9603606250008121,confident binder,0.7380380471380469,0.0058426703494307095
NDMTSP,src-f,Unstimulated,0.0,0.11024370511423773,confident nonbinder,0.7380380471380469,0.0058426703494307095
PLDVPN,src-f,Unstimulated,1.0,0.9185826909222435,confident binder,0.7380380471380469,0.0058426703494307095
SIEASS,src-f,Unstimulated,0.0,0.27171428614749876,confident nonbinder,0.7380380471380469,0.0058426703494307095
TLRIPE,src-f,Unstimulated,0.0,0.012570794534979949,confident nonbinder,0.7380380471380469,0.0058426703494307095
DIAVIQ,src-f,Unstimulated,1.0,0.9471342627561811,confident binder,0.7380380471380469,0.0058426703494307095
RLEWIS,src-f,Unstimulated,1.0,0.9920699250653441,confident binder,0.7380380471380469,0.0058426703494307095
VDVQVD,src-f,Unstimulated,1.0,0.8096400292647612,confident binder,0.7380380471380469,0.0058426703494307095
LINLLK,src-f,Unstimulated,1.0,0.9227698126178993,confident binder,0.7380380471380469,0.0058426703494307095
QPEFTT,src-f,Unstimulated,0.0,0.2461404594984884,confident nonbinder,0.7380380471380469,0.0058426703494307095
AIDKLD,src-f,Unstimulated,1.0,0.8915484000026389,confident binder,0.7380380471380469,0.0058426703494307095
PGGCAA,src-f,Unstimulated,0.0,0.24531944631709104,confident nonbinder,0.7380380471380469,0.0058426703494307095
SVITLK,src-f,Unstimulated,1.0,0.9545666762433831,confident binder,0.7380380471380469,0.0058426703494307095
VISQPS,src-f,Unstimulated,1.0,0.7161262042915376,confident binder,0.7380380471380469,0.0058426703494307095
SGTPLH,src-f,Unstimulated,1.0,0.6965578515357598,confident binder,0.7380380471380469,0.0058426703494307095
DGVKPQ,src-f,Unstimulated,1.0,0.7696587752855164,confident binder,0.7380380471380469,0.0058426703494307095
PNDKWE,src-f,Unstimulated,1.0,0.9780709207611514,confident binder,0.7380380471380469,0.0058426703494307095
SQGWSG,src-f,Unstimulated,0.0,0.48199934926713195,low-confidence,0.7380380471380469,0.0058426703494307095
TGVATR,src-f,Unstimulated,1.0,0.6141962654529888,confident binder,0.7380380471380469,0.0058426703494307095
FLHEGY,src-f,Unstimulated,1.0,0.8166507517478314,confident binder,0.7380380471380469,0.0058426703494307095
KIITLT,src-f,Unstimulated,1.0,0.9034360620625715,confident binder,0.7380380471380469,0.0058426703494307095
IVLKPS,src-f,Unstimulated,1.0,0.8683561636172854,confident binder,0.7380380471380469,0.0058426703494307095
DIAVPI,src-f,Unstimulated,1.0,0.9330608264854667,confident binder,0.7380380471380469,0.0058426703494307095
NQAVLE,src-f,Unstimulated,,,1,0.7380380471380469,0.0058426703494307095
ASYGEQ,src-f,Unstimulated,0.0,0.024998013426836573,confident nonbinder,0.7380380471380469,0.0058426703494307095
ELEIHK,src-f,Unstimulated,1.0,0.9224956125690629,confident binder,0.7380380471380469,0.0058426703494307095
INQPPT,src-f,Unstimulated,0.0,0.0979127770727434,confident nonbinder,0.7380380471380469,0.0058426703494307095
SPVHYL,src-f,Unstimulated,0.0,0.04067011373462563,confident nonbinder,0.7380380471380469,0.0058426703494307095
LITNYE,src-f,Unstimulated,1.0,0.961824303928475,confident binder,0.7380380471380469,0.0058426703494307095
PEVKPD,src-f,Unstimulated,1.0,0.6961246003530254,confident binder,0.7380380471380469,0.0058426703494307095
SDAEPM,src-f,Unstimulated,,,0,0.7380380471380469,0.0058426703494307095
PIEGYA,src-f,Unstimulated,1.0,0.818072747968957,confident binder,0.7380380471380469,0.0058426703494307095
DNCEIT,src-f,Unstimulated,1.0,0.9152699449651276,confident binder,0.7380380471380469,0.0058426703494307095
LQSTVD,src-f,Unstimulated,1.0,0.8073068351076151,confident binder,0.7380380471380469,0.0058426703494307095
FLCSPV,src-f,Unstimulated,1.0,0.9497087185675773,confident binder,0.7380380471380469,0.0058426703494307095
LTDFIH,src-f,Unstimulated,1.0,0.9673568678053491,confident binder,0.7380380471380469,0.0058426703494307095
KKSLTV,src-f,Unstimulated,0.0,0.1441848338577374,confident nonbinder,0.7380380471380469,0.0058426703494307095
SDGRPL,src-f,Unstimulated,0.0,0.39345332612207395,confident nonbinder,0.7380380471380469,0.0058426703494307095
EFHVPT,src-f,Unstimulated,1.0,0.8226368023289087,confident binder,0.7380380471380469,0.0058426703494307095
PVAQVG,src-f,Unstimulated,1.0,0.797107244643035,confident binder,0.7380380471380469,0.0058426703494307095
NILTLP,src-f,Unstimulated,,,1,0.7380380471380469,0.0058426703494307095
AVTSVQ,src-f,Unstimulated,1.0,0.8198365993582418,confident binder,0.7380380471380469,0.0058426703494307095
GEAVPF,src-f,Unstimulated,,,1,0.7380380471380469,0.0058426703494307095
ALAAVN,src-f,Unstimulated,1.0,0.9313388251902451,confident binder,0.7380380471380469,0.0058426703494307095
VDVVVD,src-f,Unstimulated,1.0,0.8854167752218856,confident binder,0.7380380471380469,0.0058426703494307095
GPDVVV,src-f,Unstimulated,1.0,0.8401287336346748,confident binder,0.7380380471380469,0.0058426703494307095
LAVAPT,src-f,Unstimulated,1.0,0.8894865894473588,confident binder,0.7380380471380469,0.0058426703494307095
KIDILS,src-f,Unstimulated,1.0,0.9031659326036392,confident binder,0.7380380471380469,0.0058426703494307095
RIDLNI,src-f,Unstimulated,0.0,0.3709072638267727,confident nonbinder,0.7380380471380469,0.0058426703494307095
GQHTLQ,src-f,Unstimulated,1.0,0.7298647618728973,confident binder,0.7380380471380469,0.0058426703494307095
DCDIPR,src-f,Unstimulated,1.0,0.9034117717239131,confident binder,0.7380380471380469,0.0058426703494307095
SQMGLS,src-f,Unstimulated,0.0,0.5387412477520788,low-confidence,0.7380380471380469,0.0058426703494307095
AIDICR,src-f,Unstimulated,1.0,0.8449092968786933,confident binder,0.7380380471380469,0.0058426703494307095
AISLAA,src-f,Unstimulated,1.0,0.825793636433288,confident binder,0.7380380471380469,0.0058426703494307095
KGDVIA,src-f,Unstimulated,1.0,0.9577627188345258,confident binder,0.7380380471380469,0.0058426703494307095
TVECVV,src-f,Unstimulated,1.0,0.9582686595078517,confident binder,0.7380380471380469,0.0058426703494307095
KKATLS,src-f,Unstimulated,1.0,0.8377370202481322,confident binder,0.7380380471380469,0.0058426703494307095
GYISPR,src-f,Unstimulated,1.0,0.9478586957260092,confident binder,0.7380380471380469,0.0058426703494307095
GLELWK,src-f,Unstimulated,1.0,0.9999828321228323,confident binder,0.7380380471380469,0.0058426703494307095
ELHSLL,src-f,Unstimulated,1.0,0.9398088386785539,confident binder,0.7380380471380469,0.0058426703494307095
SNITPV,src-f,Unstimulated,1.0,0.8250027308253051,confident binder,0.7380380471380469,0.0058426703494307095
GVEGVA,src-f,Unstimulated,1.0,0.8465871508810892,confident binder,0.7380380471380469,0.0058426703494307095
LIIDPS,src-f,Unstimulated,1.0,0.9226591131371642,confident binder,0.7380380471380469,0.0058426703494307095
STDLPR,src-f,Unstimulated,1.0,0.8106725842932454,confident binder,0.7380380471380469,0.0058426703494307095
GDGQLH,src-f,Unstimulated,0.0,0.4935280794466745,low-confidence,0.7380380471380469,0.0058426703494307095
DTTAHA,src-f,Unstimulated,1.0,0.5684548226340894,low-confidence,0.7380380471380469,0.0058426703494307095
DADNFD,src-f,Unstimulated,1.0,0.8686162360737464,confident binder,0.7380380471380469,0.0058426703494307095
ELDIMK,src-f,Unstimulated,1.0,0.9720036600223766,confident binder,0.7380380471380469,0.0058426703494307095
PIDEPE,src-f,Unstimulated,,,1,0.7380380471380469,0.0058426703494307095
TGGMPR,src-f,Unstimulated,1.0,0.6065140118057956,confident binder,0.7380380471380469,0.0058426703494307095
AFAPQK,src-f,Unstimulated,0.0,0.5256889063977238,low-confidence,0.7380380471380469,0.0058426703494307095
VINPAT,src-f,Unstimulated,0.0,0.13025164221359747,confident nonbinder,0.7380380471380469,0.0058426703494307095
NPEPEL,src-f,Unstimulated,0.0,0.07968890378220439,confident nonbinder,0.7380380471380469,0.0058426703494307095
CLELPE,src-f,Unstimulated,,,1,0.7380380471380469,0.0058426703494307095
PIDALS,src-f,Unstimulated,1.0,0.9028886777803705,confident binder,0.7380380471380469,0.0058426703494307095
RVESIG,src-f,Unstimulated,1.0,0.7630246896012329,confident binder,0.7380380471380469,0.0058426703494307095
PEENIR,src-f,Unstimulated,1.0,0.9870892665305225,confident binder,0.7380380471380469,0.0058426703494307095
ALLSFN,src-f,Unstimulated,1.0,0.8577040700918287,confident binder,0.7380380471380469,0.0058426703494307095
