6mer_dataset,query_accession,gene,mod_sites,aligned_pep_new,data:log2_1min,data:log2_2min,data:log2_4min,data:log2_8min,data:log2_16min,data:log2_32min,Original Accession Type,UniProt Accession,Formatted Peptide,UniProt ID Update Log,UniProt for Maximal Coverage,gene_name,domains,domain_architecture,GO_terms,aligned_peps,modification_sites,documented_modification,documented_modification_details,site_in_domain:name,site_in_domain:interpro,site_in_macro,site_in_structure,site_in_activation_loop,site_in_exon,SpY-C Prediction,SpY-C Prediction Probability,PScout_Errors,6mer_kstar,6mer_peptide,predicted_class,binder_prob,confidence_category
ELNEFP,P51149,RAB7A,Y183,VEQAFQTIARNALKQETEVELyNEFPEPIKLDKNDRAKASAES,1.2813607578626605,1.3138680479887754,1.410217341115289,1.6187720568181851,1.5762771587601228,1.4245726340923588,UniProtKB,P51149,VEQAFQTIARNALKQETEVELyNEFPEPIKLDKNDRAKASAES,Updated for maximal coverage,P51149,RAB7A,Small_GTP-bd:10:169:IPR005225,Small_GTP-bd,"GO:0000045-P:autophagosome assembly;  GO:0045453-P:bone resorption;  GO:0045022-P:early endosome to late endosome transport;  GO:0006897-P:endocytosis;  GO:0008333-P:endosome to lysosome transport;  GO:0099638-P:endosome to plasma membrane protein transport;  GO:0007174-P:epidermal growth factor catabolic process;  GO:0051650-P:establishment of vesicle localization;  GO:0046907-P:intracellular transport;  GO:0016042-P:lipid catabolic process;  GO:0061724-P:lipophagy;  GO:1903542-P:negative regulation of exosomal secretion;  GO:1905366-P:negative regulation of intralumenal vesicle formation;  GO:0098943-P:neurotransmitter receptor transport, postsynaptic endosome to lysosome;  GO:0090383-P:phagosome acidification;  GO:0090382-P:phagosome maturation;  GO:0090385-P:phagosome-lysosome fusion;  GO:1903543-P:positive regulation of exosomal secretion;  GO:0045732-P:positive regulation of protein catabolic process;  GO:0048524-P:positive regulation of viral process;  GO:0061462-P:protein localization to lysosome;  GO:0006622-P:protein targeting to lysosome;  GO:0022615-P:protein to membrane docking;  GO:0015031-P:protein transport;  GO:0009617-P:response to bacterium;  GO:0042147-P:retrograde transport, endosome to Golgi;  GO:0036466-P:synaptic vesicle recycling via endosome;  GO:0019076-P:viral release from host cell;  GO:0003925-F:G protein activity;  GO:0019003-F:GDP binding;  GO:0005525-F:GTP binding;  GO:0003924-F:GTPase activity;  GO:1905394-F:retromer complex binding;  GO:0031267-F:small GTPase binding;  GO:0097208-C:alveolar lamellar body;  GO:0000421-C:autophagosome membrane;  GO:0005829-C:cytosol;  GO:0010008-C:endosome membrane;  GO:0070062-C:extracellular exosome;  GO:0098978-C:glutamatergic synapse;  GO:0005794-C:Golgi apparatus;  GO:0043231-C:intracellular membrane-bounded organelle;  GO:0005770-C:late endosome;  GO:0031902-C:late endosome membrane;  GO:0005811-C:lipid droplet;  GO:0005765-C:lysosomal membrane;  GO:0005764-C:lysosome;  GO:0033162-C:melanosome membrane;  GO:0031966-C:mitochondrial membrane;  GO:0005739-C:mitochondrion;  GO:0045335-C:phagocytic vesicle;  GO:0030670-C:phagocytic vesicle membrane;  GO:0034045-C:phagophore assembly site membrane;  GO:0005886-C:plasma membrane;  GO:0098830-C:presynaptic endosome;  GO:0030667-C:secretory granule membrane;  GO:0030672-C:synaptic vesicle membrane",QETEVELyNEFPEPI,Y183,1,"Phosphotyrosine (1323, 1367, 1381, 1386, 1395, 1412, 1521, 1718, 1723, 1777, 1787, 1888)",,,,,,ENSE00001314364,binder,0.7588988784956151,,ELNEFP,ELNEFP,1.0,0.7588988784956151,confident binder
SDANFK,P18433,PTPRA,Y798,TLEQYEFCYKVVQEYIDAFSDyANFK,0.3747345024127609,0.2282865797987747,0.2861722373760308,0.2069518172813991,-0.3923498588228259,-0.5118376624910477,UniProtKB,P18433,TLEQYEFCYKVVQEYIDAFSDyANFK,Updated for maximal coverage,P18433,PTPRA,PTP_cat:240:503:IPR000242;PTP_cat:532:793:IPR000242,PTP_cat~PTP_cat,GO:0007229-P:integrin-mediated signaling pathway;  GO:0051893-P:regulation of focal adhesion assembly;  GO:0007165-P:signal transduction;  GO:0004725-F:protein tyrosine phosphatase activity;  GO:0005001-F:transmembrane receptor protein tyrosine phosphatase activity;  GO:0070062-C:extracellular exosome;  GO:0005925-C:focal adhesion;  GO:0016020-C:membrane;  GO:0005886-C:plasma membrane;  GO:0043235-C:receptor complex,YIDAFSDyANFK,Y798,1,"Phosphotyrosine (1323, 1343, 1369, 1381, 1386, 1412, 1521, 1536, 1546, 1599, 1618, 1704, 1787, 1885, 1886, 1887, 1888)",,,Cytoplasmic,,,ENSE00003917099,binder,0.9460593746657304,,SDANFK,SDANFK,1.0,0.9460593746657305,confident binder
DIADPA,Q9Y2H5,PLEKHA6,Y492,YSPVRSPSARFERLPPRSEDIyADPAAYVMRRSISSPKVPPYP,0.1110177314073656,0.2812445022935245,-0.1396528490753041,0.0933025557602914,0.1219862770584049,-0.1279854710502131,UniProtKB,Q9Y2H5,YSPVRSPSARFERLPPRSEDIyADPAAYVMRRSISSPKVPPYP,Updated for maximal coverage,Q9Y2H5,PLEKHA6,PH_domain:59:160:IPR001849;PKHA4-7_TBCA:524:662:IPR057971,PH_domain~PKHA4-7_TBCA,,PPRSEDIyADPAAYV,Y492,1,"Phosphotyrosine (1323, 1367, 1369, 1381, 1386, 1395, 1412, 1521, 1536, 1546, 1718, 1723, 1787, 1886, 1888)",,,,,,ENSE00000962334,binder,0.943164911565,,DIADPA,DIADPA,1.0,0.943164911565,confident binder
NETEGP,O43609,SPRY1,Y53,EIQPTAILSLDQIKAIRGSNEyTEGPSVVKRPAPRTAPRQEKH,1.3705445551987534,1.7129138861907671,1.9444322645122405,2.0603178178127832,1.681196444391694,1.4019130903634325,UniProtKB,O43609,EIQPTAILSLDQIKAIRGSNEyTEGPSVVKRPAPRTAPRQEKH,Updated for maximal coverage,O43609,SPRY1,,,GO:0048513-P:animal organ development;  GO:0060449-P:bud elongation involved in lung branching;  GO:0060940-P:epithelial to mesenchymal transition involved in cardiac fibroblast development;  GO:0070371-P:ERK1 and ERK2 cascade;  GO:0000132-P:establishment of mitotic spindle orientation;  GO:0001656-P:metanephros development;  GO:0008285-P:negative regulation of cell population proliferation;  GO:0010719-P:negative regulation of epithelial to mesenchymal transition;  GO:0070373-P:negative regulation of ERK1 and ERK2 cascade;  GO:0040037-P:negative regulation of fibroblast growth factor receptor signaling pathway;  GO:1902747-P:negative regulation of lens fiber cell differentiation;  GO:0051387-P:negative regulation of neurotrophin TRK receptor signaling pathway;  GO:0046580-P:negative regulation of Ras protein signal transduction;  GO:0030512-P:negative regulation of transforming growth factor beta receptor signaling pathway;  GO:0001759-P:organ induction;  GO:0001657-P:ureteric bud development;  GO:0005829-C:cytosol;  GO:0005794-C:Golgi apparatus;  GO:0005654-C:nucleoplasm;  GO:0005886-C:plasma membrane,AIRGSNEyTEGPSVV,Y53,1,"Phosphotyrosine (1323, 1367, 1369, 1381, 1386, 1395, 1412, 1521, 1546, 1777, 1787, 1888)",,,,,,ENSE00001942193,nonbinder,0.1155483896162621,,NETEGP,NETEGP,0.0,0.11554838961626214,confident nonbinder
QKSDKE,Q9UQB8,BAIAP2,Y157,KCQAELKKLRKKSQGSKNPQKySDKELQYIDAISNKQGELENY,0.5941169643905126,0.690481793346961,0.6738998984282955,0.8078184649465217,0.3864322913391472,0.3141228505587103,UniProtKB,Q9UQB8,KCQAELKKLRKKSQGSKNPQKySDKELQYIDAISNKQGELENY,Updated for maximal coverage,Q9UQB8,BAIAP2,I-BAR_dom:1:250:IPR013606;SH3_domain:374:437:IPR001452,I-BAR_dom~SH3_domain,"GO:0051764-P:actin crosslink formation;  GO:0051017-P:actin filament bundle assembly;  GO:0007409-P:axonogenesis;  GO:0071364-P:cellular response to epidermal growth factor stimulus;  GO:1905232-P:cellular response to L-glutamate;  GO:0016358-P:dendrite development;  GO:0008286-P:insulin receptor signaling pathway;  GO:0007009-P:plasma membrane organization;  GO:0030838-P:positive regulation of actin filament polymerization;  GO:0061003-P:positive regulation of dendritic spine morphogenesis;  GO:2000463-P:positive regulation of excitatory postsynaptic potential;  GO:0035418-P:protein localization to synapse;  GO:0032956-P:regulation of actin cytoskeleton organization;  GO:0008360-P:regulation of cell shape;  GO:1905274-P:regulation of modification of postsynaptic actin cytoskeleton;  GO:0048167-P:regulation of synaptic plasticity;  GO:0098641-F:cadherin binding involved in cell-cell adhesion;  GO:0008093-F:cytoskeletal anchor activity;  GO:0042802-F:identical protein binding;  GO:0030165-F:PDZ domain binding;  GO:0070064-F:proline-rich region binding;  GO:0097110-F:scaffold protein binding;  GO:0001221-F:transcription coregulator binding;  GO:0005912-C:adherens junction;  GO:0005737-C:cytoplasm;  GO:0005829-C:cytosol;  GO:0043198-C:dendritic shaft;  GO:0061846-C:dendritic spine cytoplasm;  GO:0060076-C:excitatory synapse;  GO:0070062-C:extracellular exosome;  GO:0030175-C:filopodium;  GO:0098978-C:glutamatergic synapse;  GO:0030027-C:lamellipodium;  GO:0005874-C:microtubule;  GO:0061845-C:neuron projection branch point;  GO:0044306-C:neuron projection terminus;  GO:0043025-C:neuronal cell body;  GO:0005654-C:nucleoplasm;  GO:0005886-C:plasma membrane;  GO:0099524-C:postsynaptic cytosol;  GO:0099092-C:postsynaptic density, intracellular component;  GO:0099523-C:presynaptic cytosol;  GO:0001726-C:ruffle;  GO:0098685-C:Schaffer collateral - CA1 synapse;  GO:0030141-C:secretory granule;  GO:0097060-C:synaptic membrane",GSKNPQKySDKELQY,Y157,1,"Phosphotyrosine (1367, 1381, 1386, 1395, 1412, 1888)",I-BAR_dom,IPR013606,,TURN,,ENSE00003549369,nonbinder,0.0644604533998491,,QKSDKE,QKSDKE,0.0,0.06446045339984918,confident nonbinder
NPARFE,P53801,PTTG1IP,Y174,EMKTRHDEIRKKYGLFKEENPyARFENN,0.004599346401498,0.1099122480162049,0.1828532174818468,0.3144163630019433,0.3119647496249403,0.3227286794210124,UniProtKB,P53801,EMKTRHDEIRKKYGLFKEENPyARFENN,Updated for maximal coverage,P53801,PTTG1IP,PSI:39:92:IPR016201,PSI,"GO:0043518-P:negative regulation of DNA damage response, signal transduction by p53 class mediator;  GO:1902254-P:negative regulation of intrinsic apoptotic signaling pathway by p53 class mediator;  GO:0031398-P:positive regulation of protein ubiquitination;  GO:0006606-P:protein import into nucleus;  GO:0002039-F:p53 binding;  GO:0005737-C:cytoplasm;  GO:0070062-C:extracellular exosome;  GO:0016020-C:membrane;  GO:0005654-C:nucleoplasm;  GO:0005634-C:nucleus",LFKEENPyARFENN,Y174,1,"Phosphotyrosine (1323, 1343, 1367, 1369, 1381, 1386, 1395, 1412, 1521, 1546, 1777, 1787, 1886, 1888)",,,Cytoplasmic,,,ENSE00003848347,binder,0.877038451490329,,NPARFE,NPARFE,1.0,0.877038451490329,confident binder
GQDNDA,Q68CZ2,TNS3,S776; Y780,RQGSSAEQPLGGRLRKLSLGQyDNDAGGQLPFSKCAWGKAGVD,2.4451092884315595,2.8109065846248624,2.645759999460501,2.548461858675951,1.8930799344403204,1.557879437527837,UniProtKB,Q68CZ2,RQGSSAEQPLGGRLRKLSLGQyDNDAGGQLPFSKCAWGKAGVD,Updated for maximal coverage,Q68CZ2,TNS3,Tyr_Pase_dom:103:159:IPR000387;Tensin_C2-dom:173:301:IPR014020;SH2:1170:1282:IPR000980;PTB/PI_dom:1306:1443:IPR006020,Tyr_Pase_dom~Tensin_C2-dom~SH2~PTB/PI_dom,GO:0035022-P:positive regulation of Rac protein signal transduction;  GO:0004721-F:phosphoprotein phosphatase activity;  GO:0042995-C:cell projection;  GO:0005829-C:cytosol;  GO:0005925-C:focal adhesion;  GO:0002102-C:podosome,RKLSLGQyDNDAGGQ,Y780,1,"Phosphotyrosine (1323, 1367, 1381, 1386, 1395, 1412, 1536, 1546, 1777, 1886, 1888)",,,,,,ENSE00001202244,nonbinder,0.1598786835336298,,GQDNDA,GQDNDA,0.0,0.15987868353362986,confident nonbinder
RLDLNM,P16333,NCK1,Y105,PSVPDSASPADDSFVDPGERLyDLNMPAYVKFNYMAEREDELS,1.8335208805390044,2.2247261418629094,1.973316069004436,1.381843166295858,1.2365524380068624,1.1334204780474857,UniProtKB,P16333,PSVPDSASPADDSFVDPGERLyDLNMPAYVKFNYMAEREDELS,Updated for maximal coverage,P16333,NCK1,SH3_domain:2:61:IPR001452;SH3_domain:106:165:IPR001452;SH3_domain:190:252:IPR001452;SH2:280:376:IPR000980,SH3_domain~SH3_domain~SH3_domain~SH2,"GO:0007015-P:actin filament organization;  GO:0140374-P:antiviral innate immune response;  GO:0016477-P:cell migration;  GO:0048013-P:ephrin receptor signaling pathway;  GO:0030032-P:lamellipodium assembly;  GO:0046627-P:negative regulation of insulin receptor signaling pathway;  GO:1903898-P:negative regulation of PERK-mediated unfolded protein response;  GO:0050860-P:negative regulation of T cell receptor signaling pathway;  GO:0000122-P:negative regulation of transcription by RNA polymerase II;  GO:0030838-P:positive regulation of actin filament polymerization;  GO:1903676-P:positive regulation of cap-dependent translational initiation;  GO:1903679-P:positive regulation of cap-independent translational initiation;  GO:1902237-P:positive regulation of endoplasmic reticulum stress-induced intrinsic apoptotic signaling pathway;  GO:0010976-P:positive regulation of neuron projection development;  GO:0042102-P:positive regulation of T cell proliferation;  GO:0045944-P:positive regulation of transcription by RNA polymerase II;  GO:0036493-P:positive regulation of translation in response to endoplasmic reticulum stress;  GO:0030334-P:regulation of cell migration;  GO:0036491-P:regulation of translation initiation in response to endoplasmic reticulum stress;  GO:0034976-P:response to endoplasmic reticulum stress;  GO:0007172-P:signal complex assembly;  GO:0006930-P:substrate-dependent cell migration, cell extension;  GO:0042110-P:T cell activation;  GO:0045296-F:cadherin binding;  GO:0008093-F:cytoskeletal anchor activity;  GO:0046875-F:ephrin receptor binding;  GO:0071074-F:eukaryotic initiation factor eIF2 binding;  GO:0140693-F:molecular condensate scaffold activity;  GO:0019904-F:protein domain specific binding;  GO:0004860-F:protein kinase inhibitor activity;  GO:0140311-F:protein sequestering activity;  GO:0030674-F:protein-macromolecule adaptor activity;  GO:0030971-F:receptor tyrosine kinase binding;  GO:0035591-F:signaling adaptor activity;  GO:0005102-F:signaling receptor binding;  GO:0030159-F:signaling receptor complex adaptor activity;  GO:0005911-C:cell-cell junction;  GO:0005737-C:cytoplasm;  GO:0005829-C:cytosol;  GO:0005783-C:endoplasmic reticulum;  GO:0005634-C:nucleus;  GO:0005886-C:plasma membrane;  GO:0000164-C:protein phosphatase type 1 complex;  GO:0005840-C:ribosome;  GO:0012506-C:vesicle membrane",VDPGERLyDLNMPAY,Y105,1,"Phosphotyrosine (1323, 1367, 1381, 1386, 1395, 1402, 1412, 1521, 1536, 1546, 1718, 1723, 1787, 1885, 1886, 1887, 1888)",,,,,,ENSE00001036982,low-confidence,0.4664255348677764,,RLDLNM,RLDLNM,0.0,0.4664255348677764,low-confidence
TPLVSR,Q13523,PRPF4B,Y849,TILKLCDFGSASHVADNDITPyLVSRFYRAPEIIIGKSYDYGI,0.0942047043863898,0.1576232235866315,0.037510203746525,0.2205456566256253,0.080420644823657,0.0269980322260596,UniProtKB,Q13523,TILKLCDFGSASHVADNDITPyLVSRFYRAPEIIIGKSYDYGI,Updated for maximal coverage,Q13523,PRP4K,Prot_kinase_dom:687:1003:IPR000719,Prot_kinase_dom,"GO:0045292-P:mRNA cis splicing, via spliceosome;  GO:0000398-P:mRNA splicing, via spliceosome;  GO:0035332-P:positive regulation of hippo signaling;  GO:0046827-P:positive regulation of protein export from nucleus;  GO:0090266-P:regulation of mitotic cell cycle spindle assembly checkpoint;  GO:0000387-P:spliceosomal snRNP assembly;  GO:0000244-P:spliceosomal tri-snRNP complex assembly;  GO:0005524-F:ATP binding;  GO:0106310-F:protein serine kinase activity;  GO:0004674-F:protein serine/threonine kinase activity;  GO:0003723-F:RNA binding;  GO:0071013-C:catalytic step 2 spliceosome;  GO:0000776-C:kinetochore;  GO:0016607-C:nuclear speck;  GO:0005654-C:nucleoplasm;  GO:0005634-C:nucleus",ADNDITPyLVSRFYR,Y849,1,"Phosphotyrosine (1323, 1369, 1381, 1386, 1395, 1412, 1521, 1536, 1546, 1599, 1618, 1704, 1718, 1723, 1777, 1787, 1885, 1886, 1887, 1888)",Prot_kinase_dom,IPR000719,,,HIGH,ENSE00003692438,binder,0.7014006526484587,,TPLVSR,TPLVSR,1.0,0.7014006526484587,confident binder
TSENPT,Q13882,PTK6,Y447,RDPEQRPCFKALRERLSSFTSyENPT,1.1428472741092923,2.0165072751888267,2.2014434379919066,2.5498345109626515,2.4665082099608155,2.4288148605751654,UniProtKB,Q13882,RDPEQRPCFKALRERLSSFTSyENPT,Updated for maximal coverage,Q13882,PTK6,SH3_domain:8:72:IPR001452;SH2:76:170:IPR000980;Prot_kinase_dom:191:445:IPR000719,SH3_domain~SH2~Prot_kinase_dom,GO:0030154-P:cell differentiation;  GO:0016477-P:cell migration;  GO:0007169-P:cell surface receptor protein tyrosine kinase signaling pathway;  GO:0071300-P:cellular response to retinoic acid;  GO:0038128-P:ERBB2 signaling pathway;  GO:0060575-P:intestinal epithelial cell differentiation;  GO:0045926-P:negative regulation of growth;  GO:0061099-P:negative regulation of protein tyrosine kinase activity;  GO:0045787-P:positive regulation of cell cycle;  GO:0045740-P:positive regulation of DNA replication;  GO:0045742-P:positive regulation of epidermal growth factor receptor signaling pathway;  GO:0010976-P:positive regulation of neuron projection development;  GO:0046427-P:positive regulation of receptor signaling pathway via JAK-STAT;  GO:0046777-P:protein autophosphorylation;  GO:0006468-P:protein phosphorylation;  GO:0007260-P:tyrosine phosphorylation of STAT protein;  GO:0005524-F:ATP binding;  GO:0042802-F:identical protein binding;  GO:0004715-F:non-membrane spanning protein tyrosine kinase activity;  GO:0004713-F:protein tyrosine kinase activity;  GO:0005102-F:signaling receptor binding;  GO:0005737-C:cytoplasm;  GO:0005829-C:cytosol;  GO:0016604-C:nuclear body;  GO:0005654-C:nucleoplasm;  GO:0005634-C:nucleus;  GO:0005886-C:plasma membrane;  GO:0001726-C:ruffle,RLSSFTSyENPT,Y447,1,"Phosphotyrosine (1323, 1367, 1369, 1381, 1386, 1395, 1402, 1412, 1521, 1536, 1546, 1718, 1723, 1787, 1886, 1887, 1888)",,,,,,ENSE00002296949,binder,0.9189509251204006,,TSENPT,TSENPT,1.0,0.9189509251204006,confident binder
FEHRQS,P04920,SLC4A2,Y73,QEAGSRGGEEPGRSYGEEDFEyHRQSSHHIHHPLSTHLPPDAR,2.9157461967409737,3.0962575550443363,2.67116353577046,2.5785695623220777,1.8923031540161832,0.953994728063598,UniProtKB,P04920,QEAGSRGGEEPGRSYGEEDFEyHRQSSHHIHHPLSTHLPPDAR,Updated for maximal coverage,P04920,SLC4A2,Band3_cytoplasmic_dom:321:618:IPR013769;HCO3_transpt-like_TM_dom:680:1220:IPR011531,Band3_cytoplasmic_dom~HCO3_transpt-like_TM_dom,"GO:0097186-P:amelogenesis;  GO:0015701-P:bicarbonate transport;  GO:0048565-P:digestive tract development;  GO:0006820-P:monoatomic anion transport;  GO:0043377-P:negative regulation of CD8-positive, alpha-beta T cell differentiation;  GO:2000565-P:negative regulation of CD8-positive, alpha-beta T cell proliferation;  GO:0030316-P:osteoclast differentiation;  GO:0070175-P:positive regulation of enamel mineralization;  GO:0032956-P:regulation of actin cytoskeleton organization;  GO:0045124-P:regulation of bone resorption;  GO:0051453-P:regulation of intracellular pH;  GO:0007283-P:spermatogenesis;  GO:0055085-P:transmembrane transport;  GO:0140900-F:chloride:bicarbonate antiporter activity;  GO:0019899-F:enzyme binding;  GO:0008509-F:monoatomic anion transmembrane transporter activity;  GO:0005452-F:solute:inorganic anion antiporter activity;  GO:0016324-C:apical plasma membrane;  GO:0016323-C:basolateral plasma membrane;  GO:0005925-C:focal adhesion;  GO:0016020-C:membrane;  GO:0005886-C:plasma membrane",YGEEDFEyHRQSSHH,Y73,1,"Phosphotyrosine (1381, 1386, 1412, 1546, 1777, 1787, 1888)",,,Cytoplasmic;Disordered;Basic and acidic residues,,,ENSE00001088316;ENSE00001201478,low-confidence,0.5485230796833707,,FEHRQS,FEHRQS,0.0,0.5485230796833707,low-confidence
TDEMET,P21359,NF1,Y2577,RQEMESGITTPPKMRRVAETDyEMETQRISSSQQHPHLRKVSV,1.693163453983929,1.9384424168279144,2.5281403925185075,2.564847676039256,2.087299331827267,0.742608418965021,UniProtKB,P21359,RQEMESGITTPPKMRRVAETDyEMETQRISSSQQHPHLRKVSV,Updated for maximal coverage,P21359,NF1,RasGAP_dom:1187:1557:IPR001936;CRAL-TRIO_dom:1580:1738:IPR001251;PH_NF1:1737:1831:IPR054071,RasGAP_dom~CRAL-TRIO_dom~PH_NF1,"GO:0030036-P:actin cytoskeleton organization;  GO:0030325-P:adrenal gland development;  GO:0021764-P:amygdala development;  GO:0001525-P:angiogenesis;  GO:0048844-P:artery morphogenesis;  GO:0007420-P:brain development;  GO:0048593-P:camera-type eye morphogenesis;  GO:0007154-P:cell communication;  GO:0034605-P:cellular response to heat;  GO:0021987-P:cerebral cortex development;  GO:0050890-P:cognition;  GO:0030199-P:collagen fibril organization;  GO:0001935-P:endothelial cell proliferation;  GO:0030198-P:extracellular matrix organization;  GO:0097192-P:extrinsic apoptotic signaling pathway in absence of ligand;  GO:0008625-P:extrinsic apoptotic signaling pathway via death domain receptors;  GO:0048144-P:fibroblast proliferation;  GO:0021897-P:forebrain astrocyte development;  GO:0048853-P:forebrain morphogenesis;  GO:0061534-P:gamma-aminobutyric acid secretion, neurotransmission;  GO:0061535-P:glutamate secretion, neurotransmission;  GO:0048820-P:hair follicle maturation;  GO:0007507-P:heart development;  GO:0001889-P:liver development;  GO:0060291-P:long-term synaptic potentiation;  GO:0000165-P:MAPK cascade;  GO:0033024-P:mast cell apoptotic process;  GO:0070662-P:mast cell proliferation;  GO:0001656-P:metanephros development;  GO:0022011-P:myelination in peripheral nervous system;  GO:0097529-P:myeloid leukocyte migration;  GO:0016525-P:negative regulation of angiogenesis;  GO:0048712-P:negative regulation of astrocyte differentiation;  GO:0030336-P:negative regulation of cell migration;  GO:0001953-P:negative regulation of cell-matrix adhesion;  GO:0001937-P:negative regulation of endothelial cell proliferation;  GO:0048147-P:negative regulation of fibroblast proliferation;  GO:0002686-P:negative regulation of leukocyte migration;  GO:0043409-P:negative regulation of MAPK cascade;  GO:0070667-P:negative regulation of mast cell proliferation;  GO:0007406-P:negative regulation of neuroblast proliferation;  GO:0046929-P:negative regulation of neurotransmitter secretion;  GO:0048715-P:negative regulation of oligodendrocyte differentiation;  GO:0045671-P:negative regulation of osteoclast differentiation;  GO:0042308-P:negative regulation of protein import into nucleus;  GO:0035021-P:negative regulation of Rac protein signal transduction;  GO:0046580-P:negative regulation of Ras protein signal transduction;  GO:1900148-P:negative regulation of Schwann cell migration;  GO:0010626-P:negative regulation of Schwann cell proliferation;  GO:2000647-P:negative regulation of stem cell proliferation;  GO:1904753-P:negative regulation of vascular associated smooth muscle cell migration;  GO:0021915-P:neural tube development;  GO:0007405-P:neuroblast proliferation;  GO:0051402-P:neuron apoptotic process;  GO:0098597-P:observational learning;  GO:0048709-P:oligodendrocyte differentiation;  GO:0001649-P:osteoblast differentiation;  GO:0030316-P:osteoclast differentiation;  GO:0007422-P:peripheral nervous system development;  GO:0043491-P:phosphatidylinositol 3-kinase/protein kinase B signal transduction;  GO:0043473-P:pigmentation;  GO:0043065-P:positive regulation of apoptotic process;  GO:0001938-P:positive regulation of endothelial cell proliferation;  GO:2001241-P:positive regulation of extrinsic apoptotic signaling pathway in absence of ligand;  GO:0043547-P:positive regulation of GTPase activity;  GO:0033027-P:positive regulation of mast cell apoptotic process;  GO:0043525-P:positive regulation of neuron apoptotic process;  GO:1904707-P:positive regulation of vascular associated smooth muscle cell proliferation;  GO:0006606-P:protein import into nucleus;  GO:0016601-P:Rac protein signal transduction;  GO:0007265-P:Ras protein signal transduction;  GO:0045765-P:regulation of angiogenesis;  GO:0043535-P:regulation of blood vessel endothelial cell migration;  GO:0045124-P:regulation of bone resorption;  GO:0001952-P:regulation of cell-matrix adhesion;  GO:0070372-P:regulation of ERK1 and ERK2 cascade;  GO:0010468-P:regulation of gene expression;  GO:0045685-P:regulation of glial cell differentiation;  GO:0048169-P:regulation of long-term neuronal synaptic plasticity;  GO:1900271-P:regulation of long-term synaptic potentiation;  GO:0099175-P:regulation of postsynapse organization;  GO:0032228-P:regulation of synaptic transmission, GABAergic;  GO:0001666-P:response to hypoxia;  GO:0014044-P:Schwann cell development;  GO:0036135-P:Schwann cell migration;  GO:0014010-P:Schwann cell proliferation;  GO:0007519-P:skeletal muscle tissue development;  GO:0048745-P:smooth muscle tissue development;  GO:0021510-P:spinal cord development;  GO:0072089-P:stem cell proliferation;  GO:0048485-P:sympathetic nervous system development;  GO:1904738-P:vascular associated smooth muscle cell migration;  GO:1990874-P:vascular associated smooth muscle cell proliferation;  GO:0008542-P:visual learning;  GO:0042060-P:wound healing;  GO:0005096-F:GTPase activator activity;  GO:0031210-F:phosphatidylcholine binding;  GO:0008429-F:phosphatidylethanolamine binding;  GO:0030424-C:axon;  GO:0005737-C:cytoplasm;  GO:0005829-C:cytosol;  GO:0030425-C:dendrite;  GO:0098978-C:glutamatergic synapse;  GO:0016020-C:membrane;  GO:0005730-C:nucleolus;  GO:0005654-C:nucleoplasm;  GO:0005634-C:nucleus;  GO:0005886-C:plasma membrane;  GO:0098793-C:presynapse",RRVAETDyEMETQRI,Y2577,1,"Phosphotyrosine (1381, 1386, 1395, 1412, 1521, 1777, 1787, 1887, 1888)",,,,,,ENSE00003966170,nonbinder,0.15244158014617,,TDEMET,TDEMET,0.0,0.15244158014617,confident nonbinder
SSFKDS,Q9Y5X1,SNX9,Y177,GPATGDDDDWDEDWDGPKSSSyFKDSESADAGGAQRGNSRASS,2.85341335579888,3.792111860742828,3.6033564780533087,3.524698352660336,2.25736299623326,1.3440820253423815,UniProtKB,Q9Y5X1,GPATGDDDDWDEDWDGPKSSSyFKDSESADAGGAQRGNSRASS,Updated for maximal coverage,Q9Y5X1,SNX9,SH3_domain:1:62:IPR001452;PX_dom:247:361:IPR001683;Sorting_nexin_WASP-bd-dom:358:592:IPR019497,SH3_domain~PX_dom~Sorting_nexin_WASP-bd-dom,GO:0036089-P:cleavage furrow formation;  GO:0006897-P:endocytosis;  GO:0016197-P:endosomal transport;  GO:0006886-P:intracellular protein transport;  GO:0060988-P:lipid tube assembly;  GO:0000281-P:mitotic cytokinesis;  GO:0097320-P:plasma membrane tubulation;  GO:0030838-P:positive regulation of actin filament polymerization;  GO:0043547-P:positive regulation of GTPase activity;  GO:0051044-P:positive regulation of membrane protein ectodomain proteolysis;  GO:0045860-P:positive regulation of protein kinase activity;  GO:0065003-P:protein-containing complex assembly;  GO:0006898-P:receptor-mediated endocytosis;  GO:1900242-P:regulation of synaptic vesicle endocytosis;  GO:0005545-F:1-phosphatidylinositol binding;  GO:0071933-F:Arp2/3 complex binding;  GO:0045296-F:cadherin binding;  GO:0042802-F:identical protein binding;  GO:0035091-F:phosphatidylinositol binding;  GO:0042803-F:protein homodimerization activity;  GO:0031625-F:ubiquitin protein ligase binding;  GO:0005905-C:clathrin-coated pit;  GO:0030136-C:clathrin-coated vesicle;  GO:0032437-C:cuticular plate;  GO:0005737-C:cytoplasm;  GO:0031410-C:cytoplasmic vesicle;  GO:0030659-C:cytoplasmic vesicle membrane;  GO:0005829-C:cytosol;  GO:0070062-C:extracellular exosome;  GO:0005886-C:plasma membrane;  GO:0098793-C:presynapse;  GO:0001726-C:ruffle;  GO:0005802-C:trans-Golgi network,DGPKSSSyFKDSESA,Y177,1,"Phosphotyrosine (1367, 1381, 1386, 1395, 1412, 1887, 1888)",,,Disordered,HELIX,,ENSE00003441706,nonbinder,Training,,SSFKDS,SSFKDS,,,0
KTVDPH,P29317,EPHA2,Y588,ARQSPEDVYFSKSEQLKPLKTyVDPHTYEDPNQAVLKFTTEIH,0.676399156694393,0.8072525646072478,0.801191567949721,0.9522710409785324,0.8314428832897185,0.8883420743490409,UniProtKB,P29317,ARQSPEDVYFSKSEQLKPLKTyVDPHTYEDPNQAVLKFTTEIH,Updated for maximal coverage,P29317,EPHA2,Ephrin_rcpt_lig-bd_dom:28:206:IPR001090;FN3_dom:328:432:IPR003961;FN3_dom:436:529:IPR003961;Eph_TM:538:610:IPR027936;Prot_kinase_dom:613:875:IPR000719;SAM:901:968:IPR001660,Ephrin_rcpt_lig-bd_dom~FN3_dom~FN3_dom~Eph_TM~Prot_kinase_dom~SAM,GO:0090630-P:activation of GTPase activity;  GO:0001525-P:angiogenesis;  GO:0048320-P:axial mesoderm formation;  GO:0002043-P:blood vessel endothelial cell proliferation involved in sprouting angiogenesis;  GO:0046849-P:bone remodeling;  GO:0060444-P:branching involved in mammary gland duct morphogenesis;  GO:0046058-P:cAMP metabolic process;  GO:0007155-P:cell adhesion;  GO:0060326-P:cell chemotaxis;  GO:0016477-P:cell migration;  GO:0048870-P:cell motility;  GO:0007169-P:cell surface receptor protein tyrosine kinase signaling pathway;  GO:0021953-P:central nervous system neuron differentiation;  GO:0050830-P:defense response to Gram-positive bacterium;  GO:0048013-P:ephrin receptor signaling pathway;  GO:0006954-P:inflammatory response;  GO:0008630-P:intrinsic apoptotic signaling pathway in response to DNA damage;  GO:0030216-P:keratinocyte differentiation;  GO:0070309-P:lens fiber cell morphogenesis;  GO:0033598-P:mammary gland epithelial cell proliferation;  GO:0016525-P:negative regulation of angiogenesis;  GO:0032682-P:negative regulation of chemokine production;  GO:1901491-P:negative regulation of lymphangiogenesis;  GO:0021915-P:neural tube development;  GO:0060035-P:notochord cell development;  GO:0014028-P:notochord formation;  GO:0001649-P:osteoblast differentiation;  GO:0030316-P:osteoclast differentiation;  GO:1904238-P:pericyte cell differentiation;  GO:1903348-P:positive regulation of bicellular tight junction assembly;  GO:0030335-P:positive regulation of cell migration;  GO:1903078-P:positive regulation of protein localization to plasma membrane;  GO:0036342-P:post-anal tail morphogenesis;  GO:0072659-P:protein localization to plasma membrane;  GO:0045765-P:regulation of angiogenesis;  GO:0043535-P:regulation of blood vessel endothelial cell migration;  GO:0033628-P:regulation of cell adhesion mediated by integrin;  GO:0070372-P:regulation of ERK1 and ERK2 cascade;  GO:0010591-P:regulation of lamellipodium assembly;  GO:0070848-P:response to growth factor;  GO:0001501-P:skeletal system development;  GO:0001570-P:vasculogenesis;  GO:0005524-F:ATP binding;  GO:0045296-F:cadherin binding;  GO:0005003-F:ephrin receptor activity;  GO:0019838-F:growth factor binding;  GO:0140677-F:molecular function activator activity;  GO:0004714-F:transmembrane receptor protein tyrosine kinase activity;  GO:0001618-F:virus receptor activity;  GO:0009986-C:cell surface;  GO:0005925-C:focal adhesion;  GO:0030027-C:lamellipodium;  GO:0031258-C:lamellipodium membrane;  GO:0031256-C:leading edge membrane;  GO:0005886-C:plasma membrane;  GO:0043235-C:receptor complex;  GO:0032587-C:ruffle membrane;  GO:0070160-C:tight junction,QLKPLKTyVDPHTYE,Y588,1,"Phosphotyrosine (1323, 1367, 1369, 1381, 1386, 1387, 1395, 1412, 1521, 1546, 1599, 1723, 1777, 1787, 1886, 1888)",Eph_TM,IPR027936,Cytoplasmic,,,ENSE00001031771,binder,0.8434251826955438,,KTVDPH,KTVDPH,1.0,0.8434251826955438,confident binder
ATTTSG,P29317,EPHA2,Y772,LVCKVSDFGLSRVLEDDPEATyTTSGGKIPIRWTAPEAISYRK,0.3678846393337403,0.4335293290827888,0.3991022969404231,0.5295587780825223,0.9114404474929808,0.9800678096619602,UniProtKB,P29317,LVCKVSDFGLSRVLEDDPEATyTTSGGKIPIRWTAPEAISYRK,Updated for maximal coverage,P29317,EPHA2,Ephrin_rcpt_lig-bd_dom:28:206:IPR001090;FN3_dom:328:432:IPR003961;FN3_dom:436:529:IPR003961;Eph_TM:538:610:IPR027936;Prot_kinase_dom:613:875:IPR000719;SAM:901:968:IPR001660,Ephrin_rcpt_lig-bd_dom~FN3_dom~FN3_dom~Eph_TM~Prot_kinase_dom~SAM,GO:0090630-P:activation of GTPase activity;  GO:0001525-P:angiogenesis;  GO:0048320-P:axial mesoderm formation;  GO:0002043-P:blood vessel endothelial cell proliferation involved in sprouting angiogenesis;  GO:0046849-P:bone remodeling;  GO:0060444-P:branching involved in mammary gland duct morphogenesis;  GO:0046058-P:cAMP metabolic process;  GO:0007155-P:cell adhesion;  GO:0060326-P:cell chemotaxis;  GO:0016477-P:cell migration;  GO:0048870-P:cell motility;  GO:0007169-P:cell surface receptor protein tyrosine kinase signaling pathway;  GO:0021953-P:central nervous system neuron differentiation;  GO:0050830-P:defense response to Gram-positive bacterium;  GO:0048013-P:ephrin receptor signaling pathway;  GO:0006954-P:inflammatory response;  GO:0008630-P:intrinsic apoptotic signaling pathway in response to DNA damage;  GO:0030216-P:keratinocyte differentiation;  GO:0070309-P:lens fiber cell morphogenesis;  GO:0033598-P:mammary gland epithelial cell proliferation;  GO:0016525-P:negative regulation of angiogenesis;  GO:0032682-P:negative regulation of chemokine production;  GO:1901491-P:negative regulation of lymphangiogenesis;  GO:0021915-P:neural tube development;  GO:0060035-P:notochord cell development;  GO:0014028-P:notochord formation;  GO:0001649-P:osteoblast differentiation;  GO:0030316-P:osteoclast differentiation;  GO:1904238-P:pericyte cell differentiation;  GO:1903348-P:positive regulation of bicellular tight junction assembly;  GO:0030335-P:positive regulation of cell migration;  GO:1903078-P:positive regulation of protein localization to plasma membrane;  GO:0036342-P:post-anal tail morphogenesis;  GO:0072659-P:protein localization to plasma membrane;  GO:0045765-P:regulation of angiogenesis;  GO:0043535-P:regulation of blood vessel endothelial cell migration;  GO:0033628-P:regulation of cell adhesion mediated by integrin;  GO:0070372-P:regulation of ERK1 and ERK2 cascade;  GO:0010591-P:regulation of lamellipodium assembly;  GO:0070848-P:response to growth factor;  GO:0001501-P:skeletal system development;  GO:0001570-P:vasculogenesis;  GO:0005524-F:ATP binding;  GO:0045296-F:cadherin binding;  GO:0005003-F:ephrin receptor activity;  GO:0019838-F:growth factor binding;  GO:0140677-F:molecular function activator activity;  GO:0004714-F:transmembrane receptor protein tyrosine kinase activity;  GO:0001618-F:virus receptor activity;  GO:0009986-C:cell surface;  GO:0005925-C:focal adhesion;  GO:0030027-C:lamellipodium;  GO:0031258-C:lamellipodium membrane;  GO:0031256-C:leading edge membrane;  GO:0005886-C:plasma membrane;  GO:0043235-C:receptor complex;  GO:0032587-C:ruffle membrane;  GO:0070160-C:tight junction,EDDPEATyTTSGGKI,Y772,1,"Phosphotyrosine (1323, 1367, 1369, 1381, 1386, 1387, 1395, 1402, 1412, 1521, 1536, 1546, 1599, 1718, 1723, 1777, 1787, 1886, 1888)",Prot_kinase_dom,IPR000719,Cytoplasmic;Mediates interaction with ARHGEF16 and ELMO2,STRAND,HIGH,ENSE00000955404,nonbinder,0.0707803285354777,,ATTTSG,ATTTSG,0.0,0.07078032853547776,confident nonbinder
DVFSKS,P29317,EPHA2,Y575,VGFFIHRRRKNQRARQSPEDVyFSKSEQLKPLKTYVDPHTYED,-0.2519915073936981,-0.3843455370250298,-0.2853193539981167,-0.19628228840579,0.5165594349241922,0.725145420172137,UniProtKB,P29317,VGFFIHRRRKNQRARQSPEDVyFSKSEQLKPLKTYVDPHTYED,Updated for maximal coverage,P29317,EPHA2,Ephrin_rcpt_lig-bd_dom:28:206:IPR001090;FN3_dom:328:432:IPR003961;FN3_dom:436:529:IPR003961;Eph_TM:538:610:IPR027936;Prot_kinase_dom:613:875:IPR000719;SAM:901:968:IPR001660,Ephrin_rcpt_lig-bd_dom~FN3_dom~FN3_dom~Eph_TM~Prot_kinase_dom~SAM,GO:0090630-P:activation of GTPase activity;  GO:0001525-P:angiogenesis;  GO:0048320-P:axial mesoderm formation;  GO:0002043-P:blood vessel endothelial cell proliferation involved in sprouting angiogenesis;  GO:0046849-P:bone remodeling;  GO:0060444-P:branching involved in mammary gland duct morphogenesis;  GO:0046058-P:cAMP metabolic process;  GO:0007155-P:cell adhesion;  GO:0060326-P:cell chemotaxis;  GO:0016477-P:cell migration;  GO:0048870-P:cell motility;  GO:0007169-P:cell surface receptor protein tyrosine kinase signaling pathway;  GO:0021953-P:central nervous system neuron differentiation;  GO:0050830-P:defense response to Gram-positive bacterium;  GO:0048013-P:ephrin receptor signaling pathway;  GO:0006954-P:inflammatory response;  GO:0008630-P:intrinsic apoptotic signaling pathway in response to DNA damage;  GO:0030216-P:keratinocyte differentiation;  GO:0070309-P:lens fiber cell morphogenesis;  GO:0033598-P:mammary gland epithelial cell proliferation;  GO:0016525-P:negative regulation of angiogenesis;  GO:0032682-P:negative regulation of chemokine production;  GO:1901491-P:negative regulation of lymphangiogenesis;  GO:0021915-P:neural tube development;  GO:0060035-P:notochord cell development;  GO:0014028-P:notochord formation;  GO:0001649-P:osteoblast differentiation;  GO:0030316-P:osteoclast differentiation;  GO:1904238-P:pericyte cell differentiation;  GO:1903348-P:positive regulation of bicellular tight junction assembly;  GO:0030335-P:positive regulation of cell migration;  GO:1903078-P:positive regulation of protein localization to plasma membrane;  GO:0036342-P:post-anal tail morphogenesis;  GO:0072659-P:protein localization to plasma membrane;  GO:0045765-P:regulation of angiogenesis;  GO:0043535-P:regulation of blood vessel endothelial cell migration;  GO:0033628-P:regulation of cell adhesion mediated by integrin;  GO:0070372-P:regulation of ERK1 and ERK2 cascade;  GO:0010591-P:regulation of lamellipodium assembly;  GO:0070848-P:response to growth factor;  GO:0001501-P:skeletal system development;  GO:0001570-P:vasculogenesis;  GO:0005524-F:ATP binding;  GO:0045296-F:cadherin binding;  GO:0005003-F:ephrin receptor activity;  GO:0019838-F:growth factor binding;  GO:0140677-F:molecular function activator activity;  GO:0004714-F:transmembrane receptor protein tyrosine kinase activity;  GO:0001618-F:virus receptor activity;  GO:0009986-C:cell surface;  GO:0005925-C:focal adhesion;  GO:0030027-C:lamellipodium;  GO:0031258-C:lamellipodium membrane;  GO:0031256-C:leading edge membrane;  GO:0005886-C:plasma membrane;  GO:0043235-C:receptor complex;  GO:0032587-C:ruffle membrane;  GO:0070160-C:tight junction,RQSPEDVyFSKSEQL,Y575,1,"Phosphotyrosine (1323, 1367, 1369, 1381, 1386, 1387, 1395, 1412, 1521, 1546, 1599, 1723, 1787, 1886, 1888)",Eph_TM,IPR027936,Cytoplasmic,,,ENSE00000955400,low-confidence,0.4636036859987488,,DVFSKS,DVFSKS,0.0,0.46360368599874885,low-confidence
SAPSEE,P42566,EPS15,Y849,TSATTTTNKEADPSNFANFSAyPSEEDMIEWAKRESEREEEQR,2.6461020928256307,3.479428960194608,3.968232179158449,4.22582217358091,4.004264208291447,3.156848320842794,UniProtKB,P42566,TSATTTTNKEADPSNFANFSAyPSEEDMIEWAKRESEREEEQR,Updated for maximal coverage,P42566,EPS15,EH_dom:8:104:IPR000261;EH_dom:121:217:IPR000261;EH_dom:217:314:IPR000261,EH_dom~EH_dom~EH_dom,GO:0048268-P:clathrin coat assembly;  GO:0032456-P:endocytic recycling;  GO:0006897-P:endocytosis;  GO:0016197-P:endosomal transport;  GO:0006895-P:Golgi to endosome transport;  GO:0001921-P:positive regulation of receptor recycling;  GO:0098884-P:postsynaptic neurotransmitter receptor internalization;  GO:0019065-P:receptor-mediated endocytosis of virus by host cell;  GO:0042127-P:regulation of cell population proliferation;  GO:0032880-P:regulation of protein localization;  GO:0046718-P:symbiont entry into host cell;  GO:0070086-P:ubiquitin-dependent endocytosis;  GO:0016050-P:vesicle organization;  GO:0045296-F:cadherin binding;  GO:0005509-F:calcium ion binding;  GO:0042802-F:identical protein binding;  GO:0031593-F:polyubiquitin modification-dependent protein binding;  GO:0017124-F:SH3 domain binding;  GO:0043130-F:ubiquitin binding;  GO:0016235-C:aggresome;  GO:0030122-C:AP-2 adaptor complex;  GO:0016324-C:apical plasma membrane;  GO:0009925-C:basal plasma membrane;  GO:0060170-C:ciliary membrane;  GO:0030132-C:clathrin coat of coated pit;  GO:0005905-C:clathrin-coated pit;  GO:0005737-C:cytoplasm;  GO:0005829-C:cytosol;  GO:0031901-C:early endosome membrane;  GO:0098978-C:glutamatergic synapse;  GO:0043231-C:intracellular membrane-bounded organelle;  GO:0016020-C:membrane;  GO:0005886-C:plasma membrane;  GO:0098843-C:postsynaptic endocytic zone,NFANFSAyPSEEDMI,Y849,1,"Phosphotyrosine (1323, 1367, 1381, 1386, 1395, 1402, 1412, 1521, 1536, 1777, 1787, 1886, 1888)",,,,,,ENSE00003995428;ENSE00003995447,nonbinder,0.0061103702087908,,SAPSEE,SAPSEE,0.0,0.006110370208790845,confident nonbinder
GADIIL,Q9NQ84,GPRC5C,Y387,LTSVYQPTEMALMHKVPSEGAyDIILPRATANSQVMGSANSTL,1.1362356190973055,0.9985786801936424,0.9995586028478088,1.585732458705352,1.404723217010854,1.2238705919812296,UniProtKB,Q9NQ84,LTSVYQPTEMALMHKVPSEGAyDIILPRATANSQVMGSANSTL,Updated for maximal coverage,Q9NQ84,GPRC5C,GPCR_3_C:44:299:IPR017978,GPCR_3_C,GO:0007186-P:G protein-coupled receptor signaling pathway;  GO:0004930-F:G protein-coupled receptor activity;  GO:0030295-F:protein kinase activator activity;  GO:0034451-C:centriolar satellite;  GO:0005929-C:cilium;  GO:0030659-C:cytoplasmic vesicle membrane;  GO:0070062-C:extracellular exosome;  GO:0043231-C:intracellular membrane-bounded organelle;  GO:0005886-C:plasma membrane;  GO:0043235-C:receptor complex;  GO:0031982-C:vesicle,KVPSEGAyDIILPRA,Y387,1,"Phosphotyrosine (1367, 1381, 1386, 1395, 1412, 1521, 1546, 1718, 1723, 1777, 1787, 1888)",,,Cytoplasmic,,,ENSE00003694555,binder,Training,,GADIIL,GADIIL,,,1
SSSDAN,P42685,FRK,Y497,ERPTFETLRWKLEDYFETDSSySDANNFIR,0.909900534563362,0.9540084355296664,1.1085994788708866,1.323979877334726,1.360215572248714,1.3510373572726917,UniProtKB,P42685,ERPTFETLRWKLEDYFETDSSySDANNFIR,Updated for maximal coverage,P42685,FRK,SH3_domain:42:110:IPR001452;SH2:114:208:IPR000980;Prot_kinase_dom:234:491:IPR000719,SH3_domain~SH2~Prot_kinase_dom,GO:0030154-P:cell differentiation;  GO:0007169-P:cell surface receptor protein tyrosine kinase signaling pathway;  GO:0000122-P:negative regulation of transcription by RNA polymerase II;  GO:0005524-F:ATP binding;  GO:0004715-F:non-membrane spanning protein tyrosine kinase activity;  GO:0004713-F:protein tyrosine kinase activity;  GO:0005102-F:signaling receptor binding;  GO:0035578-C:azurophil granule lumen;  GO:0005737-C:cytoplasm;  GO:0005829-C:cytosol;  GO:0070062-C:extracellular exosome;  GO:0005576-C:extracellular region;  GO:0005654-C:nucleoplasm;  GO:0005634-C:nucleus;  GO:0005886-C:plasma membrane;  GO:0035580-C:specific granule lumen,YFETDSSySDANNFI,Y497,1,"Phosphotyrosine (1323, 1367, 1369, 1381, 1386, 1395, 1402, 1412, 1521, 1536, 1546, 1718, 1723, 1777, 1787, 1888)",,,,,,ENSE00003696238,nonbinder,0.1100324495836462,,SSSDAN,SSSDAN,0.0,0.1100324495836462,confident nonbinder
GHFVAL,P42685,FRK,Y46,KSTVIENPGALCSPQSQRHGHyFVALFDYQARTAEDLSFRAGD,1.9623948633251755,2.100545684433792,2.1046415334879134,2.1776939527844434,2.130251542550225,1.961335667857336,UniProtKB,P42685,KSTVIENPGALCSPQSQRHGHyFVALFDYQARTAEDLSFRAGD,Updated for maximal coverage,P42685,FRK,SH3_domain:42:110:IPR001452;SH2:114:208:IPR000980;Prot_kinase_dom:234:491:IPR000719,SH3_domain~SH2~Prot_kinase_dom,GO:0030154-P:cell differentiation;  GO:0007169-P:cell surface receptor protein tyrosine kinase signaling pathway;  GO:0000122-P:negative regulation of transcription by RNA polymerase II;  GO:0005524-F:ATP binding;  GO:0004715-F:non-membrane spanning protein tyrosine kinase activity;  GO:0004713-F:protein tyrosine kinase activity;  GO:0005102-F:signaling receptor binding;  GO:0035578-C:azurophil granule lumen;  GO:0005737-C:cytoplasm;  GO:0005829-C:cytosol;  GO:0070062-C:extracellular exosome;  GO:0005576-C:extracellular region;  GO:0005654-C:nucleoplasm;  GO:0005634-C:nucleus;  GO:0005886-C:plasma membrane;  GO:0035580-C:specific granule lumen,QSQRHGHyFVALFDY,Y46,1,"Phosphotyrosine (1323, 1367, 1369, 1381, 1386, 1395, 1412, 1521, 1546, 1718, 1723, 1777, 1787, 1888)",SH3_domain,IPR001452,,,,ENSE00001447601,binder,0.772718453303567,,GHFVAL,GHFVAL,1.0,0.772718453303567,confident binder
GIQGFE,Q05655,PRKCD,Y313,NQVTQRASRRSDSASSEPVGIyQGFEKKTGVAGEDMQDNSGTY,1.8110094312442235,2.5804118970911496,2.1792401952777043,1.574728609328138,1.1795950546118543,0.6450454432725036,UniProtKB,Q05655,NQVTQRASRRSDSASSEPVGIyQGFEKKTGVAGEDMQDNSGTY,Updated for maximal coverage,Q05655,PRKCD,C2_dom:1:106:IPR000008;PKC_DAG/PE:158:209:IPR002219;PKC_DAG/PE:230:282:IPR002219;Prot_kinase_dom:349:603:IPR000719;AGC-kinase_C:604:675:IPR000961,C2_dom~PKC_DAG/PE~PKC_DAG/PE~Prot_kinase_dom~AGC-kinase_C,"GO:0032147-P:activation of protein kinase activity;  GO:0006915-P:apoptotic process;  GO:0042100-P:B cell proliferation;  GO:0060326-P:cell chemotaxis;  GO:1904385-P:cellular response to angiotensin;  GO:0071398-P:cellular response to fatty acid;  GO:0070301-P:cellular response to hydrogen peroxide;  GO:0071447-P:cellular response to hydroperoxide;  GO:0034644-P:cellular response to UV;  GO:0090398-P:cellular senescence;  GO:0042742-P:defense response to bacterium;  GO:0006974-P:DNA damage response;  GO:0038096-P:Fc-gamma receptor signaling pathway involved in phagocytosis;  GO:0016064-P:immunoglobulin mediated immune response;  GO:0035556-P:intracellular signal transduction;  GO:0008631-P:intrinsic apoptotic signaling pathway in response to oxidative stress;  GO:0030837-P:negative regulation of actin filament polymerization;  GO:0051490-P:negative regulation of filopodium assembly;  GO:0034351-P:negative regulation of glial cell apoptotic process;  GO:0050728-P:negative regulation of inflammatory response;  GO:0046627-P:negative regulation of insulin receptor signaling pathway;  GO:0043409-P:negative regulation of MAPK cascade;  GO:0090331-P:negative regulation of platelet aggregation;  GO:0042119-P:neutrophil activation;  GO:0018105-P:peptidyl-serine phosphorylation;  GO:0018107-P:peptidyl-threonine phosphorylation;  GO:2001235-P:positive regulation of apoptotic signaling pathway;  GO:2000304-P:positive regulation of ceramide biosynthetic process;  GO:0032079-P:positive regulation of endodeoxyribonuclease activity;  GO:2000753-P:positive regulation of glucosylceramide catabolic process;  GO:1900163-P:positive regulation of phospholipid scramblase activity;  GO:0042307-P:positive regulation of protein import into nucleus;  GO:2000755-P:positive regulation of sphingomyelin catabolic process;  GO:0032930-P:positive regulation of superoxide anion generation;  GO:0043687-P:post-translational protein modification;  GO:0070528-P:protein kinase C signaling;  GO:0006468-P:protein phosphorylation;  GO:0050821-P:protein stabilization;  GO:0032956-P:regulation of actin cytoskeleton organization;  GO:2000303-P:regulation of ceramide biosynthetic process;  GO:0043488-P:regulation of mRNA stability;  GO:0007165-P:signal transduction;  GO:0023021-P:termination of signal transduction;  GO:0005524-F:ATP binding;  GO:0004697-F:diacylglycerol-dependent serine/threonine kinase activity;  GO:0004699-F:diacylglycerol-dependent, calcium-independent serine/threonine kinase activity;  GO:0008047-F:enzyme activator activity;  GO:0019899-F:enzyme binding;  GO:0043560-F:insulin receptor substrate binding;  GO:0004715-F:non-membrane spanning protein tyrosine kinase activity;  GO:0004672-F:protein kinase activity;  GO:0019901-F:protein kinase binding;  GO:0106310-F:protein serine kinase activity;  GO:0004674-F:protein serine/threonine kinase activity;  GO:0008270-F:zinc ion binding;  GO:0035578-C:azurophil granule lumen;  GO:0005911-C:cell-cell junction;  GO:0005737-C:cytoplasm;  GO:0005829-C:cytosol;  GO:0036019-C:endolysosome;  GO:0005783-C:endoplasmic reticulum;  GO:0070062-C:extracellular exosome;  GO:0005576-C:extracellular region;  GO:0005739-C:mitochondrion;  GO:0016363-C:nuclear matrix;  GO:0005654-C:nucleoplasm;  GO:0005634-C:nucleus;  GO:0048471-C:perinuclear region of cytoplasm;  GO:0005886-C:plasma membrane",SSEPVGIyQGFEKKT,Y313,1,"Phosphotyrosine (1323, 1343, 1367, 1369, 1381, 1386, 1395, 1412, 1521, 1718, 1719, 1723, 1777, 1787, 1885, 1886, 1888)",,,,,,ENSE00001079761,nonbinder,0.3926261932938991,,GIQGFE,GIQGFE,0.0,0.3926261932938991,confident nonbinder
DQALME,O00459,PIK3R2,Y605,KGARQKKINEWLGIKNETEDQyALMEDEDDLPHHEERTWYVGK,1.1334029873014475,1.7848755265683751,2.536017698910667,2.940724670933992,2.827880541572392,2.412668619580644,UniProtKB,O00459,KGARQKKINEWLGIKNETEDQyALMEDEDDLPHHEERTWYVGK,Updated for maximal coverage,O00459,PIK3R2,SH3_domain:4:80:IPR001452;RhoGAP_dom:109:295:IPR000198;SH2:328:425:IPR000980;PI3K_P85_iSH2:428:596:IPR032498;SH2:620:716:IPR000980,SH3_domain~RhoGAP_dom~SH2~PI3K_P85_iSH2~SH2,"GO:0030183-P:B cell differentiation;  GO:0032869-P:cellular response to insulin stimulus;  GO:0006955-P:immune response;  GO:0008286-P:insulin receptor signaling pathway;  GO:0001678-P:intracellular glucose homeostasis;  GO:0043409-P:negative regulation of MAPK cascade;  GO:0043491-P:phosphatidylinositol 3-kinase/protein kinase B signal transduction;  GO:0045785-P:positive regulation of cell adhesion;  GO:0042307-P:positive regulation of protein import into nucleus;  GO:0045944-P:positive regulation of transcription by RNA polymerase II;  GO:0015031-P:protein transport;  GO:0030833-P:regulation of actin filament polymerization;  GO:0010506-P:regulation of autophagy;  GO:1903076-P:regulation of protein localization to plasma membrane;  GO:0051492-P:regulation of stress fiber assembly;  GO:0034976-P:response to endoplasmic reticulum stress;  GO:0030217-P:T cell differentiation;  GO:0046935-F:1-phosphatidylinositol-3-kinase regulator activity;  GO:0036312-F:phosphatidylinositol 3-kinase regulatory subunit binding;  GO:0001784-F:phosphotyrosine residue binding;  GO:0046982-F:protein heterodimerization activity;  GO:0019903-F:protein phosphatase binding;  GO:0030971-F:receptor tyrosine kinase binding;  GO:0005829-C:cytosol;  GO:0005925-C:focal adhesion;  GO:0005634-C:nucleus;  GO:0005943-C:phosphatidylinositol 3-kinase complex, class IA",KNETEDQyALMEDED,Y605,1,"Phosphotyrosine (1367, 1381, 1386, 1395, 1412, 1521, 1718, 1777, 1787, 1886, 1887, 1888)",,,,,,ENSE00003498129,binder,0.8459743654855751,,DQALME,DQALME,1.0,0.8459743654855751,confident binder
QLEEYT,O00459,PIK3R2,Y464,GAQLKVYHQQYQDKSREYDQLyEEYTRTSQELQMKRTAIEAFN,1.0549717708796151,1.1654800250854076,0.9494411879356898,0.9058369082007748,0.7363820828038169,0.5621522515230477,UniProtKB,O00459,GAQLKVYHQQYQDKSREYDQLyEEYTRTSQELQMKRTAIEAFN,Updated for maximal coverage,O00459,PIK3R2,SH3_domain:4:80:IPR001452;RhoGAP_dom:109:295:IPR000198;SH2:328:425:IPR000980;PI3K_P85_iSH2:428:596:IPR032498;SH2:620:716:IPR000980,SH3_domain~RhoGAP_dom~SH2~PI3K_P85_iSH2~SH2,"GO:0030183-P:B cell differentiation;  GO:0032869-P:cellular response to insulin stimulus;  GO:0006955-P:immune response;  GO:0008286-P:insulin receptor signaling pathway;  GO:0001678-P:intracellular glucose homeostasis;  GO:0043409-P:negative regulation of MAPK cascade;  GO:0043491-P:phosphatidylinositol 3-kinase/protein kinase B signal transduction;  GO:0045785-P:positive regulation of cell adhesion;  GO:0042307-P:positive regulation of protein import into nucleus;  GO:0045944-P:positive regulation of transcription by RNA polymerase II;  GO:0015031-P:protein transport;  GO:0030833-P:regulation of actin filament polymerization;  GO:0010506-P:regulation of autophagy;  GO:1903076-P:regulation of protein localization to plasma membrane;  GO:0051492-P:regulation of stress fiber assembly;  GO:0034976-P:response to endoplasmic reticulum stress;  GO:0030217-P:T cell differentiation;  GO:0046935-F:1-phosphatidylinositol-3-kinase regulator activity;  GO:0036312-F:phosphatidylinositol 3-kinase regulatory subunit binding;  GO:0001784-F:phosphotyrosine residue binding;  GO:0046982-F:protein heterodimerization activity;  GO:0019903-F:protein phosphatase binding;  GO:0030971-F:receptor tyrosine kinase binding;  GO:0005829-C:cytosol;  GO:0005925-C:focal adhesion;  GO:0005634-C:nucleus;  GO:0005943-C:phosphatidylinositol 3-kinase complex, class IA",SREYDQLyEEYTRTS,Y464,1,"Phosphotyrosine (1323, 1367, 1369, 1381, 1386, 1387, 1395, 1402, 1412, 1521, 1536, 1546, 1599, 1618, 1704, 1718, 1723, 1777, 1787, 1885, 1886, 1887, 1888)",PI3K_P85_iSH2,IPR032498,,HELIX,,ENSE00003571819,binder,0.960360625000812,,QLEEYT,QLEEYT,1.0,0.9603606250008121,confident binder
NPEPEL,P43405,SYK,Y323,GHRKSSPAQGNRQESTVSFNPyEPELAPWAADKGPQREALPMD,0.6826976476495177,0.9209860241379813,0.9009283717967276,1.1103318271122955,0.7612126555113239,0.9064720828947748,UniProtKB,P43405,GHRKSSPAQGNRQESTVSFNPyEPELAPWAADKGPQREALPMD,Updated for maximal coverage,P43405,SYK,SH2:13:107:IPR000980;SH2:166:259:IPR000980;Prot_kinase_dom:371:631:IPR000719,SH2~SH2~Prot_kinase_dom,GO:0002250-P:adaptive immune response;  GO:0097242-P:amyloid-beta clearance;  GO:0001525-P:angiogenesis;  GO:0009887-P:animal organ morphogenesis;  GO:0097190-P:apoptotic signaling pathway;  GO:0030183-P:B cell differentiation;  GO:0050853-P:B cell receptor signaling pathway;  GO:0043366-P:beta selection;  GO:0048514-P:blood vessel morphogenesis;  GO:0019722-P:calcium-mediated signaling;  GO:0001775-P:cell activation;  GO:0002752-P:cell surface pattern recognition receptor signaling pathway;  GO:1904646-P:cellular response to amyloid-beta;  GO:1990858-P:cellular response to lectin;  GO:0071396-P:cellular response to lipid;  GO:0071404-P:cellular response to low-density lipoprotein particle stimulus;  GO:0071226-P:cellular response to molecule of fungal origin;  GO:0038063-P:collagen-activated tyrosine kinase receptor signaling pathway;  GO:0042742-P:defense response to bacterium;  GO:0038095-P:Fc-epsilon receptor signaling pathway;  GO:0038096-P:Fc-gamma receptor signaling pathway involved in phagocytosis;  GO:0042492-P:gamma-delta T cell differentiation;  GO:0045087-P:innate immune response;  GO:0007229-P:integrin-mediated signaling pathway;  GO:0038156-P:interleukin-3-mediated signaling pathway;  GO:0035556-P:intracellular signal transduction;  GO:0002366-P:leukocyte activation involved in immune response;  GO:0007159-P:leukocyte cell-cell adhesion;  GO:0019370-P:leukotriene biosynthetic process;  GO:0001945-P:lymph vessel development;  GO:0002281-P:macrophage activation involved in immune response;  GO:0043303-P:mast cell degranulation;  GO:0002862-P:negative regulation of inflammatory response to antigenic stimulus;  GO:0002283-P:neutrophil activation involved in immune response;  GO:0030593-P:neutrophil chemotaxis;  GO:0018108-P:peptidyl-tyrosine phosphorylation;  GO:0030168-P:platelet activation;  GO:0046638-P:positive regulation of alpha-beta T cell differentiation;  GO:0046641-P:positive regulation of alpha-beta T cell proliferation;  GO:0045579-P:positive regulation of B cell differentiation;  GO:0045780-P:positive regulation of bone resorption;  GO:0050850-P:positive regulation of calcium-mediated signaling;  GO:0033630-P:positive regulation of cell adhesion mediated by integrin;  GO:0120162-P:positive regulation of cold-induced thermogenesis;  GO:0045588-P:positive regulation of gamma-delta T cell differentiation;  GO:0032725-P:positive regulation of granulocyte macrophage colony-stimulating factor production;  GO:0032733-P:positive regulation of interleukin-10 production;  GO:0032735-P:positive regulation of interleukin-12 production;  GO:0032752-P:positive regulation of interleukin-3 production;  GO:0032753-P:positive regulation of interleukin-4 production;  GO:0032755-P:positive regulation of interleukin-6 production;  GO:0032757-P:positive regulation of interleukin-8 production;  GO:0043410-P:positive regulation of MAPK cascade;  GO:0032765-P:positive regulation of mast cell cytokine production;  GO:0043306-P:positive regulation of mast cell degranulation;  GO:0071639-P:positive regulation of monocyte chemotactic protein-1 production;  GO:0031334-P:positive regulation of protein-containing complex assembly;  GO:0002092-P:positive regulation of receptor internalization;  GO:0032930-P:positive regulation of superoxide anion generation;  GO:1904263-P:positive regulation of TORC1 signaling;  GO:0032760-P:positive regulation of tumor necrosis factor production;  GO:0032481-P:positive regulation of type I interferon production;  GO:0006606-P:protein import into nucleus;  GO:0006468-P:protein phosphorylation;  GO:0031623-P:receptor internalization;  GO:0090237-P:regulation of arachidonate secretion;  GO:0051090-P:regulation of DNA-binding transcription factor activity;  GO:0070372-P:regulation of ERK1 and ERK2 cascade;  GO:0043313-P:regulation of neutrophil degranulation;  GO:0050764-P:regulation of phagocytosis;  GO:0010543-P:regulation of platelet activation;  GO:0090330-P:regulation of platelet aggregation;  GO:0032928-P:regulation of superoxide anion generation;  GO:0010803-P:regulation of tumor necrosis factor-mediated signaling pathway;  GO:0002554-P:serotonin secretion by platelet;  GO:0002223-P:stimulatory C-type lectin receptor signaling pathway;  GO:0005524-F:ATP binding;  GO:0005178-F:integrin binding;  GO:0016170-F:interleukin-15 receptor binding;  GO:0016301-F:kinase activity;  GO:0004715-F:non-membrane spanning protein tyrosine kinase activity;  GO:0019902-F:phosphatase binding;  GO:0043274-F:phospholipase binding;  GO:0001784-F:phosphotyrosine residue binding;  GO:0004672-F:protein kinase activity;  GO:0019901-F:protein kinase binding;  GO:0004674-F:protein serine/threonine kinase activity;  GO:0004713-F:protein tyrosine kinase activity;  GO:0097110-F:scaffold protein binding;  GO:0042169-F:SH2 domain binding;  GO:0005102-F:signaling receptor binding;  GO:0035325-F:Toll-like receptor binding;  GO:0019815-C:B cell receptor complex;  GO:0005737-C:cytoplasm;  GO:0005829-C:cytosol;  GO:0032009-C:early phagosome;  GO:0005634-C:nucleus;  GO:0005886-C:plasma membrane;  GO:0032991-C:protein-containing complex;  GO:0042101-C:T cell receptor complex,STVSFNPyEPELAPW,Y323,1,"Phosphotyrosine (1323, 1367, 1369, 1381, 1386, 1395, 1412, 1521, 1723, 1787, 1886, 1888)",,,Interdomain B,,,ENSE00001176486,nonbinder,0.0796889037822043,,NPEPEL,NPEPEL,0.0,0.07968890378220439,confident nonbinder
STYKAS,Q05397,PTK2,Y576,SSNDCVKLGDFGLSRYMEDSTyYKASKGKLPIKWMAPESINFR,-0.399769899091307,0.2918936587760775,0.3037550729422658,0.7664984630212182,0.5525570500947418,0.8699662383118836,UniProtKB,Q05397,SSNDCVKLGDFGLSRYMEDSTyYKASKGKLPIKWMAPESINFR,Updated for maximal coverage,Q05397,PTK2,FERM_domain:35:355:IPR000299;Prot_kinase_dom:422:680:IPR000719;Focal_adhesion_kin_target_dom:914:1045:IPR005189,FERM_domain~Prot_kinase_dom~Focal_adhesion_kin_target_dom,GO:0001525-P:angiogenesis;  GO:0007411-P:axon guidance;  GO:0016477-P:cell migration;  GO:0048870-P:cell motility;  GO:0035995-P:detection of muscle stretch;  GO:0048013-P:ephrin receptor signaling pathway;  GO:0007173-P:epidermal growth factor receptor signaling pathway;  GO:0030010-P:establishment of cell polarity;  GO:0038096-P:Fc-gamma receptor signaling pathway involved in phagocytosis;  GO:0060396-P:growth hormone receptor signaling pathway;  GO:0003007-P:heart morphogenesis;  GO:0007229-P:integrin-mediated signaling pathway;  GO:2000811-P:negative regulation of anoikis;  GO:0043066-P:negative regulation of apoptotic process;  GO:0022408-P:negative regulation of cell-cell adhesion;  GO:0038007-P:netrin-activated signaling pathway;  GO:0018108-P:peptidyl-tyrosine phosphorylation;  GO:0001890-P:placenta development;  GO:0030335-P:positive regulation of cell migration;  GO:0008284-P:positive regulation of cell population proliferation;  GO:0010634-P:positive regulation of epithelial cell migration;  GO:0010718-P:positive regulation of epithelial to mesenchymal transition;  GO:0010763-P:positive regulation of fibroblast migration;  GO:0010759-P:positive regulation of macrophage chemotaxis;  GO:0120041-P:positive regulation of macrophage proliferation;  GO:0051897-P:positive regulation of phosphatidylinositol 3-kinase/protein kinase B signal transduction;  GO:0045860-P:positive regulation of protein kinase activity;  GO:0001934-P:positive regulation of protein phosphorylation;  GO:2000060-P:positive regulation of ubiquitin-dependent protein catabolic process;  GO:0090303-P:positive regulation of wound healing;  GO:0046777-P:protein autophosphorylation;  GO:0030155-P:regulation of cell adhesion;  GO:0033628-P:regulation of cell adhesion mediated by integrin;  GO:0042127-P:regulation of cell population proliferation;  GO:0008360-P:regulation of cell shape;  GO:0051493-P:regulation of cytoskeleton organization;  GO:0010594-P:regulation of endothelial cell migration;  GO:0010632-P:regulation of epithelial cell migration;  GO:0051893-P:regulation of focal adhesion assembly;  GO:0043087-P:regulation of GTPase activity;  GO:0045667-P:regulation of osteoblast differentiation;  GO:0001932-P:regulation of protein phosphorylation;  GO:1900024-P:regulation of substrate adhesion-dependent cell spreading;  GO:0007172-P:signal complex assembly;  GO:0007179-P:transforming growth factor beta receptor signaling pathway;  GO:0097706-P:vascular endothelial cell response to oscillatory fluid shear stress;  GO:0048010-P:vascular endothelial growth factor receptor signaling pathway;  GO:0003779-F:actin binding;  GO:0005524-F:ATP binding;  GO:0005178-F:integrin binding;  GO:0008432-F:JUN kinase binding;  GO:0140677-F:molecular function activator activity;  GO:0004715-F:non-membrane spanning protein tyrosine kinase activity;  GO:0019901-F:protein kinase binding;  GO:0019903-F:protein phosphatase binding;  GO:0004713-F:protein tyrosine kinase activity;  GO:0004725-F:protein tyrosine phosphatase activity;  GO:0042169-F:SH2 domain binding;  GO:0005938-C:cell cortex;  GO:0005813-C:centrosome;  GO:0036064-C:ciliary basal body;  GO:0005929-C:cilium;  GO:0005856-C:cytoskeleton;  GO:0005829-C:cytosol;  GO:0005925-C:focal adhesion;  GO:0043231-C:intracellular membrane-bounded organelle;  GO:0005634-C:nucleus;  GO:0048471-C:perinuclear region of cytoplasm;  GO:0005886-C:plasma membrane;  GO:0001725-C:stress fiber,RYMEDSTyYKASKGK,Y576,1,"Phosphotyrosine (1323, 1367, 1369, 1381, 1386, 1395, 1402, 1412, 1521, 1536, 1546, 1599, 1787, 1886, 1888)",Prot_kinase_dom,IPR000719,,HELIX,HIGH,ENSE00003674907,nonbinder,0.3148405482965499,,STYKAS,STYKAS,0.0,0.31484054829654995,confident nonbinder
AISVHV,Q9Y2X7,GIT1,Y545,GDELTTRLQPFHSTELEDDAIySVHVPAGLYRIRKGVSASAVP,0.8361551547089827,1.004287847053782,0.8123462544323018,1.2578187159910053,1.2075736105389472,1.0265954246868156,UniProtKB,Q9Y2X7,GDELTTRLQPFHSTELEDDAIySVHVPAGLYRIRKGVSASAVP,Updated for maximal coverage,Q9Y2X7,GIT1,ArfGAP_dom:1:124:IPR001164;GIT_SHD:264:294:IPR013724;GIT_SHD:328:358:IPR013724;GIT1/2_CC:409:473:IPR032352;GIT1_C:643:755:IPR022018,ArfGAP_dom~GIT_SHD~GIT_SHD~GIT1/2_CC~GIT1_C,GO:0007420-P:brain development;  GO:0045454-P:cell redox homeostasis;  GO:0071364-P:cellular response to epidermal growth factor stimulus;  GO:0071222-P:cellular response to lipopolysaccharide;  GO:0060996-P:dendritic spine development;  GO:0048013-P:ephrin receptor signaling pathway;  GO:0001771-P:immunological synapse formation;  GO:0001957-P:intramembranous ossification;  GO:0007626-P:locomotory behavior;  GO:0061743-P:motor learning;  GO:0032013-P:negative regulation of ARF protein signal transduction;  GO:0045820-P:negative regulation of glycolytic process;  GO:0106015-P:negative regulation of inflammatory response to wounding;  GO:0032691-P:negative regulation of interleukin-1 beta production;  GO:0099645-P:neurotransmitter receptor localization to postsynaptic specialization membrane;  GO:0090063-P:positive regulation of microtubule nucleation;  GO:2000646-P:positive regulation of receptor catabolic process;  GO:0099171-P:presynaptic modulation of chemical synaptic transmission;  GO:0032012-P:regulation of ARF protein signal transduction;  GO:0032465-P:regulation of cytokinesis;  GO:0008277-P:regulation of G protein-coupled receptor signaling pathway;  GO:2000300-P:regulation of synaptic vesicle exocytosis;  GO:0036465-P:synaptic vesicle recycling;  GO:0043015-F:gamma-tubulin binding;  GO:0005096-F:GTPase activator activity;  GO:0042802-F:identical protein binding;  GO:0019903-F:protein phosphatase binding;  GO:1990782-F:protein tyrosine kinase binding;  GO:0044877-F:protein-containing complex binding;  GO:0097110-F:scaffold protein binding;  GO:0031267-F:small GTPase binding;  GO:0098879-F:structural constituent of postsynaptic specialization;  GO:0008270-F:zinc ion binding;  GO:0044305-C:calyx of Held;  GO:0005813-C:centrosome;  GO:0005829-C:cytosol;  GO:0030425-C:dendrite;  GO:0005768-C:endosome;  GO:0060076-C:excitatory synapse;  GO:0005925-C:focal adhesion;  GO:0098982-C:GABA-ergic synapse;  GO:0098978-C:glutamatergic synapse;  GO:0030426-C:growth cone;  GO:0060077-C:inhibitory synapse;  GO:0030027-C:lamellipodium;  GO:0016020-C:membrane;  GO:0005739-C:mitochondrion;  GO:0097431-C:mitotic spindle pole;  GO:0043005-C:neuron projection;  GO:0098794-C:postsynapse;  GO:0014069-C:postsynaptic density;  GO:0045202-C:synapse,ELEDDAIySVHVPAG,Y545,1,"Phosphotyrosine (1323, 1367, 1381, 1386, 1387, 1395, 1412, 1521, 1536, 1546, 1599, 1718, 1787, 1886, 1888)",,,Interaction with NCK2 and GRIN3A;Required for localization at synapses;Interaction with IKBKG,,,ENSE00003516651,binder,0.8409244061487435,,AISVHV,AISVHV,1.0,0.8409244061487435,confident binder
PVEDAA,Q14247,CTTN,Y421,QTPPVSPAPQPTEERLPSSPVyEDAASFKAELSYRGPVSGTEP,1.6528949873402738,1.5629051491867612,1.150676424181762,0.8308927436546518,0.2038378195525693,-0.3754473263590256,UniProtKB,Q14247,QTPPVSPAPQPTEERLPSSPVyEDAASFKAELSYRGPVSGTEP,Updated for maximal coverage,Q14247,CTTN,SH3_domain:492:550:IPR001452,SH3_domain,"GO:0030036-P:actin cytoskeleton organization;  GO:0048870-P:cell motility;  GO:0097062-P:dendritic spine maintenance;  GO:0097191-P:extrinsic apoptotic signaling pathway;  GO:0048041-P:focal adhesion assembly;  GO:0006886-P:intracellular protein transport;  GO:0097581-P:lamellipodium organization;  GO:0098885-P:modification of postsynaptic actin cytoskeleton;  GO:2001237-P:negative regulation of extrinsic apoptotic signaling pathway;  GO:0048812-P:neuron projection morphogenesis;  GO:0030838-P:positive regulation of actin filament polymerization;  GO:0050921-P:positive regulation of chemotaxis;  GO:0045987-P:positive regulation of smooth muscle contraction;  GO:0006898-P:receptor-mediated endocytosis;  GO:0030516-P:regulation of axon extension;  GO:0060491-P:regulation of cell projection assembly;  GO:1901524-P:regulation of mitophagy;  GO:0007165-P:signal transduction;  GO:0006930-P:substrate-dependent cell migration, cell extension;  GO:0071933-F:Arp2/3 complex binding;  GO:0045296-F:cadherin binding;  GO:0005522-F:profilin binding;  GO:0070064-F:proline-rich region binding;  GO:0005884-C:actin filament;  GO:0005938-C:cell cortex;  GO:0005905-C:clathrin-coated pit;  GO:0030863-C:cortical cytoskeleton;  GO:0005737-C:cytoplasm;  GO:0005856-C:cytoskeleton;  GO:0005829-C:cytosol;  GO:0043197-C:dendritic spine;  GO:0030139-C:endocytic vesicle;  GO:0005783-C:endoplasmic reticulum;  GO:0005925-C:focal adhesion;  GO:0098978-C:glutamatergic synapse;  GO:0005794-C:Golgi apparatus;  GO:0030426-C:growth cone;  GO:0043231-C:intracellular membrane-bounded organelle;  GO:0030027-C:lamellipodium;  GO:1990023-C:mitotic spindle midzone;  GO:0005886-C:plasma membrane;  GO:0002102-C:podosome;  GO:0098871-C:postsynaptic actin cytoskeleton;  GO:0001726-C:ruffle;  GO:0008076-C:voltage-gated potassium channel complex",RLPSSPVyEDAASFK,Y421,1,"Phosphotyrosine (1323, 1367, 1381, 1386, 1395, 1412, 1521, 1546, 1787, 1886, 1888)",,,,,,ENSE00003588443,binder,0.8582697863409793,,PVEDAA,PVEDAA,1.0,0.8582697863409793,confident binder
PVSMEA,Q14247,CTTN,Y446,ASFKAELSYRGPVSGTEPEPVySMEAADYREASSQQGLAYATE,1.4808944036973324,1.5401553280621738,1.1654441037124,0.98523162135316,0.7889177050163373,0.4390268302714944,UniProtKB,Q14247,ASFKAELSYRGPVSGTEPEPVySMEAADYREASSQQGLAYATE,Updated for maximal coverage,Q14247,CTTN,SH3_domain:492:550:IPR001452,SH3_domain,"GO:0030036-P:actin cytoskeleton organization;  GO:0048870-P:cell motility;  GO:0097062-P:dendritic spine maintenance;  GO:0097191-P:extrinsic apoptotic signaling pathway;  GO:0048041-P:focal adhesion assembly;  GO:0006886-P:intracellular protein transport;  GO:0097581-P:lamellipodium organization;  GO:0098885-P:modification of postsynaptic actin cytoskeleton;  GO:2001237-P:negative regulation of extrinsic apoptotic signaling pathway;  GO:0048812-P:neuron projection morphogenesis;  GO:0030838-P:positive regulation of actin filament polymerization;  GO:0050921-P:positive regulation of chemotaxis;  GO:0045987-P:positive regulation of smooth muscle contraction;  GO:0006898-P:receptor-mediated endocytosis;  GO:0030516-P:regulation of axon extension;  GO:0060491-P:regulation of cell projection assembly;  GO:1901524-P:regulation of mitophagy;  GO:0007165-P:signal transduction;  GO:0006930-P:substrate-dependent cell migration, cell extension;  GO:0071933-F:Arp2/3 complex binding;  GO:0045296-F:cadherin binding;  GO:0005522-F:profilin binding;  GO:0070064-F:proline-rich region binding;  GO:0005884-C:actin filament;  GO:0005938-C:cell cortex;  GO:0005905-C:clathrin-coated pit;  GO:0030863-C:cortical cytoskeleton;  GO:0005737-C:cytoplasm;  GO:0005856-C:cytoskeleton;  GO:0005829-C:cytosol;  GO:0043197-C:dendritic spine;  GO:0030139-C:endocytic vesicle;  GO:0005783-C:endoplasmic reticulum;  GO:0005925-C:focal adhesion;  GO:0098978-C:glutamatergic synapse;  GO:0005794-C:Golgi apparatus;  GO:0030426-C:growth cone;  GO:0043231-C:intracellular membrane-bounded organelle;  GO:0030027-C:lamellipodium;  GO:1990023-C:mitotic spindle midzone;  GO:0005886-C:plasma membrane;  GO:0002102-C:podosome;  GO:0098871-C:postsynaptic actin cytoskeleton;  GO:0001726-C:ruffle;  GO:0008076-C:voltage-gated potassium channel complex",GTEPEPVySMEAADY,Y446,1,"Phosphotyrosine (1323, 1367, 1381, 1386, 1395, 1402, 1412, 1521, 1536, 1546, 1787, 1886, 1888)",,,,,,ENSE00003524160,binder,0.6769216463955607,,PVSMEA,PVSMEA,1.0,0.6769216463955607,confident binder
IPDDYP,Q5EBL8,PDZD11,Y7,MDSRIPyDDYPVVFLPAYENPPAWIPPH,1.6685406078964884,1.993000952670544,1.952389024632972,2.3001453779676777,1.8717611454194203,1.0767621604300182,UniProtKB,Q5EBL8,MDSRIPyDDYPVVFLPAYENPPAWIPPH,Updated for maximal coverage,Q5EBL8,PDZD11,PDZ:47:128:IPR001478,PDZ,GO:0007269-P:neurotransmitter secretion;  GO:0046931-P:pore complex assembly;  GO:0008582-P:regulation of synaptic assembly at neuromuscular junction;  GO:0048489-P:synaptic vesicle transport;  GO:0030674-F:protein-macromolecule adaptor activity;  GO:0005912-C:adherens junction;  GO:0016323-C:basolateral plasma membrane;  GO:0005911-C:cell-cell junction;  GO:0005829-C:cytosol;  GO:0005576-C:extracellular region;  GO:0046930-C:pore complex;  GO:0098793-C:presynapse,yDDYPVVF,Y7,1,"Phosphotyrosine (1367, 1381, 1386, 1395, 1412, 1521, 1787, 1888)",,,,,,ENSE00003527296,low-confidence,0.4280092127523465,,DDYP,IPDDYP,0.0,0.4280092127523465,low-confidence
TDDFAP,Q9UM54,MYO6,Y1146,KSKNKKRNTETEQRAPKSVTDyDFAPFLNNSPQQNPAAQIPAR,0.694661299892879,0.96123233157105,1.6401786055359406,1.0843157707662932,-0.012199875129929,-4.553571690933717,UniProtKB,Q9UM54,KSKNKKRNTETEQRAPKSVTDyDFAPFLNNSPQQNPAAQIPAR,Updated for maximal coverage,Q9UM54,MYO6,SH3_Myosin:2:53:IPR004009;Myosin_head_motor_dom-like:51:772:IPR001609;MYO6_lever:770:917:IPR049016;Myosin-VI_CBD:1177:1267:IPR032412,SH3_Myosin~Myosin_head_motor_dom-like~MYO6_lever~Myosin-VI_CBD,"GO:0007015-P:actin filament organization;  GO:0030048-P:actin filament-based movement;  GO:0030330-P:DNA damage response, signal transduction by p53 class mediator;  GO:0006897-P:endocytosis;  GO:0042491-P:inner ear auditory receptor cell differentiation;  GO:0042472-P:inner ear morphogenesis;  GO:0006886-P:intracellular protein transport;  GO:0008104-P:protein localization;  GO:0051046-P:regulation of secretion;  GO:0009410-P:response to xenobiotic stimulus;  GO:0007605-P:sensory perception of sound;  GO:0003779-F:actin binding;  GO:0051015-F:actin filament binding;  GO:0043531-F:ADP binding;  GO:0005524-F:ATP binding;  GO:0005516-F:calmodulin binding;  GO:0003774-F:cytoskeletal motor activity;  GO:0042802-F:identical protein binding;  GO:0000146-F:microfilament motor activity;  GO:0060001-F:minus-end directed microfilament motor activity;  GO:0015629-C:actin cytoskeleton;  GO:0005884-C:actin filament;  GO:0045177-C:apical part of cell;  GO:0005776-C:autophagosome;  GO:0005938-C:cell cortex;  GO:0005905-C:clathrin-coated pit;  GO:0030665-C:clathrin-coated vesicle membrane;  GO:0005737-C:cytoplasm;  GO:0031410-C:cytoplasmic vesicle;  GO:0005829-C:cytosol;  GO:0030139-C:endocytic vesicle;  GO:0005768-C:endosome;  GO:0070062-C:extracellular exosome;  GO:0031941-C:filamentous actin;  GO:0030175-C:filopodium;  GO:0005794-C:Golgi apparatus;  GO:0005765-C:lysosomal membrane;  GO:0016020-C:membrane;  GO:0005902-C:microvillus;  GO:0031965-C:nuclear membrane;  GO:0005654-C:nucleoplasm;  GO:0005634-C:nucleus;  GO:0048471-C:perinuclear region of cytoplasm;  GO:0005886-C:plasma membrane;  GO:0001726-C:ruffle;  GO:0032587-C:ruffle membrane;  GO:0016461-C:unconventional myosin complex",APKSVTDyDFAPFLN,Y1146,1,"Phosphotyrosine (1381, 1386, 1412, 1787, 1887, 1888)",,,Interaction with TAX1BP1 and CALCOCO2/NDP52,,,,nonbinder,0.2883073709903348,,TDDFAP,TDDFAP,0.0,0.2883073709903348,confident nonbinder
PLSKVT,Q99952,PTPN18,Y389,SGTQTGTGTGTGARSAEEAPLySKVTPRAQRPGAHAEDARGTL,1.831122614835896,2.3392861684665456,2.6490049675735032,2.920741381293769,2.7025056053455634,2.3197800544651623,UniProtKB,Q99952,SGTQTGTGTGTGARSAEEAPLySKVTPRAQRPGAHAEDARGTL,Updated for maximal coverage,Q99952,PTPN18,PTP_cat:25:293:IPR000242,PTP_cat,GO:0001825-P:blastocyst formation;  GO:1901185-P:negative regulation of ERBB signaling pathway;  GO:0006470-P:protein dephosphorylation;  GO:0004726-F:non-membrane spanning protein tyrosine phosphatase activity;  GO:0004725-F:protein tyrosine phosphatase activity;  GO:0005737-C:cytoplasm;  GO:0005829-C:cytosol;  GO:0005654-C:nucleoplasm;  GO:0005634-C:nucleus,SAEEAPLySKVTPRA,Y389,1,"Phosphotyrosine (1323, 1367, 1369, 1381, 1386, 1395, 1402, 1412, 1536, 1618, 1704, 1723, 1777, 1787, 1886, 1888)",,,Disordered,,,ENSE00000776197,binder,0.8363239911528877,,PLSKVT,PLSKVT,1.0,0.8363239911528877,confident binder
QESDVV,Q12774,ARHGEF5,Y1100,MGGFSRRCSKLINSSQLLYQEySDVVLNKEIQSQQRLESLSET,2.6013124630026154,2.3961010143407067,2.205536720451444,2.1266515701900124,1.959863279238217,1.832069308051816,UniProtKB,Q12774,MGGFSRRCSKLINSSQLLYQEySDVVLNKEIQSQQRLESLSET,Updated for maximal coverage,Q12774,ARHGEF5,ARHGEF5/35_N:1:478:IPR029212;DH_dom:1174:1358:IPR000219;PH_domain:1390:1504:IPR001849;SH3_domain:1510:1571:IPR001452,ARHGEF5/35_N~DH_dom~PH_domain~SH3_domain,GO:0030036-P:actin cytoskeleton organization;  GO:0061484-P:hematopoietic stem cell homeostasis;  GO:0035556-P:intracellular signal transduction;  GO:0002408-P:myeloid dendritic cell chemotaxis;  GO:0051091-P:positive regulation of DNA-binding transcription factor activity;  GO:0043507-P:positive regulation of JUN kinase activity;  GO:0071803-P:positive regulation of podosome assembly;  GO:1904591-P:positive regulation of protein import;  GO:0051496-P:positive regulation of stress fiber assembly;  GO:0032956-P:regulation of actin cytoskeleton organization;  GO:0051493-P:regulation of cytoskeleton organization;  GO:0043087-P:regulation of GTPase activity;  GO:0051056-P:regulation of small GTPase mediated signal transduction;  GO:0005525-F:GTP binding;  GO:0005085-F:guanyl-nucleotide exchange factor activity;  GO:0008289-F:lipid binding;  GO:0070161-C:anchoring junction;  GO:0071944-C:cell periphery;  GO:0042995-C:cell projection;  GO:0005737-C:cytoplasm;  GO:0005829-C:cytosol;  GO:0005654-C:nucleoplasm;  GO:0005634-C:nucleus;  GO:0005886-C:plasma membrane;  GO:0002102-C:podosome,SQLLYQEySDVVLNK,Y1100,1,"Phosphotyrosine (1367, 1381, 1386, 1395, 1412, 1536, 1777, 1888)",,,,,,ENSE00002441301,binder,0.8643525771815012,,QESDVV,QESDVV,1.0,0.8643525771815012,confident binder
ENNSVN,Q12846,STX4,Y115,GREIRLQLKAIEPQKEEADENyNSVNTRMRKTQHGVLSQQFVE,2.4836273619981406,3.011755422308311,3.0108900648650576,2.777971908318748,1.892567212283329,1.5265863713011796,UniProtKB,Q12846,GREIRLQLKAIEPQKEEADENyNSVNTRMRKTQHGVLSQQFVE,Updated for maximal coverage,Q12846,STX4,Syntaxin_N:33:189:IPR006011;T_SNARE_dom:195:287:IPR000727,Syntaxin_N~T_SNARE_dom,GO:0034599-P:cellular response to oxidative stress;  GO:0071346-P:cellular response to type II interferon;  GO:1903575-P:cornified envelope assembly;  GO:0006887-P:exocytosis;  GO:0006886-P:intracellular protein transport;  GO:0060291-P:long-term synaptic potentiation;  GO:0006836-P:neurotransmitter transport;  GO:0048284-P:organelle fusion;  GO:0043085-P:positive regulation of catalytic activity;  GO:0045785-P:positive regulation of cell adhesion;  GO:0030335-P:positive regulation of cell migration;  GO:0008284-P:positive regulation of cell population proliferation;  GO:0050921-P:positive regulation of chemotaxis;  GO:0043311-P:positive regulation of eosinophil degranulation;  GO:0002639-P:positive regulation of immunoglobulin production;  GO:0035774-P:positive regulation of insulin secretion involved in cellular response to glucose stimulus;  GO:2000010-P:positive regulation of protein localization to cell surface;  GO:1903078-P:positive regulation of protein localization to plasma membrane;  GO:0034394-P:protein localization to cell surface;  GO:0017157-P:regulation of exocytosis;  GO:1902041-P:regulation of extrinsic apoptotic signaling pathway via death domain receptors;  GO:0099072-P:regulation of postsynaptic membrane neurotransmitter receptor levels;  GO:0007605-P:sensory perception of sound;  GO:0035493-P:SNARE complex assembly;  GO:0048278-P:vesicle docking;  GO:0006906-P:vesicle fusion;  GO:0005484-F:SNAP receptor activity;  GO:0000149-F:SNARE binding;  GO:0016230-F:sphingomyelin phosphodiesterase activator activity;  GO:0016323-C:basolateral plasma membrane;  GO:0009986-C:cell surface;  GO:0005829-C:cytosol;  GO:0043197-C:dendritic spine;  GO:0012505-C:endomembrane system;  GO:0005768-C:endosome;  GO:0070062-C:extracellular exosome;  GO:0005615-C:extracellular space;  GO:0098978-C:glutamatergic synapse;  GO:0030027-C:lamellipodium;  GO:0043219-C:lateral loop;  GO:0016020-C:membrane;  GO:0035749-C:myelin sheath adaxonal region;  GO:0032589-C:neuron projection membrane;  GO:0048471-C:perinuclear region of cytoplasm;  GO:0030670-C:phagocytic vesicle membrane;  GO:0005886-C:plasma membrane;  GO:0098794-C:postsynapse;  GO:0098685-C:Schaffer collateral - CA1 synapse;  GO:0031201-C:SNARE complex;  GO:0036477-C:somatodendritic compartment;  GO:0042581-C:specific granule;  GO:0032420-C:stereocilium;  GO:0000322-C:storage vacuole;  GO:0045202-C:synapse;  GO:0005802-C:trans-Golgi network;  GO:0005773-C:vacuole,KEEADENyNSVNTRM,Y115,1,"Phosphotyrosine (1367, 1381, 1386, 1395, 1412, 1777, 1787, 1888)",Syntaxin_N,IPR006011,Cytoplasmic,,,ENSE00003502972,nonbinder,0.3418846423100555,,ENNSVN,ENNSVN,0.0,0.34188464231005555,confident nonbinder
ADVERG,Q12846,STX4,Y251,EVEMQGEMINRIEKNILSSADyVERGQEHVKTALENQKKARKK,1.6082006728901543,2.3387006404194857,2.3211492498345256,2.2418267093568973,1.80115166371312,1.4747263302603264,UniProtKB,Q12846,EVEMQGEMINRIEKNILSSADyVERGQEHVKTALENQKKARKK,Updated for maximal coverage,Q12846,STX4,Syntaxin_N:33:189:IPR006011;T_SNARE_dom:195:287:IPR000727,Syntaxin_N~T_SNARE_dom,GO:0034599-P:cellular response to oxidative stress;  GO:0071346-P:cellular response to type II interferon;  GO:1903575-P:cornified envelope assembly;  GO:0006887-P:exocytosis;  GO:0006886-P:intracellular protein transport;  GO:0060291-P:long-term synaptic potentiation;  GO:0006836-P:neurotransmitter transport;  GO:0048284-P:organelle fusion;  GO:0043085-P:positive regulation of catalytic activity;  GO:0045785-P:positive regulation of cell adhesion;  GO:0030335-P:positive regulation of cell migration;  GO:0008284-P:positive regulation of cell population proliferation;  GO:0050921-P:positive regulation of chemotaxis;  GO:0043311-P:positive regulation of eosinophil degranulation;  GO:0002639-P:positive regulation of immunoglobulin production;  GO:0035774-P:positive regulation of insulin secretion involved in cellular response to glucose stimulus;  GO:2000010-P:positive regulation of protein localization to cell surface;  GO:1903078-P:positive regulation of protein localization to plasma membrane;  GO:0034394-P:protein localization to cell surface;  GO:0017157-P:regulation of exocytosis;  GO:1902041-P:regulation of extrinsic apoptotic signaling pathway via death domain receptors;  GO:0099072-P:regulation of postsynaptic membrane neurotransmitter receptor levels;  GO:0007605-P:sensory perception of sound;  GO:0035493-P:SNARE complex assembly;  GO:0048278-P:vesicle docking;  GO:0006906-P:vesicle fusion;  GO:0005484-F:SNAP receptor activity;  GO:0000149-F:SNARE binding;  GO:0016230-F:sphingomyelin phosphodiesterase activator activity;  GO:0016323-C:basolateral plasma membrane;  GO:0009986-C:cell surface;  GO:0005829-C:cytosol;  GO:0043197-C:dendritic spine;  GO:0012505-C:endomembrane system;  GO:0005768-C:endosome;  GO:0070062-C:extracellular exosome;  GO:0005615-C:extracellular space;  GO:0098978-C:glutamatergic synapse;  GO:0030027-C:lamellipodium;  GO:0043219-C:lateral loop;  GO:0016020-C:membrane;  GO:0035749-C:myelin sheath adaxonal region;  GO:0032589-C:neuron projection membrane;  GO:0048471-C:perinuclear region of cytoplasm;  GO:0030670-C:phagocytic vesicle membrane;  GO:0005886-C:plasma membrane;  GO:0098794-C:postsynapse;  GO:0098685-C:Schaffer collateral - CA1 synapse;  GO:0031201-C:SNARE complex;  GO:0036477-C:somatodendritic compartment;  GO:0042581-C:specific granule;  GO:0032420-C:stereocilium;  GO:0000322-C:storage vacuole;  GO:0045202-C:synapse;  GO:0005802-C:trans-Golgi network;  GO:0005773-C:vacuole,NILSSADyVERGQEH,Y251,1,"Phosphotyrosine (1367, 1381, 1386, 1395, 1412, 1521, 1546, 1777, 1787, 1888)",T_SNARE_dom,IPR000727,Cytoplasmic;Interaction with CENPF,,,ENSE00003659983,nonbinder,0.178797085058694,,ADVERG,ADVERG,0.0,0.178797085058694,confident nonbinder
EGEVVT,O00151,PDLIM1,Y321,FVEDQIYCEKHARERVTPPEGyEVVTVFPK,2.926113126240876,3.3745430393975595,3.3418779271157293,3.321177491752131,3.0100733156035355,2.380583798702143,UniProtKB,O00151,FVEDQIYCEKHARERVTPPEGyEVVTVFPK,Updated for maximal coverage,O00151,PDLIM1,PDZ:3:85:IPR001478;Zasp-like_motif:138:163:IPR006643;Znf_LIM:258:317:IPR001781,PDZ~Zasp-like_motif~Znf_LIM,GO:0030036-P:actin cytoskeleton organization;  GO:0030950-P:establishment or maintenance of actin cytoskeleton polarity;  GO:0010761-P:fibroblast migration;  GO:0007507-P:heart development;  GO:0030011-P:maintenance of cell polarity;  GO:0061061-P:muscle structure development;  GO:0006357-P:regulation of transcription by RNA polymerase II;  GO:0001666-P:response to hypoxia;  GO:0006979-P:response to oxidative stress;  GO:0043149-P:stress fiber assembly;  GO:0003779-F:actin binding;  GO:0098641-F:cadherin binding involved in cell-cell adhesion;  GO:0046872-F:metal ion binding;  GO:0051371-F:muscle alpha-actinin binding;  GO:0003713-F:transcription coactivator activity;  GO:0005912-C:adherens junction;  GO:0005737-C:cytoplasm;  GO:0005856-C:cytoskeleton;  GO:0031941-C:filamentous actin;  GO:0005925-C:focal adhesion;  GO:0001725-C:stress fiber;  GO:0005667-C:transcription regulator complex;  GO:0030018-C:Z disc,RVTPPEGyEVVTVFP,Y321,1,"Phosphotyrosine (1323, 1367, 1381, 1386, 1395, 1412, 1723, 1777, 1787, 1886, 1888)",,,,,,ENSE00001454795,binder,0.9327310184454264,,EGEVVT,EGEVVT,1.0,0.9327310184454265,confident binder
LSTRFS,P02786,TFRC,Y20,MMDQARSAFSNLFGGEPLSyTRFSLARQVDGDNSHVEMKLA,0.6484876708464328,0.6132492151486197,0.8649958138994301,1.7903496718406646,1.5758738640953094,1.229086333585918,UniProtKB,P02786,MMDQARSAFSNLFGGEPLSyTRFSLARQVDGDNSHVEMKLA,Updated for maximal coverage,P02786,TFRC,PA_domain:228:306:IPR003137;Peptidase_M28:388:576:IPR007484;TFR-like_dimer_dom:638:749:IPR007365,PA_domain~Peptidase_M28~TFR-like_dimer_dom,GO:0006953-P:acute-phase response;  GO:1990830-P:cellular response to leukemia inhibitory factor;  GO:0071466-P:cellular response to xenobiotic stimulus;  GO:0006879-P:intracellular iron ion homeostasis;  GO:0035556-P:intracellular signal transduction;  GO:0006826-P:iron ion transport;  GO:0060586-P:multicellular organismal-level iron ion homeostasis;  GO:0043066-P:negative regulation of apoptotic process;  GO:0010637-P:negative regulation of mitochondrial fusion;  GO:0030316-P:osteoclast differentiation;  GO:0030890-P:positive regulation of B cell proliferation;  GO:0043123-P:positive regulation of canonical NF-kappaB signal transduction;  GO:0010628-P:positive regulation of gene expression;  GO:0045830-P:positive regulation of isotype switching;  GO:1900182-P:positive regulation of protein localization to nucleus;  GO:0031334-P:positive regulation of protein-containing complex assembly;  GO:0042102-P:positive regulation of T cell proliferation;  GO:0031623-P:receptor internalization;  GO:0099072-P:regulation of postsynaptic membrane neurotransmitter receptor levels;  GO:0046688-P:response to copper ion;  GO:0001666-P:response to hypoxia;  GO:0010039-P:response to iron ion;  GO:0010042-P:response to manganese ion;  GO:0007584-P:response to nutrient;  GO:0032526-P:response to retinoic acid;  GO:0033572-P:transferrin transport;  GO:0150104-P:transport across blood-brain barrier;  GO:0003725-F:double-stranded RNA binding;  GO:0030544-F:Hsp70 protein binding;  GO:0042802-F:identical protein binding;  GO:0042803-F:protein homodimerization activity;  GO:0019901-F:protein kinase binding;  GO:0044877-F:protein-containing complex binding;  GO:0003723-F:RNA binding;  GO:0004998-F:transferrin receptor activity;  GO:0001618-F:virus receptor activity;  GO:0016323-C:basolateral plasma membrane;  GO:0072562-C:blood microparticle;  GO:0009986-C:cell surface;  GO:0030669-C:clathrin-coated endocytic vesicle membrane;  GO:0005905-C:clathrin-coated pit;  GO:0031410-C:cytoplasmic vesicle;  GO:0005769-C:early endosome;  GO:0005768-C:endosome;  GO:0010008-C:endosome membrane;  GO:0009897-C:external side of plasma membrane;  GO:0070062-C:extracellular exosome;  GO:0005576-C:extracellular region;  GO:0005615-C:extracellular space;  GO:1903561-C:extracellular vesicle;  GO:0098978-C:glutamatergic synapse;  GO:1990712-C:HFE-transferrin receptor complex;  GO:0043231-C:intracellular membrane-bounded organelle;  GO:0042470-C:melanosome;  GO:0016020-C:membrane;  GO:0048471-C:perinuclear region of cytoplasm;  GO:0005886-C:plasma membrane;  GO:0098944-C:postsynaptic recycling endosome membrane;  GO:0055037-C:recycling endosome;  GO:0055038-C:recycling endosome membrane,FGGEPLSyTRFSLAR,Y20,1,"Phosphotyrosine (1323, 1381, 1386, 1395, 1412, 1521, 1536, 1546, 1599, 1618, 1704, 1777, 1787, 1885, 1886, 1888)",,,Cytoplasmic;Mediates interaction with SH3BP4;Endocytosis signal,,,ENSE00003973202,binder,0.7879956569584121,,LSTRFS,LSTRFS,1.0,0.7879956569584121,confident binder
RQTSPE,Q13442,PDAP1,Y17,MPKGGRKGGHKGRARQyTSPEEIDAQLQAEKQKAREEE,1.7750205667348151,2.01422138037498,1.8947456754411744,2.035223329431848,1.4631300175496793,1.2580917160430247,UniProtKB,Q13442,MPKGGRKGGHKGRARQyTSPEEIDAQLQAEKQKAREEE,Updated for maximal coverage,Q13442,PDAP1,Casein_kinase_sb_PP28:85:162:IPR019380,Casein_kinase_sb_PP28,GO:0007165-P:signal transduction;  GO:0003723-F:RNA binding;  GO:0005829-C:cytosol;  GO:0005576-C:extracellular region;  GO:1904813-C:ficolin-1-rich granule lumen;  GO:0005886-C:plasma membrane,HKGRARQyTSPEEID,Y17,1,"Phosphotyrosine (1367, 1381, 1386, 1395, 1412, 1521, 1718, 1777, 1787, 1888)",,,Disordered,,,ENSE00000824720,nonbinder,0.0789609238431219,,RQTSPE,RQTSPE,0.0,0.07896092384312196,confident nonbinder
ALAAVN,Q9NZM3,ITSN2,Y968,PKSYVKIIPGSEVKREEPEALyAAVNKKPTSAAYSVGEEYIAL,2.0321477139930426,2.7648885446813085,2.977588152151872,2.7144839181882445,2.178679959974984,1.65426357415476,UniProtKB,Q9NZM3,PKSYVKIIPGSEVKREEPEALyAAVNKKPTSAAYSVGEEYIAL,Updated for maximal coverage,Q9NZM3,ITSN2,EH_dom:15:110:IPR000261;EH_dom:237:333:IPR000261;SH3_domain:757:818:IPR001452;SH3_domain:898:956:IPR001452;SH3_domain:981:1039:IPR001452;SH3_domain:1053:1117:IPR001452;SH3_domain:1127:1186:IPR001452;DH_dom:1209:1395:IPR000219;PH_domain:1412:1566:IPR001849;C2_dom:1552:1668:IPR000008,EH_dom~EH_dom~SH3_domain~SH3_domain~SH3_domain~SH3_domain~SH3_domain~DH_dom~PH_domain~C2_dom,GO:0030154-P:cell differentiation;  GO:0150007-P:clathrin-dependent synaptic vesicle endocytosis;  GO:0016197-P:endosomal transport;  GO:1903861-P:positive regulation of dendrite extension;  GO:0005509-F:calcium ion binding;  GO:0005085-F:guanyl-nucleotide exchange factor activity;  GO:0060090-F:molecular adaptor activity;  GO:0005813-C:centrosome;  GO:0005737-C:cytoplasm;  GO:0005829-C:cytosol;  GO:0070062-C:extracellular exosome;  GO:0097708-C:intracellular vesicle;  GO:0005886-C:plasma membrane;  GO:0042734-C:presynaptic membrane,REEPEALyAAVNKKP,Y968,1,"Phosphotyrosine (1323, 1343, 1381, 1386, 1395, 1412, 1521, 1546, 1618, 1704, 1723, 1777, 1787, 1885, 1886, 1888)",,,,,,ENSE00001729710,binder,0.9313388251902452,,ALAAVN,ALAAVN,1.0,0.9313388251902451,confident binder
ALAQVK,Q8TEW0,PARD3,Y1127,GSMALNARPQSPREGHMMDALyAQVKKPRNSKPSPVDSNRSTP,-0.2969380323980546,-0.2875227348389572,-0.1940870521163023,0.1379505707113873,0.4484481785938887,-0.0431245169620905,UniProtKB,Q8TEW0,GSMALNARPQSPREGHMMDALyAQVKKPRNSKPSPVDSNRSTP,Updated for maximal coverage,Q8TEW0,PARD3,Par3/HAL_N:1:83:IPR021922;PDZ:271:361:IPR001478;PDZ:461:548:IPR001478;PDZ:590:684:IPR001478,Par3/HAL_N~PDZ~PDZ~PDZ,"GO:0008356-P:asymmetric cell division;  GO:0007409-P:axonogenesis;  GO:0070830-P:bicellular tight junction assembly;  GO:0007155-P:cell adhesion;  GO:0030010-P:establishment of cell polarity;  GO:0051660-P:establishment of centrosome localization;  GO:0090162-P:establishment of epithelial cell polarity;  GO:0007163-P:establishment or maintenance of cell polarity;  GO:0045197-P:establishment or maintenance of epithelial cell apical/basal polarity;  GO:0000226-P:microtubule cytoskeleton organization;  GO:0022011-P:myelination in peripheral nervous system;  GO:0010801-P:negative regulation of peptidyl-threonine phosphorylation;  GO:0007200-P:phospholipase C-activating G protein-coupled receptor signaling pathway;  GO:0031643-P:positive regulation of myelination;  GO:0008104-P:protein localization;  GO:0006612-P:protein targeting to membrane;  GO:0065003-P:protein-containing complex assembly;  GO:0035091-F:phosphatidylinositol binding;  GO:0005547-F:phosphatidylinositol-3,4,5-trisphosphate binding;  GO:0032266-F:phosphatidylinositol-3-phosphate binding;  GO:0005546-F:phosphatidylinositol-4,5-bisphosphate binding;  GO:0005912-C:adherens junction;  GO:0043296-C:apical junction complex;  GO:0016324-C:apical plasma membrane;  GO:0005923-C:bicellular tight junction;  GO:0005938-C:cell cortex;  GO:0030054-C:cell junction;  GO:0005911-C:cell-cell junction;  GO:0005856-C:cytoskeleton;  GO:0005829-C:cytosol;  GO:0012505-C:endomembrane system;  GO:0033269-C:internode region of axon;  GO:0120157-C:PAR polarity complex;  GO:0005886-C:plasma membrane;  GO:0070160-C:tight junction",GHMMDALyAQVKKPR,Y1127,1,"Phosphotyrosine (1323, 1367, 1381, 1386, 1395, 1402, 1412, 1521, 1536, 1723, 1777, 1787, 1887, 1888)",,,Interaction with FRMD4A,,,ENSE00000993106,binder,0.9564884612508576,,ALAQVK,ALAQVK,1.0,0.9564884612508577,confident binder
RDAEIQ,Q8TEW0,PARD3,Y1080,EQERIQAKTREFRERQARERDyAEIQDFHRTFGCDDELMYGGV,0.3064519206432478,0.1274231189337876,0.0135759576727386,0.0923360652759532,0.1373745661353604,-0.1418310996667543,UniProtKB,Q8TEW0,EQERIQAKTREFRERQARERDyAEIQDFHRTFGCDDELMYGGV,Updated for maximal coverage,Q8TEW0,PARD3,Par3/HAL_N:1:83:IPR021922;PDZ:271:361:IPR001478;PDZ:461:548:IPR001478;PDZ:590:684:IPR001478,Par3/HAL_N~PDZ~PDZ~PDZ,"GO:0008356-P:asymmetric cell division;  GO:0007409-P:axonogenesis;  GO:0070830-P:bicellular tight junction assembly;  GO:0007155-P:cell adhesion;  GO:0030010-P:establishment of cell polarity;  GO:0051660-P:establishment of centrosome localization;  GO:0090162-P:establishment of epithelial cell polarity;  GO:0007163-P:establishment or maintenance of cell polarity;  GO:0045197-P:establishment or maintenance of epithelial cell apical/basal polarity;  GO:0000226-P:microtubule cytoskeleton organization;  GO:0022011-P:myelination in peripheral nervous system;  GO:0010801-P:negative regulation of peptidyl-threonine phosphorylation;  GO:0007200-P:phospholipase C-activating G protein-coupled receptor signaling pathway;  GO:0031643-P:positive regulation of myelination;  GO:0008104-P:protein localization;  GO:0006612-P:protein targeting to membrane;  GO:0065003-P:protein-containing complex assembly;  GO:0035091-F:phosphatidylinositol binding;  GO:0005547-F:phosphatidylinositol-3,4,5-trisphosphate binding;  GO:0032266-F:phosphatidylinositol-3-phosphate binding;  GO:0005546-F:phosphatidylinositol-4,5-bisphosphate binding;  GO:0005912-C:adherens junction;  GO:0043296-C:apical junction complex;  GO:0016324-C:apical plasma membrane;  GO:0005923-C:bicellular tight junction;  GO:0005938-C:cell cortex;  GO:0030054-C:cell junction;  GO:0005911-C:cell-cell junction;  GO:0005856-C:cytoskeleton;  GO:0005829-C:cytosol;  GO:0012505-C:endomembrane system;  GO:0033269-C:internode region of axon;  GO:0120157-C:PAR polarity complex;  GO:0005886-C:plasma membrane;  GO:0070160-C:tight junction",RQARERDyAEIQDFH,Y1080,1,"Phosphotyrosine (1367, 1381, 1386, 1395, 1412, 1546, 1777, 1887, 1888)",,,Interaction with FRMD4A,,,ENSE00000993106,binder,0.7935704084763698,,RDAEIQ,RDAEIQ,1.0,0.7935704084763698,confident binder
SAVAGE,Q9UNZ2,NSFL1C,Y167,KPRPFAGGGYRLGAAPEEESAyVAGEKRQHSSQDVHVVLKLWK,1.1514584153119145,1.4600404609885187,1.6330360778386672,1.776194361837371,1.3817531947692547,0.5477750918248122,UniProtKB,Q9UNZ2,KPRPFAGGGYRLGAAPEEESAyVAGEKRQHSSQDVHVVLKLWK,Updated for maximal coverage,Q9UNZ2,NSFL1C,SEP_domain:176:270:IPR012989;UBX_dom:290:369:IPR001012,SEP_domain~UBX_dom,GO:0000045-P:autophagosome assembly;  GO:0000132-P:establishment of mitotic spindle orientation;  GO:0007030-P:Golgi organization;  GO:0061025-P:membrane fusion;  GO:1904780-P:negative regulation of protein localization to centrosome;  GO:0031468-P:nuclear membrane reassembly;  GO:0046604-P:positive regulation of mitotic centrosome separation;  GO:0043161-P:proteasome-mediated ubiquitin-dependent protein catabolic process;  GO:0006511-P:ubiquitin-dependent protein catabolic process;  GO:0008289-F:lipid binding;  GO:0043130-F:ubiquitin binding;  GO:0005813-C:centrosome;  GO:0005694-C:chromosome;  GO:0005737-C:cytoplasm;  GO:0005829-C:cytosol;  GO:0005795-C:Golgi stack;  GO:0005634-C:nucleus;  GO:1990730-C:VCP-NSFL1C complex,APEEESAyVAGEKRQ,Y167,1,"Phosphotyrosine (1323, 1367, 1381, 1386, 1395, 1412, 1521, 1777, 1787, 1886, 1888)",,,,,,ENSE00003574250,nonbinder,0.1942251660894831,,SAVAGE,SAVAGE,0.0,0.19422516608948312,confident nonbinder
SNFGLS,Q01804,OTUD4,Y438,IIRKPDRERVEDFDHTSRESNyFGLSPEERREKQAIEESRLLY,1.4366851775528002,1.839188115288352,2.009158381997674,2.179570611482138,2.116015876958364,1.4957553784537343,UniProtKB,Q01804,IIRKPDRERVEDFDHTSRESNyFGLSPEERREKQAIEESRLLY,Updated for maximal coverage,Q01804,OTUD4,OTU_dom:34:155:IPR003323,OTU_dom,GO:0140374-P:antiviral innate immune response;  GO:0006307-P:DNA alkylation repair;  GO:2000660-P:negative regulation of interleukin-1-mediated signaling pathway;  GO:0034122-P:negative regulation of toll-like receptor signaling pathway;  GO:0035871-P:protein K11-linked deubiquitination;  GO:0071108-P:protein K48-linked deubiquitination;  GO:0070536-P:protein K63-linked deubiquitination;  GO:0006508-P:proteolysis;  GO:1903093-P:regulation of protein K48-linked deubiquitination;  GO:0004843-F:cysteine-type deubiquitinase activity;  GO:0061578-F:K63-linked deubiquitinase activity;  GO:0060090-F:molecular adaptor activity;  GO:0003723-F:RNA binding;  GO:0005737-C:cytoplasm;  GO:0005829-C:cytosol;  GO:0005634-C:nucleus,HTSRESNyFGLSPEE,Y439,1,"Phosphotyrosine (1381, 1386, 1412, 1886, 1888)",,,Disordered,,,ENSE00003691613,low-confidence,0.4440804623777408,,SNFGLS,SNFGLS,0.0,0.4440804623777408,low-confidence
SEASVQ,P78324,SIRPA,Y496,MVHLNRTPKQPAPKPEPSFSEyASVQVPRK,1.740636368684392,2.0722434817124475,2.120181331567147,2.2067477261492288,1.3912292518017957,1.1866880249252183,UniProtKB,P78324,MVHLNRTPKQPAPKPEPSFSEyASVQVPRK,Updated for maximal coverage,P78324,SIRPA,Ig_sub:40:145:IPR003599;Ig_C1-set:160:238:IPR003597;Ig_C1-set:263:341:IPR003597,Ig_sub~Ig_C1-set~Ig_C1-set,GO:0007155-P:cell adhesion;  GO:0016477-P:cell migration;  GO:0070301-P:cellular response to hydrogen peroxide;  GO:0071347-P:cellular response to interleukin-1;  GO:0071349-P:cellular response to interleukin-12;  GO:0071346-P:cellular response to type II interferon;  GO:0035696-P:monocyte extravasation;  GO:0043124-P:negative regulation of canonical NF-kappaB signal transduction;  GO:0071650-P:negative regulation of chemokine (C-C motif) ligand 5 production;  GO:1900016-P:negative regulation of cytokine production involved in inflammatory response;  GO:0070373-P:negative regulation of ERK1 and ERK2 cascade;  GO:0050728-P:negative regulation of inflammatory response;  GO:0032688-P:negative regulation of interferon-beta production;  GO:0032715-P:negative regulation of interleukin-6 production;  GO:0046329-P:negative regulation of JNK cascade;  GO:0031665-P:negative regulation of lipopolysaccharide-mediated signaling pathway;  GO:0071641-P:negative regulation of macrophage inflammatory protein 1 alpha production;  GO:0045019-P:negative regulation of nitric oxide biosynthetic process;  GO:0050765-P:negative regulation of phagocytosis;  GO:0032720-P:negative regulation of tumor necrosis factor production;  GO:0050766-P:positive regulation of phagocytosis;  GO:2000379-P:positive regulation of reactive oxygen species metabolic process;  GO:0050870-P:positive regulation of T cell activation;  GO:0010468-P:regulation of gene expression;  GO:0032651-P:regulation of interleukin-1 beta production;  GO:0032675-P:regulation of interleukin-6 production;  GO:0045428-P:regulation of nitric oxide biosynthetic process;  GO:0032680-P:regulation of tumor necrosis factor production;  GO:0032649-P:regulation of type II interferon production;  GO:0098632-F:cell-cell adhesion mediator activity;  GO:0030695-F:GTPase regulator activity;  GO:1990405-F:protein antigen binding;  GO:0086080-F:protein binding involved in heterotypic cell-cell adhesion;  GO:0019903-F:protein phosphatase binding;  GO:0004864-F:protein phosphatase inhibitor activity;  GO:1990782-F:protein tyrosine kinase binding;  GO:0017124-F:SH3 domain binding;  GO:0009986-C:cell surface;  GO:0070062-C:extracellular exosome;  GO:0101003-C:ficolin-1-rich granule membrane;  GO:0016020-C:membrane;  GO:0005886-C:plasma membrane;  GO:0070821-C:tertiary granule membrane,PEPSFSEyASVQVPR,Y496,1,"Phosphotyrosine (1367, 1381, 1386, 1395, 1412, 1723, 1787, 1886, 1888)",,,Cytoplasmic;Disordered;SH2-binding,,,ENSE00003740022,binder,0.7772429102554111,,SEASVQ,SEASVQ,1.0,0.7772429102554111,confident binder
LAELQG,Q14254,FLOT2,Y241,ELQKSAFSEEVNIKTAEAQLAyELQGAREQQKIRQEEIEIEVV,1.845254339704256,2.078972033800961,1.796069691589221,1.7781400110514884,1.3602468688569005,1.0181966326132077,UniProtKB,Q14254,ELQKSAFSEEVNIKTAEAQLAyELQGAREQQKIRQEEIEIEVV,Updated for maximal coverage,Q14254,FLOT2,Band_7:6:269:IPR001107,Band_7,GO:0098937-P:anterograde dendritic transport;  GO:0007155-P:cell adhesion;  GO:0008544-P:epidermis development;  GO:1902992-P:negative regulation of amyloid precursor protein catabolic process;  GO:0010629-P:negative regulation of gene expression;  GO:0043123-P:positive regulation of canonical NF-kappaB signal transduction;  GO:1903905-P:positive regulation of establishment of T cell polarity;  GO:0072659-P:protein localization to plasma membrane;  GO:0044860-P:protein localization to plasma membrane raft;  GO:0050821-P:protein stabilization;  GO:0045661-P:regulation of myoblast differentiation;  GO:0099072-P:regulation of postsynaptic membrane neurotransmitter receptor levels;  GO:0002020-F:protease binding;  GO:0002080-C:acrosomal membrane;  GO:0005912-C:adherens junction;  GO:0016323-C:basolateral plasma membrane;  GO:0005901-C:caveola;  GO:0044291-C:cell-cell contact zone;  GO:0031410-C:cytoplasmic vesicle;  GO:0032839-C:dendrite cytoplasm;  GO:0030139-C:endocytic vesicle;  GO:0005768-C:endosome;  GO:0070062-C:extracellular exosome;  GO:0016600-C:flotillin complex;  GO:0005925-C:focal adhesion;  GO:0098978-C:glutamatergic synapse;  GO:0043231-C:intracellular membrane-bounded organelle;  GO:0030027-C:lamellipodium;  GO:0016020-C:membrane;  GO:0048471-C:perinuclear region of cytoplasm;  GO:0005886-C:plasma membrane;  GO:0001931-C:uropod;  GO:0031982-C:vesicle,TAEAQLAyELQGARE,Y241,1,"Phosphotyrosine (1381, 1386, 1395, 1412, 1888)",Band_7,IPR001107,,,,ENSE00003618140,low-confidence,0.5425444006155697,,LAELQG,LAELQG,0.0,0.5425444006155697,low-confidence
NTSCSG,Q9BYM8,RBCK1,Y330,LQGTIRNSQEAEVSCPFIDNTySCSGKLLEREIKALLTPEDYQ,2.264395763886064,3.868373304726152,4.6955581157556345,5.214022754828301,5.201438885625587,3.809626575229902,UniProtKB,Q9BYM8,LQGTIRNSQEAEVSCPFIDNTySCSGKLLEREIKALLTPEDYQ,Updated for maximal coverage,Q9BYM8,RBCK1,HOIL-1/Sharpin_LTM:10:51:IPR057468;Ubiquitin-like_dom:55:122:IPR000626;Znf_RanBP2:195:222:IPR001876;Znf_RING:282:326:IPR001841;BRcat_RBR_HOIL1:361:425:IPR047558;Rcat_RBR_HOIL1:438:510:IPR047557,HOIL-1/Sharpin_LTM~Ubiquitin-like_dom~Znf_RanBP2~Znf_RING~BRcat_RBR_HOIL1~Rcat_RBR_HOIL1,GO:0042742-P:defense response to bacterium;  GO:0060546-P:negative regulation of necroptotic process;  GO:0032088-P:negative regulation of NF-kappaB transcription factor activity;  GO:0043123-P:positive regulation of canonical NF-kappaB signal transduction;  GO:2001238-P:positive regulation of extrinsic apoptotic signaling pathway;  GO:0051092-P:positive regulation of NF-kappaB transcription factor activity;  GO:1901224-P:positive regulation of non-canonical NF-kappaB signal transduction;  GO:0043161-P:proteasome-mediated ubiquitin-dependent protein catabolic process;  GO:0097039-P:protein linear polyubiquitination;  GO:0000209-P:protein polyubiquitination;  GO:0050852-P:T cell receptor signaling pathway;  GO:0042802-F:identical protein binding;  GO:0140311-F:protein sequestering activity;  GO:0003713-F:transcription coactivator activity;  GO:0043130-F:ubiquitin binding;  GO:1990757-F:ubiquitin ligase activator activity;  GO:0004842-F:ubiquitin-protein transferase activity;  GO:0008270-F:zinc ion binding;  GO:0005829-C:cytosol;  GO:0071797-C:LUBAC complex,CPFIDNTySCSGKLL,Y330,1,"Phosphotyrosine (1367, 1381, 1386, 1395, 1402, 1412, 1521, 1536, 1787, 1886, 1887, 1888)",,,TRIAD supradomain,,,ENSE00003564510,nonbinder,0.0708205763185491,,NTSCSG,NTSCSG,0.0,0.07082057631854918,confident nonbinder
NGTNLP,Q8N4C8,MINK1,Y906,TMVVQRTPEEERNLLHADSNGyTNLPDVVQPSHSPTENSKGQS,1.9853462444160368,2.3342569281437777,2.522766168585888,2.536349913386071,1.880601898786061,1.6421356269917338,UniProtKB,Q8N4C8,TMVVQRTPEEERNLLHADSNGyTNLPDVVQPSHSPTENSKGQS,Updated for maximal coverage,Q8N4C8,MINK1,Prot_kinase_dom:25:289:IPR000719;CNH_dom:1014:1312:IPR001180,Prot_kinase_dom~CNH_dom,GO:0030036-P:actin cytoskeleton organization;  GO:0007420-P:brain development;  GO:0007268-P:chemical synaptic transmission;  GO:0048813-P:dendrite morphogenesis;  GO:0007254-P:JNK cascade;  GO:0000165-P:MAPK cascade;  GO:0048812-P:neuron projection morphogenesis;  GO:0046330-P:positive regulation of JNK cascade;  GO:1900745-P:positive regulation of p38MAPK cascade;  GO:0046777-P:protein autophosphorylation;  GO:0006468-P:protein phosphorylation;  GO:2000311-P:regulation of AMPA receptor activity;  GO:0030334-P:regulation of cell migration;  GO:0022407-P:regulation of cell-cell adhesion;  GO:0001952-P:regulation of cell-matrix adhesion;  GO:0043408-P:regulation of MAPK cascade;  GO:0005524-F:ATP binding;  GO:0004672-F:protein kinase activity;  GO:0106310-F:protein serine kinase activity;  GO:0004674-F:protein serine/threonine kinase activity;  GO:0030424-C:axon;  GO:0005737-C:cytoplasm;  GO:0005829-C:cytosol;  GO:0030425-C:dendrite;  GO:0070062-C:extracellular exosome;  GO:0005794-C:Golgi apparatus;  GO:0014069-C:postsynaptic density,LHADSNGyTNLPDVV,Y906,1,"Phosphotyrosine (1381, 1386, 1395, 1412, 1521, 1777, 1787, 1888)",,,Mediates interaction with RAP2A;Disordered,,,ENSE00003572497,binder,0.9757074970895558,,NGTNLP,NGTNLP,1.0,0.9757074970895558,confident binder
HVSFPN,P49023,PXN,Y118,VSNPQDSVGSPCSRVGEEEHVySFPNKQKSAEPSPTVMSTSLG,0.031500778988048,0.3687253218206013,0.3144186082102222,0.0989979694629731,-0.1371230651777155,-0.1787215402675341,UniProtKB,P49023,VSNPQDSVGSPCSRVGEEEHVySFPNKQKSAEPSPTVMSTSLG,Updated for maximal coverage,P49023,PXN,Znf_LIM:356:415:IPR001781;Znf_LIM:416:473:IPR001781;Znf_LIM:474:533:IPR001781;Znf_LIM:534:591:IPR001781,Znf_LIM~Znf_LIM~Znf_LIM~Znf_LIM,GO:0007155-P:cell adhesion;  GO:0016477-P:cell migration;  GO:0034614-P:cellular response to reactive oxygen species;  GO:0043542-P:endothelial cell migration;  GO:0060396-P:growth hormone receptor signaling pathway;  GO:0051496-P:positive regulation of stress fiber assembly;  GO:0007172-P:signal complex assembly;  GO:0007165-P:signal transduction;  GO:0034446-P:substrate adhesion-dependent cell spreading;  GO:0007179-P:transforming growth factor beta receptor signaling pathway;  GO:0008013-F:beta-catenin binding;  GO:0046872-F:metal ion binding;  GO:0038191-F:neuropilin binding;  GO:0019903-F:protein phosphatase binding;  GO:0017166-F:vinculin binding;  GO:0005938-C:cell cortex;  GO:0005911-C:cell-cell junction;  GO:0005829-C:cytosol;  GO:0005925-C:focal adhesion;  GO:0030027-C:lamellipodium;  GO:0005875-C:microtubule associated complex;  GO:0005886-C:plasma membrane;  GO:0001725-C:stress fiber,VGEEEHVySFPNKQK,Y118,1,"Phosphotyrosine (1323, 1369, 1381, 1386, 1412, 1521, 1718, 1787, 1886, 1888)",,,Disordered,,,ENSE00003642718,binder,0.8691957965145787,,HVSFPN,HVSFPN,1.0,0.8691957965145787,confident binder
PVGSSA,P49023,PXN,S84; Y88,DQWQPSSSRFIHQQPQSSSPVyGSSAKTSSVSNPQDSVGSPCS,0.5210771460713031,0.6038859065114449,0.7184239947422273,1.3029247591685509,1.2754664100059467,1.727971825978054,UniProtKB,P49023,DQWQPSSSRFIHQQPQSSSPVyGSSAKTSSVSNPQDSVGSPCS,Updated for maximal coverage,P49023,PXN,Znf_LIM:356:415:IPR001781;Znf_LIM:416:473:IPR001781;Znf_LIM:474:533:IPR001781;Znf_LIM:534:591:IPR001781,Znf_LIM~Znf_LIM~Znf_LIM~Znf_LIM,GO:0007155-P:cell adhesion;  GO:0016477-P:cell migration;  GO:0034614-P:cellular response to reactive oxygen species;  GO:0043542-P:endothelial cell migration;  GO:0060396-P:growth hormone receptor signaling pathway;  GO:0051496-P:positive regulation of stress fiber assembly;  GO:0007172-P:signal complex assembly;  GO:0007165-P:signal transduction;  GO:0034446-P:substrate adhesion-dependent cell spreading;  GO:0007179-P:transforming growth factor beta receptor signaling pathway;  GO:0008013-F:beta-catenin binding;  GO:0046872-F:metal ion binding;  GO:0038191-F:neuropilin binding;  GO:0019903-F:protein phosphatase binding;  GO:0017166-F:vinculin binding;  GO:0005938-C:cell cortex;  GO:0005911-C:cell-cell junction;  GO:0005829-C:cytosol;  GO:0005925-C:focal adhesion;  GO:0030027-C:lamellipodium;  GO:0005875-C:microtubule associated complex;  GO:0005886-C:plasma membrane;  GO:0001725-C:stress fiber,PQSSSPVyGSSAKTS,Y88,1,"Phosphotyrosine (1323, 1369, 1381, 1386, 1412, 1521, 1718, 1787, 1886, 1888)",,,Disordered;Polar residues,,,ENSE00003642718,nonbinder,0.0769773840129181,,PVGSSA,PVGSSA,0.0,0.0769773840129181,confident nonbinder
PVGSSA,P49023,PXN,Y88,DQWQPSSSRFIHQQPQSSSPVyGSSAKTSSVSNPQDSVGSPCS,0.7753480090217614,0.9390376884352852,1.430162858283762,1.7686614383800685,1.4844834658046726,1.4550356773125792,UniProtKB,P49023,DQWQPSSSRFIHQQPQSSSPVyGSSAKTSSVSNPQDSVGSPCS,Updated for maximal coverage,P49023,PXN,Znf_LIM:356:415:IPR001781;Znf_LIM:416:473:IPR001781;Znf_LIM:474:533:IPR001781;Znf_LIM:534:591:IPR001781,Znf_LIM~Znf_LIM~Znf_LIM~Znf_LIM,GO:0007155-P:cell adhesion;  GO:0016477-P:cell migration;  GO:0034614-P:cellular response to reactive oxygen species;  GO:0043542-P:endothelial cell migration;  GO:0060396-P:growth hormone receptor signaling pathway;  GO:0051496-P:positive regulation of stress fiber assembly;  GO:0007172-P:signal complex assembly;  GO:0007165-P:signal transduction;  GO:0034446-P:substrate adhesion-dependent cell spreading;  GO:0007179-P:transforming growth factor beta receptor signaling pathway;  GO:0008013-F:beta-catenin binding;  GO:0046872-F:metal ion binding;  GO:0038191-F:neuropilin binding;  GO:0019903-F:protein phosphatase binding;  GO:0017166-F:vinculin binding;  GO:0005938-C:cell cortex;  GO:0005911-C:cell-cell junction;  GO:0005829-C:cytosol;  GO:0005925-C:focal adhesion;  GO:0030027-C:lamellipodium;  GO:0005875-C:microtubule associated complex;  GO:0005886-C:plasma membrane;  GO:0001725-C:stress fiber,PQSSSPVyGSSAKTS,Y88,1,"Phosphotyrosine (1323, 1369, 1381, 1386, 1412, 1521, 1718, 1787, 1886, 1888)",,,Disordered;Polar residues,,,ENSE00003642718,nonbinder,0.0769773840129181,,PVGSSA,PVGSSA,0.0,0.0769773840129181,confident nonbinder
QDHFVV,Q92796,DLG3,Y673,FGSCVPHTTRPRRDNEVDGQDyHFVVSREQMEKDIQDNKFIEA,0.890677115638819,1.4514690937249093,1.7288229622066769,2.0713777076839968,2.427539295489025,2.501105596865705,UniProtKB,Q92796,FGSCVPHTTRPRRDNEVDGQDyHFVVSREQMEKDIQDNKFIEA,Updated for maximal coverage,Q92796,DLG3,DLG1_PEST_dom:49:130:IPR019590;PDZ:131:218:IPR001478;PDZ:226:313:IPR001478;DLG1-4_PDZ_assoc:311:385:IPR019583;PDZ:386:467:IPR001478;SH3_domain:501:571:IPR001452;Guanylate_kin-like_dom:627:802:IPR008144,DLG1_PEST_dom~PDZ~PDZ~DLG1-4_PDZ_assoc~PDZ~SH3_domain~Guanylate_kin-like_dom,GO:0098609-P:cell-cell adhesion;  GO:0007268-P:chemical synaptic transmission;  GO:0001736-P:establishment of planar polarity;  GO:0045197-P:establishment or maintenance of epithelial cell apical/basal polarity;  GO:0008285-P:negative regulation of cell population proliferation;  GO:0007399-P:nervous system development;  GO:0035418-P:protein localization to synapse;  GO:0043113-P:receptor clustering;  GO:0097120-P:receptor localization to synapse;  GO:0099072-P:regulation of postsynaptic membrane neurotransmitter receptor levels;  GO:0035255-F:ionotropic glutamate receptor binding;  GO:0019900-F:kinase binding;  GO:0019902-F:phosphatase binding;  GO:0019901-F:protein kinase binding;  GO:0031625-F:ubiquitin protein ligase binding;  GO:0005912-C:adherens junction;  GO:0032281-C:AMPA glutamate receptor complex;  GO:0016323-C:basolateral plasma membrane;  GO:0005923-C:bicellular tight junction;  GO:0005829-C:cytosol;  GO:0005615-C:extracellular space;  GO:0098978-C:glutamatergic synapse;  GO:0031594-C:neuromuscular junction;  GO:0043005-C:neuron projection;  GO:0005886-C:plasma membrane;  GO:0098839-C:postsynaptic density membrane,NEVDGQDyHFVVSRE,Y673,1,"Phosphotyrosine (1323, 1369, 1381, 1386, 1395, 1412, 1521, 1546, 1723, 1787, 1886, 1888)",Guanylate_kin-like_dom,IPR008144,,,,ENSE00003615707,binder,0.8556224953745288,,QDHFVV,QDHFVV,1.0,0.8556224953745288,confident binder
NDMTSP,Q8IZP0,ABI1,Y213,LGRNTPYKTLEPVKPPTVPNDyMTSPARLGSQHSPGRTASLNQ,2.614501122516816,2.652024912254535,2.198818161618443,2.114238098866589,1.3945210349710615,1.3415635608810006,UniProtKB,Q8IZP0,LGRNTPYKTLEPVKPPTVPNDyMTSPARLGSQHSPGRTASLNQ,Updated for maximal coverage,Q8IZP0,ABI1,T_SNARE_dom:45:107:IPR000727;Abl-interactor_HHR_dom:93:170:IPR012849;SH3_domain:446:505:IPR001452,T_SNARE_dom~Abl-interactor_HHR_dom~SH3_domain,GO:0008154-P:actin polymerization or depolymerization;  GO:0048858-P:cell projection morphogenesis;  GO:0007169-P:cell surface receptor protein tyrosine kinase signaling pathway;  GO:0048813-P:dendrite morphogenesis;  GO:0072673-P:lamellipodium morphogenesis;  GO:0035855-P:megakaryocyte development;  GO:0008285-P:negative regulation of cell population proliferation;  GO:0001764-P:neuron migration;  GO:0061098-P:positive regulation of protein tyrosine kinase activity;  GO:0001756-P:somitogenesis;  GO:0045296-F:cadherin binding;  GO:0008092-F:cytoskeletal protein binding;  GO:0030296-F:protein tyrosine kinase activator activity;  GO:0017124-F:SH3 domain binding;  GO:0035591-F:signaling adaptor activity;  GO:0098858-C:actin-based cell projection;  GO:0005856-C:cytoskeleton;  GO:0005829-C:cytosol;  GO:0005783-C:endoplasmic reticulum;  GO:0070062-C:extracellular exosome;  GO:0032433-C:filopodium tip;  GO:0030426-C:growth cone;  GO:0030027-C:lamellipodium;  GO:0005634-C:nucleus;  GO:0014069-C:postsynaptic density;  GO:0031209-C:SCAR complex,PPTVPNDyMTSPARL,Y213,1,"Phosphotyrosine (1323, 1367, 1369, 1381, 1386, 1395, 1412, 1521, 1618, 1704, 1723, 1787, 1886, 1887, 1888)",,,Disordered,,,ENSE00001098426,nonbinder,0.1102437051142377,,NDMTSP,NDMTSP,0.0,0.11024370511423773,confident nonbinder
KSSPYD,P07355,ANXA2,Y235,ISIMTERSVPHLQKVFDRYKSySPYDMLESIRKEVKGDLENAF,0.4307704124287608,0.5571778887203557,0.4822203965369931,0.6710264089875593,0.7185721826401497,1.0190988790530446,UniProtKB,P07355,ISIMTERSVPHLQKVFDRYKSySPYDMLESIRKEVKGDLENAF,Updated for maximal coverage,P07355,ANXA2,,,"GO:0001525-P:angiogenesis;  GO:0007160-P:cell-matrix adhesion;  GO:0030199-P:collagen fibril organization;  GO:1904019-P:epithelial cell apoptotic process;  GO:0042730-P:fibrinolysis;  GO:0030324-P:lung development;  GO:0001765-P:membrane raft assembly;  GO:0042789-P:mRNA transcription by RNA polymerase II;  GO:0032804-P:negative regulation of low-density lipoprotein particle receptor catabolic process;  GO:0002091-P:negative regulation of receptor internalization;  GO:0036035-P:osteoclast development;  GO:0045921-P:positive regulation of exocytosis;  GO:1905581-P:positive regulation of low-density lipoprotein particle clearance;  GO:1905686-P:positive regulation of plasma membrane repair;  GO:0010756-P:positive regulation of plasminogen activation;  GO:0001921-P:positive regulation of receptor recycling;  GO:1905602-P:positive regulation of receptor-mediated endocytosis involved in cholesterol transport;  GO:0045944-P:positive regulation of transcription by RNA polymerase II;  GO:0044090-P:positive regulation of vacuole organization;  GO:0031340-P:positive regulation of vesicle fusion;  GO:0050767-P:regulation of neurogenesis;  GO:0014823-P:response to activity;  GO:0006900-P:vesicle budding from membrane;  GO:0098641-F:cadherin binding involved in cell-cell adhesion;  GO:0005509-F:calcium ion binding;  GO:0005544-F:calcium-dependent phospholipid binding;  GO:0048306-F:calcium-dependent protein binding;  GO:0008092-F:cytoskeletal protein binding;  GO:0042802-F:identical protein binding;  GO:0005546-F:phosphatidylinositol-4,5-bisphosphate binding;  GO:0001786-F:phosphatidylserine binding;  GO:0019834-F:phospholipase A2 inhibitor activity;  GO:0002020-F:protease binding;  GO:0003723-F:RNA binding;  GO:0044548-F:S100 protein binding;  GO:0004867-F:serine-type endopeptidase inhibitor activity;  GO:0005912-C:adherens junction;  GO:1990665-C:AnxA2-p11 complex;  GO:0035578-C:azurophil granule lumen;  GO:0005604-C:basement membrane;  GO:0016323-C:basolateral plasma membrane;  GO:0009986-C:cell surface;  GO:0062023-C:collagen-containing extracellular matrix;  GO:0001533-C:cornified envelope;  GO:0005737-C:cytoplasm;  GO:0005829-C:cytosol;  GO:0005769-C:early endosome;  GO:0005768-C:endosome;  GO:0070062-C:extracellular exosome;  GO:0005576-C:extracellular region;  GO:0005615-C:extracellular space;  GO:0031902-C:late endosome membrane;  GO:0005811-C:lipid droplet;  GO:0005765-C:lysosomal membrane;  GO:0042470-C:melanosome;  GO:0016020-C:membrane;  GO:0030496-C:midbody;  GO:0035749-C:myelin sheath adaxonal region;  GO:0016363-C:nuclear matrix;  GO:0005634-C:nucleus;  GO:1990667-C:PCSK9-AnxA2 complex;  GO:0005886-C:plasma membrane;  GO:0098797-C:plasma membrane protein complex;  GO:0090575-C:RNA polymerase II transcription regulator complex;  GO:0042383-C:sarcolemma;  GO:0043220-C:Schmidt-Lanterman incisure;  GO:0031982-C:vesicle;  GO:0012506-C:vesicle membrane",VFDRYKSySPYDMLE,Y235,1,"Phosphotyrosine (1367, 1381, 1386, 1412, 1787, 1887, 1888)",,,,TURN,,ENSE00003786058,nonbinder,0.0404521349119613,,KSSPYD,KSSPYD,0.0,0.040452134911961396,confident nonbinder
IDELID,P07355,ANXA2,Y188,FRKLMVALAKGRRAEDGSVIDyELIDQDARDLYDAGVKRKGTD,0.0859796393441603,0.4891442795558433,0.7544142856396715,0.9325871173979216,0.5655433034752276,0.591921626539776,UniProtKB,P07355,FRKLMVALAKGRRAEDGSVIDyELIDQDARDLYDAGVKRKGTD,Updated for maximal coverage,P07355,ANXA2,,,"GO:0001525-P:angiogenesis;  GO:0007160-P:cell-matrix adhesion;  GO:0030199-P:collagen fibril organization;  GO:1904019-P:epithelial cell apoptotic process;  GO:0042730-P:fibrinolysis;  GO:0030324-P:lung development;  GO:0001765-P:membrane raft assembly;  GO:0042789-P:mRNA transcription by RNA polymerase II;  GO:0032804-P:negative regulation of low-density lipoprotein particle receptor catabolic process;  GO:0002091-P:negative regulation of receptor internalization;  GO:0036035-P:osteoclast development;  GO:0045921-P:positive regulation of exocytosis;  GO:1905581-P:positive regulation of low-density lipoprotein particle clearance;  GO:1905686-P:positive regulation of plasma membrane repair;  GO:0010756-P:positive regulation of plasminogen activation;  GO:0001921-P:positive regulation of receptor recycling;  GO:1905602-P:positive regulation of receptor-mediated endocytosis involved in cholesterol transport;  GO:0045944-P:positive regulation of transcription by RNA polymerase II;  GO:0044090-P:positive regulation of vacuole organization;  GO:0031340-P:positive regulation of vesicle fusion;  GO:0050767-P:regulation of neurogenesis;  GO:0014823-P:response to activity;  GO:0006900-P:vesicle budding from membrane;  GO:0098641-F:cadherin binding involved in cell-cell adhesion;  GO:0005509-F:calcium ion binding;  GO:0005544-F:calcium-dependent phospholipid binding;  GO:0048306-F:calcium-dependent protein binding;  GO:0008092-F:cytoskeletal protein binding;  GO:0042802-F:identical protein binding;  GO:0005546-F:phosphatidylinositol-4,5-bisphosphate binding;  GO:0001786-F:phosphatidylserine binding;  GO:0019834-F:phospholipase A2 inhibitor activity;  GO:0002020-F:protease binding;  GO:0003723-F:RNA binding;  GO:0044548-F:S100 protein binding;  GO:0004867-F:serine-type endopeptidase inhibitor activity;  GO:0005912-C:adherens junction;  GO:1990665-C:AnxA2-p11 complex;  GO:0035578-C:azurophil granule lumen;  GO:0005604-C:basement membrane;  GO:0016323-C:basolateral plasma membrane;  GO:0009986-C:cell surface;  GO:0062023-C:collagen-containing extracellular matrix;  GO:0001533-C:cornified envelope;  GO:0005737-C:cytoplasm;  GO:0005829-C:cytosol;  GO:0005769-C:early endosome;  GO:0005768-C:endosome;  GO:0070062-C:extracellular exosome;  GO:0005576-C:extracellular region;  GO:0005615-C:extracellular space;  GO:0031902-C:late endosome membrane;  GO:0005811-C:lipid droplet;  GO:0005765-C:lysosomal membrane;  GO:0042470-C:melanosome;  GO:0016020-C:membrane;  GO:0030496-C:midbody;  GO:0035749-C:myelin sheath adaxonal region;  GO:0016363-C:nuclear matrix;  GO:0005634-C:nucleus;  GO:1990667-C:PCSK9-AnxA2 complex;  GO:0005886-C:plasma membrane;  GO:0098797-C:plasma membrane protein complex;  GO:0090575-C:RNA polymerase II transcription regulator complex;  GO:0042383-C:sarcolemma;  GO:0043220-C:Schmidt-Lanterman incisure;  GO:0031982-C:vesicle;  GO:0012506-C:vesicle membrane",EDGSVIDyELIDQDA,Y188,1,"Phosphotyrosine (1323, 1367, 1369, 1381, 1386, 1395, 1412, 1521, 1546, 1777, 1787, 1887, 1888)",,,,HELIX,,ENSE00003791499,binder,0.9227273988559572,,IDELID,IDELID,1.0,0.9227273988559571,confident binder
SAGSVK,P07355,ANXA2,Y24,TVHEILCKLSLEGDHSTPPSAyGSVKAYTNFDAERDALNIETA,0.633063689900901,0.9567925457502416,1.219149044210574,1.4923903929136249,1.2713562402818026,0.8194111845330484,UniProtKB,P07355,TVHEILCKLSLEGDHSTPPSAyGSVKAYTNFDAERDALNIETA,Updated for maximal coverage,P07355,ANXA2,,,"GO:0001525-P:angiogenesis;  GO:0007160-P:cell-matrix adhesion;  GO:0030199-P:collagen fibril organization;  GO:1904019-P:epithelial cell apoptotic process;  GO:0042730-P:fibrinolysis;  GO:0030324-P:lung development;  GO:0001765-P:membrane raft assembly;  GO:0042789-P:mRNA transcription by RNA polymerase II;  GO:0032804-P:negative regulation of low-density lipoprotein particle receptor catabolic process;  GO:0002091-P:negative regulation of receptor internalization;  GO:0036035-P:osteoclast development;  GO:0045921-P:positive regulation of exocytosis;  GO:1905581-P:positive regulation of low-density lipoprotein particle clearance;  GO:1905686-P:positive regulation of plasma membrane repair;  GO:0010756-P:positive regulation of plasminogen activation;  GO:0001921-P:positive regulation of receptor recycling;  GO:1905602-P:positive regulation of receptor-mediated endocytosis involved in cholesterol transport;  GO:0045944-P:positive regulation of transcription by RNA polymerase II;  GO:0044090-P:positive regulation of vacuole organization;  GO:0031340-P:positive regulation of vesicle fusion;  GO:0050767-P:regulation of neurogenesis;  GO:0014823-P:response to activity;  GO:0006900-P:vesicle budding from membrane;  GO:0098641-F:cadherin binding involved in cell-cell adhesion;  GO:0005509-F:calcium ion binding;  GO:0005544-F:calcium-dependent phospholipid binding;  GO:0048306-F:calcium-dependent protein binding;  GO:0008092-F:cytoskeletal protein binding;  GO:0042802-F:identical protein binding;  GO:0005546-F:phosphatidylinositol-4,5-bisphosphate binding;  GO:0001786-F:phosphatidylserine binding;  GO:0019834-F:phospholipase A2 inhibitor activity;  GO:0002020-F:protease binding;  GO:0003723-F:RNA binding;  GO:0044548-F:S100 protein binding;  GO:0004867-F:serine-type endopeptidase inhibitor activity;  GO:0005912-C:adherens junction;  GO:1990665-C:AnxA2-p11 complex;  GO:0035578-C:azurophil granule lumen;  GO:0005604-C:basement membrane;  GO:0016323-C:basolateral plasma membrane;  GO:0009986-C:cell surface;  GO:0062023-C:collagen-containing extracellular matrix;  GO:0001533-C:cornified envelope;  GO:0005737-C:cytoplasm;  GO:0005829-C:cytosol;  GO:0005769-C:early endosome;  GO:0005768-C:endosome;  GO:0070062-C:extracellular exosome;  GO:0005576-C:extracellular region;  GO:0005615-C:extracellular space;  GO:0031902-C:late endosome membrane;  GO:0005811-C:lipid droplet;  GO:0005765-C:lysosomal membrane;  GO:0042470-C:melanosome;  GO:0016020-C:membrane;  GO:0030496-C:midbody;  GO:0035749-C:myelin sheath adaxonal region;  GO:0016363-C:nuclear matrix;  GO:0005634-C:nucleus;  GO:1990667-C:PCSK9-AnxA2 complex;  GO:0005886-C:plasma membrane;  GO:0098797-C:plasma membrane protein complex;  GO:0090575-C:RNA polymerase II transcription regulator complex;  GO:0042383-C:sarcolemma;  GO:0043220-C:Schmidt-Lanterman incisure;  GO:0031982-C:vesicle;  GO:0012506-C:vesicle membrane",HSTPPSAyGSVKAYT,Y24,1,"Phosphotyrosine (1323, 1343, 1367, 1369, 1381, 1386, 1387, 1395, 1412, 1521, 1546, 1599, 1618, 1704, 1718, 1719, 1723, 1777, 1787, 1886, 1887, 1888)",,,S100A10-binding site,TURN,,ENSE00003594061,low-confidence,0.4240098586082733,,SAGSVK,SAGSVK,0.0,0.4240098586082733,low-confidence
SPDMLE,P07355,ANXA2,Y238,MTERSVPHLQKVFDRYKSYSPyDMLESIRKEVKGDLENAFLNL,0.3066888575002393,0.444678172522737,0.6134494793486791,0.750323326050331,0.8268776430651005,1.15323859496861,UniProtKB,P07355,MTERSVPHLQKVFDRYKSYSPyDMLESIRKEVKGDLENAFLNL,Updated for maximal coverage,P07355,ANXA2,,,"GO:0001525-P:angiogenesis;  GO:0007160-P:cell-matrix adhesion;  GO:0030199-P:collagen fibril organization;  GO:1904019-P:epithelial cell apoptotic process;  GO:0042730-P:fibrinolysis;  GO:0030324-P:lung development;  GO:0001765-P:membrane raft assembly;  GO:0042789-P:mRNA transcription by RNA polymerase II;  GO:0032804-P:negative regulation of low-density lipoprotein particle receptor catabolic process;  GO:0002091-P:negative regulation of receptor internalization;  GO:0036035-P:osteoclast development;  GO:0045921-P:positive regulation of exocytosis;  GO:1905581-P:positive regulation of low-density lipoprotein particle clearance;  GO:1905686-P:positive regulation of plasma membrane repair;  GO:0010756-P:positive regulation of plasminogen activation;  GO:0001921-P:positive regulation of receptor recycling;  GO:1905602-P:positive regulation of receptor-mediated endocytosis involved in cholesterol transport;  GO:0045944-P:positive regulation of transcription by RNA polymerase II;  GO:0044090-P:positive regulation of vacuole organization;  GO:0031340-P:positive regulation of vesicle fusion;  GO:0050767-P:regulation of neurogenesis;  GO:0014823-P:response to activity;  GO:0006900-P:vesicle budding from membrane;  GO:0098641-F:cadherin binding involved in cell-cell adhesion;  GO:0005509-F:calcium ion binding;  GO:0005544-F:calcium-dependent phospholipid binding;  GO:0048306-F:calcium-dependent protein binding;  GO:0008092-F:cytoskeletal protein binding;  GO:0042802-F:identical protein binding;  GO:0005546-F:phosphatidylinositol-4,5-bisphosphate binding;  GO:0001786-F:phosphatidylserine binding;  GO:0019834-F:phospholipase A2 inhibitor activity;  GO:0002020-F:protease binding;  GO:0003723-F:RNA binding;  GO:0044548-F:S100 protein binding;  GO:0004867-F:serine-type endopeptidase inhibitor activity;  GO:0005912-C:adherens junction;  GO:1990665-C:AnxA2-p11 complex;  GO:0035578-C:azurophil granule lumen;  GO:0005604-C:basement membrane;  GO:0016323-C:basolateral plasma membrane;  GO:0009986-C:cell surface;  GO:0062023-C:collagen-containing extracellular matrix;  GO:0001533-C:cornified envelope;  GO:0005737-C:cytoplasm;  GO:0005829-C:cytosol;  GO:0005769-C:early endosome;  GO:0005768-C:endosome;  GO:0070062-C:extracellular exosome;  GO:0005576-C:extracellular region;  GO:0005615-C:extracellular space;  GO:0031902-C:late endosome membrane;  GO:0005811-C:lipid droplet;  GO:0005765-C:lysosomal membrane;  GO:0042470-C:melanosome;  GO:0016020-C:membrane;  GO:0030496-C:midbody;  GO:0035749-C:myelin sheath adaxonal region;  GO:0016363-C:nuclear matrix;  GO:0005634-C:nucleus;  GO:1990667-C:PCSK9-AnxA2 complex;  GO:0005886-C:plasma membrane;  GO:0098797-C:plasma membrane protein complex;  GO:0090575-C:RNA polymerase II transcription regulator complex;  GO:0042383-C:sarcolemma;  GO:0043220-C:Schmidt-Lanterman incisure;  GO:0031982-C:vesicle;  GO:0012506-C:vesicle membrane",RYKSYSPyDMLESIR,Y238,1,"Phosphotyrosine (1323, 1367, 1369, 1381, 1386, 1387, 1395, 1412, 1521, 1546, 1599, 1718, 1723, 1777, 1787, 1887, 1888)",,,,STRAND,,ENSE00003786058,binder,Training,,SPDMLE,SPDMLE,,,1
KATNFD,P07355,ANXA2,Y30,CKLSLEGDHSTPPSAYGSVKAyTNFDAERDALNIETAIKTKGV,2.5332560087696754,4.032852246235297,3.400621262055956,2.934973765362321,2.026976287764632,1.4387033991534042,UniProtKB,P07355,CKLSLEGDHSTPPSAYGSVKAyTNFDAERDALNIETAIKTKGV,Updated for maximal coverage,P07355,ANXA2,,,"GO:0001525-P:angiogenesis;  GO:0007160-P:cell-matrix adhesion;  GO:0030199-P:collagen fibril organization;  GO:1904019-P:epithelial cell apoptotic process;  GO:0042730-P:fibrinolysis;  GO:0030324-P:lung development;  GO:0001765-P:membrane raft assembly;  GO:0042789-P:mRNA transcription by RNA polymerase II;  GO:0032804-P:negative regulation of low-density lipoprotein particle receptor catabolic process;  GO:0002091-P:negative regulation of receptor internalization;  GO:0036035-P:osteoclast development;  GO:0045921-P:positive regulation of exocytosis;  GO:1905581-P:positive regulation of low-density lipoprotein particle clearance;  GO:1905686-P:positive regulation of plasma membrane repair;  GO:0010756-P:positive regulation of plasminogen activation;  GO:0001921-P:positive regulation of receptor recycling;  GO:1905602-P:positive regulation of receptor-mediated endocytosis involved in cholesterol transport;  GO:0045944-P:positive regulation of transcription by RNA polymerase II;  GO:0044090-P:positive regulation of vacuole organization;  GO:0031340-P:positive regulation of vesicle fusion;  GO:0050767-P:regulation of neurogenesis;  GO:0014823-P:response to activity;  GO:0006900-P:vesicle budding from membrane;  GO:0098641-F:cadherin binding involved in cell-cell adhesion;  GO:0005509-F:calcium ion binding;  GO:0005544-F:calcium-dependent phospholipid binding;  GO:0048306-F:calcium-dependent protein binding;  GO:0008092-F:cytoskeletal protein binding;  GO:0042802-F:identical protein binding;  GO:0005546-F:phosphatidylinositol-4,5-bisphosphate binding;  GO:0001786-F:phosphatidylserine binding;  GO:0019834-F:phospholipase A2 inhibitor activity;  GO:0002020-F:protease binding;  GO:0003723-F:RNA binding;  GO:0044548-F:S100 protein binding;  GO:0004867-F:serine-type endopeptidase inhibitor activity;  GO:0005912-C:adherens junction;  GO:1990665-C:AnxA2-p11 complex;  GO:0035578-C:azurophil granule lumen;  GO:0005604-C:basement membrane;  GO:0016323-C:basolateral plasma membrane;  GO:0009986-C:cell surface;  GO:0062023-C:collagen-containing extracellular matrix;  GO:0001533-C:cornified envelope;  GO:0005737-C:cytoplasm;  GO:0005829-C:cytosol;  GO:0005769-C:early endosome;  GO:0005768-C:endosome;  GO:0070062-C:extracellular exosome;  GO:0005576-C:extracellular region;  GO:0005615-C:extracellular space;  GO:0031902-C:late endosome membrane;  GO:0005811-C:lipid droplet;  GO:0005765-C:lysosomal membrane;  GO:0042470-C:melanosome;  GO:0016020-C:membrane;  GO:0030496-C:midbody;  GO:0035749-C:myelin sheath adaxonal region;  GO:0016363-C:nuclear matrix;  GO:0005634-C:nucleus;  GO:1990667-C:PCSK9-AnxA2 complex;  GO:0005886-C:plasma membrane;  GO:0098797-C:plasma membrane protein complex;  GO:0090575-C:RNA polymerase II transcription regulator complex;  GO:0042383-C:sarcolemma;  GO:0043220-C:Schmidt-Lanterman incisure;  GO:0031982-C:vesicle;  GO:0012506-C:vesicle membrane",AYGSVKAyTNFDAER,Y30,1,"Phosphotyrosine (1323, 1367, 1369, 1381, 1386, 1387, 1395, 1402, 1412, 1521, 1536, 1546, 1599, 1723, 1777, 1787, 1887, 1888)",,,,,,ENSE00003594061,binder,0.8136844498887332,,KATNFD,KATNFD,1.0,0.8136844498887332,confident binder
RVRDDT,Q9P206,KIAA1522,Y241,EAEAEAGAETEAMLQRHIDRVyRDDTFVGRSTGTRAPPLTRPM,2.7229521407042583,2.491237738466045,2.1579399598060336,2.1956595326780897,1.5488849330950447,1.0874431471302315,UniProtKB,Q9P206,EAEAEAGAETEAMLQRHIDRVyRDDTFVGRSTGTRAPPLTRPM,Updated for maximal coverage,Q9P206,NHSL3,,,GO:0030154-P:cell differentiation,QRHIDRVyRDDTFVG,Y241,1,"Phosphotyrosine (1367, 1381, 1386, 1395, 1412, 1777, 1888)",,,,,,ENSE00001208902,nonbinder,0.0002213847197981,,RVRDDT,RVRDDT,0.0,0.0002213847197981021,confident nonbinder
NNLECQ,Q5HYK7,SH3D19,Y452,PGELSCKRGDVLVMLKQTENNyLECQKGEDTGRVHLSQMKIIT,1.1923256002453266,1.864021424518386,2.6257383735308104,2.1912614631428675,1.508001088131822,1.004800335449901,UniProtKB,Q5HYK7,PGELSCKRGDVLVMLKQTENNyLECQKGEDTGRVHLSQMKIIT,Updated for maximal coverage,Q5HYK7,SH3D19,SH3_domain:415:477:IPR001452;SH3_domain:495:554:IPR001452;SH3_domain:571:630:IPR001452;SH3_domain:661:720:IPR001452;SH3_domain:730:789:IPR001452,SH3_domain~SH3_domain~SH3_domain~SH3_domain~SH3_domain,GO:0007010-P:cytoskeleton organization;  GO:0051044-P:positive regulation of membrane protein ectodomain proteolysis;  GO:0022604-P:regulation of cell morphogenesis;  GO:0070064-F:proline-rich region binding;  GO:0005829-C:cytosol;  GO:0005654-C:nucleoplasm;  GO:0005886-C:plasma membrane,LKQTENNyLECQKGE,Y452,1,"Phosphotyrosine (1381, 1386, 1395, 1412, 1888)",SH3_domain,IPR001452,,,,ENSE00003573201,binder,0.7265187522256663,,NNLECQ,NNLECQ,1.0,0.7265187522256663,confident binder
THYLLP,Q07912,TNK2,Y859; Y860,PRAGPCILPIVRDGKKVSSTHyYLLPERPSYLERYQRFLREAQ,2.8440663071143,2.7188940169812983,2.8140269211422213,2.835719838963753,2.5729048442280296,4.861265153445273,UniProtKB,Q07912,PRAGPCILPIVRDGKKVSSTHyYLLPERPSYLERYQRFLREAQ,Updated for maximal coverage,Q07912,TNK2,TNK-like_SAM:6:67:IPR049587;Prot_kinase_dom:126:385:IPR000719;SH3_domain:388:448:IPR001452;Cdc42-bd-like:450:513:IPR015116;Mig-6:775:837:IPR021619;Ack1_UBA_dom:958:1002:IPR030220,TNK-like_SAM~Prot_kinase_dom~SH3_domain~Cdc42-bd-like~Mig-6~Ack1_UBA_dom,GO:0007166-P:cell surface receptor signaling pathway;  GO:0006897-P:endocytosis;  GO:0016310-P:phosphorylation;  GO:0050731-P:positive regulation of peptidyl-tyrosine phosphorylation;  GO:2000369-P:regulation of clathrin-dependent endocytosis;  GO:0007264-P:small GTPase-mediated signal transduction;  GO:0005524-F:ATP binding;  GO:0005154-F:epidermal growth factor receptor binding;  GO:0005095-F:GTPase inhibitor activity;  GO:0042802-F:identical protein binding;  GO:0046872-F:metal ion binding;  GO:0004715-F:non-membrane spanning protein tyrosine kinase activity;  GO:0106310-F:protein serine kinase activity;  GO:0004674-F:protein serine/threonine kinase activity;  GO:0004712-F:protein serine/threonine/tyrosine kinase activity;  GO:0004713-F:protein tyrosine kinase activity;  GO:0031625-F:ubiquitin protein ligase binding;  GO:0050699-F:WW domain binding;  GO:0005912-C:adherens junction;  GO:0005905-C:clathrin-coated pit;  GO:0030136-C:clathrin-coated vesicle;  GO:0097268-C:cytoophidium;  GO:0005737-C:cytoplasm;  GO:0030659-C:cytoplasmic vesicle membrane;  GO:0005829-C:cytosol;  GO:0005768-C:endosome;  GO:0070436-C:Grb2-EGFR complex;  GO:0043231-C:intracellular membrane-bounded organelle;  GO:0016020-C:membrane;  GO:0005634-C:nucleus;  GO:0048471-C:perinuclear region of cytoplasm;  GO:0005886-C:plasma membrane,KKVSSTHyYLLPERP,Y859,1,"Phosphotyrosine (1323, 1367, 1369, 1381, 1386, 1395, 1412, 1521, 1536, 1546, 1599, 1718, 1787, 1886, 1887, 1888)",,,EBD domain,,,ENSE00001300682,binder,0.94551015482383,,THYLLP,THYLLP,1.0,0.94551015482383,confident binder
DHVMQE,Q07912,TNK2,Y284,RDLVKIGDFGLMRALPQNDDHyVMQEHRKVPFAWCAPESLKTR,1.148073554618806,1.4640391898650211,1.3742020997454008,1.383305577149614,1.1177980649745114,0.1993006047260082,UniProtKB,Q07912,RDLVKIGDFGLMRALPQNDDHyVMQEHRKVPFAWCAPESLKTR,Updated for maximal coverage,Q07912,TNK2,TNK-like_SAM:6:67:IPR049587;Prot_kinase_dom:126:385:IPR000719;SH3_domain:388:448:IPR001452;Cdc42-bd-like:450:513:IPR015116;Mig-6:775:837:IPR021619;Ack1_UBA_dom:958:1002:IPR030220,TNK-like_SAM~Prot_kinase_dom~SH3_domain~Cdc42-bd-like~Mig-6~Ack1_UBA_dom,GO:0007166-P:cell surface receptor signaling pathway;  GO:0006897-P:endocytosis;  GO:0016310-P:phosphorylation;  GO:0050731-P:positive regulation of peptidyl-tyrosine phosphorylation;  GO:2000369-P:regulation of clathrin-dependent endocytosis;  GO:0007264-P:small GTPase-mediated signal transduction;  GO:0005524-F:ATP binding;  GO:0005154-F:epidermal growth factor receptor binding;  GO:0005095-F:GTPase inhibitor activity;  GO:0042802-F:identical protein binding;  GO:0046872-F:metal ion binding;  GO:0004715-F:non-membrane spanning protein tyrosine kinase activity;  GO:0106310-F:protein serine kinase activity;  GO:0004674-F:protein serine/threonine kinase activity;  GO:0004712-F:protein serine/threonine/tyrosine kinase activity;  GO:0004713-F:protein tyrosine kinase activity;  GO:0031625-F:ubiquitin protein ligase binding;  GO:0050699-F:WW domain binding;  GO:0005912-C:adherens junction;  GO:0005905-C:clathrin-coated pit;  GO:0030136-C:clathrin-coated vesicle;  GO:0097268-C:cytoophidium;  GO:0005737-C:cytoplasm;  GO:0030659-C:cytoplasmic vesicle membrane;  GO:0005829-C:cytosol;  GO:0005768-C:endosome;  GO:0070436-C:Grb2-EGFR complex;  GO:0043231-C:intracellular membrane-bounded organelle;  GO:0016020-C:membrane;  GO:0005634-C:nucleus;  GO:0048471-C:perinuclear region of cytoplasm;  GO:0005886-C:plasma membrane,LPQNDDHyVMQEHRK,Y284,1,"Phosphotyrosine (1323, 1367, 1381, 1386, 1395, 1412, 1718, 1787, 1886, 1887, 1888)",Prot_kinase_dom,IPR000719,,STRAND,HIGH,ENSE00003582850,low-confidence,0.5980854512663581,,DHVMQE,DHVMQE,1.0,0.5980854512663581,low-confidence
PTDPVS,Q07912,TNK2,Y518,LSVELSTSRPPQHLGGVKKPTyDPVSEDQDPLSSDFKRLGLRK,1.3294317103081217,1.660172365269864,1.5730761848782095,1.275772731478787,0.8610448566331282,0.3900542804577443,UniProtKB,Q07912,LSVELSTSRPPQHLGGVKKPTyDPVSEDQDPLSSDFKRLGLRK,Updated for maximal coverage,Q07912,TNK2,TNK-like_SAM:6:67:IPR049587;Prot_kinase_dom:126:385:IPR000719;SH3_domain:388:448:IPR001452;Cdc42-bd-like:450:513:IPR015116;Mig-6:775:837:IPR021619;Ack1_UBA_dom:958:1002:IPR030220,TNK-like_SAM~Prot_kinase_dom~SH3_domain~Cdc42-bd-like~Mig-6~Ack1_UBA_dom,GO:0007166-P:cell surface receptor signaling pathway;  GO:0006897-P:endocytosis;  GO:0016310-P:phosphorylation;  GO:0050731-P:positive regulation of peptidyl-tyrosine phosphorylation;  GO:2000369-P:regulation of clathrin-dependent endocytosis;  GO:0007264-P:small GTPase-mediated signal transduction;  GO:0005524-F:ATP binding;  GO:0005154-F:epidermal growth factor receptor binding;  GO:0005095-F:GTPase inhibitor activity;  GO:0042802-F:identical protein binding;  GO:0046872-F:metal ion binding;  GO:0004715-F:non-membrane spanning protein tyrosine kinase activity;  GO:0106310-F:protein serine kinase activity;  GO:0004674-F:protein serine/threonine kinase activity;  GO:0004712-F:protein serine/threonine/tyrosine kinase activity;  GO:0004713-F:protein tyrosine kinase activity;  GO:0031625-F:ubiquitin protein ligase binding;  GO:0050699-F:WW domain binding;  GO:0005912-C:adherens junction;  GO:0005905-C:clathrin-coated pit;  GO:0030136-C:clathrin-coated vesicle;  GO:0097268-C:cytoophidium;  GO:0005737-C:cytoplasm;  GO:0030659-C:cytoplasmic vesicle membrane;  GO:0005829-C:cytosol;  GO:0005768-C:endosome;  GO:0070436-C:Grb2-EGFR complex;  GO:0043231-C:intracellular membrane-bounded organelle;  GO:0016020-C:membrane;  GO:0005634-C:nucleus;  GO:0048471-C:perinuclear region of cytoplasm;  GO:0005886-C:plasma membrane,GGVKKPTyDPVSEDQ,Y518,1,"Phosphotyrosine (1323, 1367, 1369, 1381, 1386, 1395, 1412, 1521, 1546, 1718, 1787, 1886, 1887, 1888)",,,Disordered,,,ENSE00001300682,nonbinder,0.3845451100362906,,PTDPVS,PTDPVS,0.0,0.3845451100362906,confident nonbinder
YQIQSR,Q13627,DYRK1A,Y321,RSAIKIVDFGSSCQLGQRIYQyIQSRFYRSPEVLLGMPYDLAI,0.0801159894066857,0.2665392063576483,0.024101327955843,0.1341705229092034,0.2278662939744994,0.0057070583823054,UniProtKB,Q13627,RSAIKIVDFGSSCQLGQRIYQyIQSRFYRSPEVLLGMPYDLAI,Updated for maximal coverage,Q13627,DYRK1A,Prot_kinase_dom:159:479:IPR000719,Prot_kinase_dom,"GO:0007623-P:circadian rhythm;  GO:0043518-P:negative regulation of DNA damage response, signal transduction by p53 class mediator;  GO:0031452-P:negative regulation of heterochromatin formation;  GO:0031115-P:negative regulation of microtubule polymerization;  GO:0048025-P:negative regulation of mRNA splicing, via spliceosome;  GO:0007399-P:nervous system development;  GO:0018108-P:peptidyl-tyrosine phosphorylation;  GO:0045893-P:positive regulation of DNA-templated transcription;  GO:0033120-P:positive regulation of RNA splicing;  GO:0046777-P:protein autophosphorylation;  GO:0006468-P:protein phosphorylation;  GO:0000381-P:regulation of alternative mRNA splicing, via spliceosome;  GO:1902003-P:regulation of amyloid-beta formation;  GO:1902996-P:regulation of neurofibrillary tangle assembly;  GO:0003779-F:actin binding;  GO:0005524-F:ATP binding;  GO:0008092-F:cytoskeletal protein binding;  GO:0140857-F:histone H3T45 kinase activity;  GO:0042802-F:identical protein binding;  GO:0004715-F:non-membrane spanning protein tyrosine kinase activity;  GO:0004672-F:protein kinase activity;  GO:0106310-F:protein serine kinase activity;  GO:0004674-F:protein serine/threonine kinase activity;  GO:0004712-F:protein serine/threonine/tyrosine kinase activity;  GO:0004713-F:protein tyrosine kinase activity;  GO:0008353-F:RNA polymerase II CTD heptapeptide repeat kinase activity;  GO:1990935-F:splicing factor binding;  GO:0048156-F:tau protein binding;  GO:0050321-F:tau-protein kinase activity;  GO:0003713-F:transcription coactivator activity;  GO:0015631-F:tubulin binding;  GO:0030424-C:axon;  GO:0005813-C:centrosome;  GO:0005737-C:cytoplasm;  GO:0005829-C:cytosol;  GO:0030425-C:dendrite;  GO:0016607-C:nuclear speck;  GO:0005654-C:nucleoplasm;  GO:0005634-C:nucleus;  GO:1990904-C:ribonucleoprotein complex",LGQRIYQyIQSRFYR,Y321,1,"Phosphotyrosine (1323, 1367, 1369, 1381, 1386, 1395, 1412, 1521, 1546, 1564, 1599, 1618, 1704, 1718, 1723, 1777, 1787, 1885, 1886, 1887, 1888)",Prot_kinase_dom,IPR000719,,,HIGH,ENSE00001033275,low-confidence,0.4295586016349568,,YQIQSR,YQIQSR,0.0,0.42955860163495685,low-confidence
RVESIG,Q8N3R9,MPP5,Y243,LAHDKVAEQEMQLEPITDERVyESIGQYGGETVKIVRIEKARD,1.173636771462672,1.054111111224196,0.7041570986530759,1.01966536496949,0.8806330697122682,0.7724839600875814,UniProtKB,Q8N3R9,LAHDKVAEQEMQLEPITDERVyESIGQYGGETVKIVRIEKARD,Updated for maximal coverage,Q8N3R9,PALS1,L27_dom:120:180:IPR004172;L27_dom:179:238:IPR004172;PDZ:256:336:IPR001478;SH3_domain:345:417:IPR001452;Guanylate_kin-like_dom:479:660:IPR008144,L27_dom~L27_dom~PDZ~SH3_domain~Guanylate_kin-like_dom,GO:0021954-P:central nervous system neuron development;  GO:0021987-P:cerebral cortex development;  GO:0045197-P:establishment or maintenance of epithelial cell apical/basal polarity;  GO:0016332-P:establishment or maintenance of polarity of embryonic epithelium;  GO:0010467-P:gene expression;  GO:0048699-P:generation of neurons;  GO:0002011-P:morphogenesis of an epithelial sheet;  GO:0032288-P:myelin assembly;  GO:0032287-P:peripheral nervous system myelin maintenance;  GO:0035750-P:protein localization to myelin sheath abaxonal region;  GO:0072659-P:protein localization to plasma membrane;  GO:0017015-P:regulation of transforming growth factor beta receptor signaling pathway;  GO:0005524-F:ATP binding;  GO:0042802-F:identical protein binding;  GO:0019904-F:protein domain specific binding;  GO:0005912-C:adherens junction;  GO:0043296-C:apical junction complex;  GO:0016324-C:apical plasma membrane;  GO:0030424-C:axon;  GO:0005923-C:bicellular tight junction;  GO:0005737-C:cytoplasm;  GO:0033116-C:endoplasmic reticulum-Golgi intermediate compartment membrane;  GO:0070062-C:extracellular exosome;  GO:0005794-C:Golgi apparatus;  GO:0043219-C:lateral loop;  GO:0035749-C:myelin sheath adaxonal region;  GO:0043204-C:perikaryon;  GO:0005886-C:plasma membrane;  GO:0032991-C:protein-containing complex;  GO:0043220-C:Schmidt-Lanterman incisure,PITDERVyESIGQYG,Y243,1,"Phosphotyrosine (1367, 1381, 1386, 1395, 1412, 1521, 1546, 1723, 1777, 1787, 1888)",,,Required for the correct localization of PALS1 and PATJ at cell-cell contacts and the normal formation of tight junctions and adherens junctions;Interaction with LIN7C,,,ENSE00000658574,binder,0.7630246896012329,,RVESIG,RVESIG,1.0,0.7630246896012329,confident binder
VIDFIE,O00401,WASL,Y256,LFDMCGISEAQLKDRETSKVIyDFIEKTGGVEAVKNELRRQAP,0.3263653407551472,0.6012208553574658,0.4275177382863825,0.1173178408174721,-0.1418843940681065,-0.346612604991709,UniProtKB,O00401,LFDMCGISEAQLKDRETSKVIyDFIEKTGGVEAVKNELRRQAP,Updated for maximal coverage,O00401,WASL,WH1/EVH1_dom:32:141:IPR000697;CRIB_dom:202:260:IPR000095;WH2_dom:404:427:IPR003124;WH2_dom:431:452:IPR003124,WH1/EVH1_dom~CRIB_dom~WH2_dom~WH2_dom,GO:0030036-P:actin cytoskeleton organization;  GO:0030041-P:actin filament polymerization;  GO:0008154-P:actin polymerization or depolymerization;  GO:0051301-P:cell division;  GO:0060997-P:dendritic spine morphogenesis;  GO:2000402-P:negative regulation of lymphocyte migration;  GO:1903526-P:negative regulation of membrane tubulation;  GO:2000370-P:positive regulation of clathrin-dependent endocytosis;  GO:0051491-P:positive regulation of filopodium assembly;  GO:0045944-P:positive regulation of transcription by RNA polymerase II;  GO:0065003-P:protein-containing complex assembly;  GO:0031503-P:protein-containing complex localization;  GO:0099175-P:regulation of postsynapse organization;  GO:0032880-P:regulation of protein localization;  GO:0009617-P:response to bacterium;  GO:0051653-P:spindle localization;  GO:0006900-P:vesicle budding from membrane;  GO:0016050-P:vesicle organization;  GO:0030050-P:vesicle transport along actin filament;  GO:0003779-F:actin binding;  GO:0030695-F:GTPase regulator activity;  GO:0030478-C:actin cap;  GO:0015629-C:actin cytoskeleton;  GO:0031410-C:cytoplasmic vesicle;  GO:0005829-C:cytosol;  GO:0030666-C:endocytic vesicle membrane;  GO:0005789-C:endoplasmic reticulum membrane;  GO:0070062-C:extracellular exosome;  GO:0098978-C:glutamatergic synapse;  GO:0030027-C:lamellipodium;  GO:0005634-C:nucleus;  GO:0005886-C:plasma membrane,RETSKVIyDFIEKTG,Y256,1,"Phosphotyrosine (1323, 1367, 1369, 1381, 1386, 1395, 1412, 1521, 1546, 1564, 1718, 1719, 1723, 1777, 1787, 1885, 1886, 1888)",CRIB_dom,IPR000095,,HELIX,,ENSE00002491899,binder,0.9013047561395844,,VIDFIE,VIDFIE,1.0,0.9013047561395843,confident binder
TLDFPG,P46109,CRKL,Y132,GSVSAPNLPTAEDNLEYVRTLyDFPGNDAEDLPFKKGEILVII,0.8958169891696244,0.9541941583568752,1.007565095076658,1.224510346618682,0.9199007132861198,0.8512450972566924,UniProtKB,P46109,GSVSAPNLPTAEDNLEYVRTLyDFPGNDAEDLPFKKGEILVII,Updated for maximal coverage,P46109,CRKL,SH2:12:102:IPR000980;SH3_domain:123:183:IPR001452;SH3_domain:235:296:IPR001452,SH2~SH3_domain~SH3_domain,GO:0095500-P:acetylcholine receptor signaling pathway;  GO:0009952-P:anterior/posterior pattern specification;  GO:0001783-P:B cell apoptotic process;  GO:0001568-P:blood vessel development;  GO:0060326-P:cell chemotaxis;  GO:0016477-P:cell migration;  GO:0098761-P:cellular response to interleukin-7;  GO:0071560-P:cellular response to transforming growth factor beta stimulus;  GO:0071466-P:cellular response to xenobiotic stimulus;  GO:0098749-P:cerebellar neuron development;  GO:0021987-P:cerebral cortex development;  GO:0160093-P:chordate pharynx development;  GO:1904888-P:cranial skeletal system development;  GO:0016358-P:dendrite development;  GO:0086100-P:endothelin receptor signaling pathway;  GO:0007167-P:enzyme-linked receptor protein signaling pathway;  GO:0030010-P:establishment of cell polarity;  GO:0008543-P:fibroblast growth factor receptor signaling pathway;  GO:0035685-P:helper T cell diapedesis;  GO:0021766-P:hippocampus development;  GO:0035556-P:intracellular signal transduction;  GO:0007254-P:JNK cascade;  GO:0006629-P:lipid metabolic process;  GO:0008584-P:male gonad development;  GO:0010629-P:negative regulation of gene expression;  GO:0060392-P:negative regulation of SMAD protein signal transduction;  GO:0001764-P:neuron migration;  GO:0003151-P:outflow tract morphogenesis;  GO:0060017-P:parathyroid gland development;  GO:0008284-P:positive regulation of cell population proliferation;  GO:0070374-P:positive regulation of ERK1 and ERK2 cascade;  GO:1903977-P:positive regulation of glial cell migration;  GO:0035022-P:positive regulation of Rac protein signal transduction;  GO:1904395-P:positive regulation of skeletal muscle acetylcholine-gated channel clustering;  GO:1900026-P:positive regulation of substrate adhesion-dependent cell spreading;  GO:0098698-P:postsynaptic specialization assembly;  GO:0007265-P:Ras protein signal transduction;  GO:0038026-P:reelin-mediated signaling pathway;  GO:0033628-P:regulation of cell adhesion mediated by integrin;  GO:0001558-P:regulation of cell growth;  GO:0050773-P:regulation of dendrite development;  GO:2000404-P:regulation of T cell migration;  GO:0048384-P:retinoic acid receptor signaling pathway;  GO:0007338-P:single fertilization;  GO:0007283-P:spermatogenesis;  GO:0050852-P:T cell receptor signaling pathway;  GO:0048538-P:thymus development;  GO:0001655-P:urogenital system development;  GO:0045296-F:cadherin binding;  GO:0042802-F:identical protein binding;  GO:0001784-F:phosphotyrosine residue binding;  GO:0030971-F:receptor tyrosine kinase binding;  GO:0003723-F:RNA binding;  GO:0061629-F:RNA polymerase II-specific DNA-binding transcription factor binding;  GO:0035591-F:signaling adaptor activity;  GO:0005737-C:cytoplasm;  GO:0005829-C:cytosol;  GO:0098890-C:extrinsic component of postsynaptic membrane;  GO:0031594-C:neuromuscular junction;  GO:0005654-C:nucleoplasm;  GO:0032991-C:protein-containing complex,LEYVRTLyDFPGNDA,Y132,1,"Phosphotyrosine (1367, 1381, 1386, 1387, 1395, 1412, 1521, 1599, 1777, 1787, 1885, 1888)",SH3_domain,IPR001452,,STRAND,,ENSE00000650961,binder,0.8320292949439926,,TLDFPG,TLDFPG,1.0,0.8320292949439926,confident binder
NSGIPE,P46109,CRKL,Y198,YVEKLVRSSPHGKHGNRNSNSyGIPEPAHAYAQPQTTTPLPAV,1.5746465654833377,1.6653532005002305,1.7067896279236745,1.9124949203272432,1.7470368210157674,1.4435364929415933,UniProtKB,P46109,YVEKLVRSSPHGKHGNRNSNSyGIPEPAHAYAQPQTTTPLPAV,Updated for maximal coverage,P46109,CRKL,SH2:12:102:IPR000980;SH3_domain:123:183:IPR001452;SH3_domain:235:296:IPR001452,SH2~SH3_domain~SH3_domain,GO:0095500-P:acetylcholine receptor signaling pathway;  GO:0009952-P:anterior/posterior pattern specification;  GO:0001783-P:B cell apoptotic process;  GO:0001568-P:blood vessel development;  GO:0060326-P:cell chemotaxis;  GO:0016477-P:cell migration;  GO:0098761-P:cellular response to interleukin-7;  GO:0071560-P:cellular response to transforming growth factor beta stimulus;  GO:0071466-P:cellular response to xenobiotic stimulus;  GO:0098749-P:cerebellar neuron development;  GO:0021987-P:cerebral cortex development;  GO:0160093-P:chordate pharynx development;  GO:1904888-P:cranial skeletal system development;  GO:0016358-P:dendrite development;  GO:0086100-P:endothelin receptor signaling pathway;  GO:0007167-P:enzyme-linked receptor protein signaling pathway;  GO:0030010-P:establishment of cell polarity;  GO:0008543-P:fibroblast growth factor receptor signaling pathway;  GO:0035685-P:helper T cell diapedesis;  GO:0021766-P:hippocampus development;  GO:0035556-P:intracellular signal transduction;  GO:0007254-P:JNK cascade;  GO:0006629-P:lipid metabolic process;  GO:0008584-P:male gonad development;  GO:0010629-P:negative regulation of gene expression;  GO:0060392-P:negative regulation of SMAD protein signal transduction;  GO:0001764-P:neuron migration;  GO:0003151-P:outflow tract morphogenesis;  GO:0060017-P:parathyroid gland development;  GO:0008284-P:positive regulation of cell population proliferation;  GO:0070374-P:positive regulation of ERK1 and ERK2 cascade;  GO:1903977-P:positive regulation of glial cell migration;  GO:0035022-P:positive regulation of Rac protein signal transduction;  GO:1904395-P:positive regulation of skeletal muscle acetylcholine-gated channel clustering;  GO:1900026-P:positive regulation of substrate adhesion-dependent cell spreading;  GO:0098698-P:postsynaptic specialization assembly;  GO:0007265-P:Ras protein signal transduction;  GO:0038026-P:reelin-mediated signaling pathway;  GO:0033628-P:regulation of cell adhesion mediated by integrin;  GO:0001558-P:regulation of cell growth;  GO:0050773-P:regulation of dendrite development;  GO:2000404-P:regulation of T cell migration;  GO:0048384-P:retinoic acid receptor signaling pathway;  GO:0007338-P:single fertilization;  GO:0007283-P:spermatogenesis;  GO:0050852-P:T cell receptor signaling pathway;  GO:0048538-P:thymus development;  GO:0001655-P:urogenital system development;  GO:0045296-F:cadherin binding;  GO:0042802-F:identical protein binding;  GO:0001784-F:phosphotyrosine residue binding;  GO:0030971-F:receptor tyrosine kinase binding;  GO:0003723-F:RNA binding;  GO:0061629-F:RNA polymerase II-specific DNA-binding transcription factor binding;  GO:0035591-F:signaling adaptor activity;  GO:0005737-C:cytoplasm;  GO:0005829-C:cytosol;  GO:0098890-C:extrinsic component of postsynaptic membrane;  GO:0031594-C:neuromuscular junction;  GO:0005654-C:nucleoplasm;  GO:0032991-C:protein-containing complex,GNRNSNSyGIPEPAH,Y198,1,"Phosphotyrosine (1323, 1367, 1381, 1386, 1395, 1412, 1546, 1888)",,,Disordered,,,ENSE00000650961,nonbinder,Training,,NSGIPE,NSGIPE,,,0
ADTHFT,Q8IVM0-2,CCDC50,Y455,SKNERPARPPPPIMTDGEDADyTHFTNQQSSTRHFSKSESSHK,2.2279111008657484,2.206200154412496,2.2565143299218344,2.3265601180947644,1.507182485215805,0.6826652749820163,UniProtKB,Q8IVM0,SKNERPARPPPPIMTDGEDADyTHFTNQQSSTRHFSKSESSHK,Updated for maximal coverage,Q8IVM0,CCDC50,CCDC50_N:5:128:IPR029311,CCDC50_N,GO:0007605-P:sensory perception of sound;  GO:0031625-F:ubiquitin protein ligase binding;  GO:0036064-C:ciliary basal body;  GO:0005737-C:cytoplasm;  GO:0005829-C:cytosol,TDGEDADyTHFTNQQ,Y279,1,"Phosphotyrosine (1395, 1888)",,,Disordered,,,ENSE00001334610,nonbinder,0.0098187004027851,,ADTHFT,ADTHFT,0.0,0.009818700402785143,confident nonbinder
NDIDNP,Q9C004,SPRY4,Y52,LQHPLTILPIDQVKTSHVENDyIDNPSLALTTGPKRTRGGAPE,2.128055933629542,2.860558128954457,3.1929221019854057,3.1999596878274086,3.29473351426336,2.686844013715379,UniProtKB,Q9C004,LQHPLTILPIDQVKTSHVENDyIDNPSLALTTGPKRTRGGAPE,Updated for maximal coverage,Q9C004,SPRY4,,,GO:0048513-P:animal organ development;  GO:1990830-P:cellular response to leukemia inhibitory factor;  GO:0070373-P:negative regulation of ERK1 and ERK2 cascade;  GO:0040037-P:negative regulation of fibroblast growth factor receptor signaling pathway;  GO:0046580-P:negative regulation of Ras protein signal transduction;  GO:1900025-P:negative regulation of substrate adhesion-dependent cell spreading;  GO:0004860-F:protein kinase inhibitor activity;  GO:0005737-C:cytoplasm;  GO:0005829-C:cytosol;  GO:0005925-C:focal adhesion;  GO:0032587-C:ruffle membrane,TSHVENDyIDNPSLA,Y52,1,"Phosphotyrosine (1323, 1367, 1381, 1386, 1395, 1412, 1777, 1888)",,,,,,ENSE00002301412,nonbinder,0.1583072853831419,,NDIDNP,NDIDNP,0.0,0.15830728538314195,confident nonbinder
VREGSY,O95810,SDPR,Y395,LTIVEDEEEESVALEQAQKVRyEGSYALTSEEAERSDGDPVQP,1.7229784465696545,2.06661355611011,1.852625564532585,1.758906637015484,1.56108475660084,1.0393542984266753,UniProtKB,O95810,LTIVEDEEEESVALEQAQKVRyEGSYALTSEEAERSDGDPVQP,Updated for maximal coverage,O95810,CAVIN2,,,GO:0097320-P:plasma membrane tubulation;  GO:0001786-F:phosphatidylserine binding;  GO:0005543-F:phospholipid binding;  GO:0005080-F:protein kinase C binding;  GO:0005901-C:caveola;  GO:0005737-C:cytoplasm;  GO:0005829-C:cytosol;  GO:0045121-C:membrane raft;  GO:0005654-C:nucleoplasm;  GO:0005886-C:plasma membrane,EQAQKVRyEGSYALT,Y395,1,"Phosphotyrosine (1367, 1381, 1386, 1395, 1412, 1777, 1886, 1888)",,,Disordered,,,ENSE00001152409,nonbinder,0.0782909057228901,,VREGSY,VREGSY,0.0,0.07829090572289012,confident nonbinder
DYKASV,Q14289,PTK2B,Y580,SPECVKLGDFGLSRYIEDEDYyKASVTRLPIKWMSPESINFRR,1.1662630248006027,1.3779700473074727,1.3313253313365527,1.2273599734408347,1.1976462237805243,1.091634859753195,UniProtKB,Q14289,SPECVKLGDFGLSRYIEDEDYyKASVTRLPIKWMSPESINFRR,Updated for maximal coverage,Q14289,PTK2B,FERM_domain:39:359:IPR000299;Prot_kinase_dom:425:683:IPR000719;Focal_adhesion_kin_target_dom:870:1000:IPR005189,FERM_domain~Prot_kinase_dom~Focal_adhesion_kin_target_dom,"GO:0042976-P:activation of Janus kinase activity;  GO:0002250-P:adaptive immune response;  GO:0006915-P:apoptotic process;  GO:0045453-P:bone resorption;  GO:0007166-P:cell surface receptor signaling pathway;  GO:0006968-P:cellular defense response;  GO:0071498-P:cellular response to fluid shear stress;  GO:0071300-P:cellular response to retinoic acid;  GO:0070098-P:chemokine-mediated signaling pathway;  GO:0030865-P:cortical cytoskeleton organization;  GO:0086100-P:endothelin receptor signaling pathway;  GO:0007173-P:epidermal growth factor receptor signaling pathway;  GO:0007030-P:Golgi organization;  GO:0007229-P:integrin-mediated signaling pathway;  GO:0035235-P:ionotropic glutamate receptor signaling pathway;  GO:0060291-P:long-term synaptic potentiation;  GO:0002315-P:marginal zone B cell differentiation;  GO:0043066-P:negative regulation of apoptotic process;  GO:0030502-P:negative regulation of bone mineralization;  GO:0008285-P:negative regulation of cell population proliferation;  GO:0045638-P:negative regulation of myeloid cell differentiation;  GO:0043524-P:negative regulation of neuron apoptotic process;  GO:0043267-P:negative regulation of potassium ion transport;  GO:0001764-P:neuron migration;  GO:0038083-P:peptidyl-tyrosine autophosphorylation;  GO:0018108-P:peptidyl-tyrosine phosphorylation;  GO:0030838-P:positive regulation of actin filament polymerization;  GO:0045766-P:positive regulation of angiogenesis;  GO:2000538-P:positive regulation of B cell chemotaxis;  GO:0030335-P:positive regulation of cell migration;  GO:0008284-P:positive regulation of cell population proliferation;  GO:0001954-P:positive regulation of cell-matrix adhesion;  GO:0010595-P:positive regulation of endothelial cell migration;  GO:0070374-P:positive regulation of ERK1 and ERK2 cascade;  GO:2000463-P:positive regulation of excitatory postsynaptic potential;  GO:0046330-P:positive regulation of JNK cascade;  GO:0010976-P:positive regulation of neuron projection development;  GO:0051897-P:positive regulation of phosphatidylinositol 3-kinase/protein kinase B signal transduction;  GO:0045860-P:positive regulation of protein kinase activity;  GO:0051968-P:positive regulation of synaptic transmission, glutamatergic;  GO:2000060-P:positive regulation of ubiquitin-dependent protein catabolic process;  GO:0046777-P:protein autophosphorylation;  GO:0006468-P:protein phosphorylation;  GO:0065003-P:protein-containing complex assembly;  GO:0032956-P:regulation of actin cytoskeleton organization;  GO:0030155-P:regulation of cell adhesion;  GO:0008360-P:regulation of cell shape;  GO:0010758-P:regulation of macrophage chemotaxis;  GO:0099151-P:regulation of postsynaptic density assembly;  GO:0051279-P:regulation of release of sequestered calcium ion into cytosol;  GO:0048167-P:regulation of synaptic plasticity;  GO:2000058-P:regulation of ubiquitin-dependent protein catabolic process;  GO:0007172-P:signal complex assembly;  GO:0007165-P:signal transduction;  GO:0002040-P:sprouting angiogenesis;  GO:0033209-P:tumor necrosis factor-mediated signaling pathway;  GO:0048010-P:vascular endothelial growth factor receptor signaling pathway;  GO:0005524-F:ATP binding;  GO:0004683-F:calcium/calmodulin-dependent protein kinase activity;  GO:0035255-F:ionotropic glutamate receptor binding;  GO:0099602-F:neurotransmitter receptor regulator activity;  GO:0004715-F:non-membrane spanning protein tyrosine kinase activity;  GO:0004713-F:protein tyrosine kinase activity;  GO:0030546-F:signaling receptor activator activity;  GO:0097440-C:apical dendrite;  GO:0044297-C:cell body;  GO:0005938-C:cell cortex;  GO:0005737-C:cytoplasm;  GO:0005856-C:cytoskeleton;  GO:0005829-C:cytosol;  GO:0030425-C:dendrite;  GO:0005925-C:focal adhesion;  GO:0098978-C:glutamatergic synapse;  GO:0030426-C:growth cone;  GO:0030027-C:lamellipodium;  GO:0043025-C:neuronal cell body;  GO:0017146-C:NMDA selective glutamate receptor complex;  GO:0005634-C:nucleus;  GO:0048471-C:perinuclear region of cytoplasm;  GO:0005886-C:plasma membrane;  GO:0014069-C:postsynaptic density;  GO:0099092-C:postsynaptic density, intracellular component;  GO:0098793-C:presynapse",YIEDEDYyKASVTRL,Y580,1,"Phosphotyrosine (1323, 1367, 1369, 1381, 1386, 1395, 1412, 1521, 1777, 1787, 1885, 1886, 1888)",Prot_kinase_dom,IPR000719,,,HIGH,ENSE00000818667,nonbinder,0.2614117885490492,,DYKASV,DYKASV,0.0,0.2614117885490492,confident nonbinder
PEYTLR,Q96JJ3,ELMO2,Y48,KRPLASIIKEVCDGWSLPNPEyYTLRYADGPQLYITEQTRSDI,0.7621646010531781,0.7152434461593292,0.6128271838304508,0.946170765604685,0.8265788301414569,0.5996181759258337,UniProtKB,Q96JJ3,KRPLASIIKEVCDGWSLPNPEyYTLRYADGPQLYITEQTRSDI,Updated for maximal coverage,Q96JJ3,ELMO2,ELMO_ARM:115:272:IPR024574;ELMO_dom:295:485:IPR006816;PH_domain:541:667:IPR001849,ELMO_ARM~ELMO_dom~PH_domain,GO:0007015-P:actin filament organization;  GO:0006915-P:apoptotic process;  GO:0060326-P:cell chemotaxis;  GO:0048870-P:cell motility;  GO:0006909-P:phagocytosis;  GO:0030971-F:receptor tyrosine kinase binding;  GO:0017124-F:SH3 domain binding;  GO:0005829-C:cytosol;  GO:0016020-C:membrane,WSLPNPEyYTLRYAD,Y48,1,"Phosphotyrosine (1323, 1367, 1369, 1381, 1386, 1395, 1402, 1412, 1521, 1536, 1564, 1723, 1787, 1886, 1887, 1888)",,,,HELIX,,ENSE00003588808,binder,0.9558410933047288,,PEYTLR,PEYTLR,1.0,0.9558410933047287,confident binder
EDESSA,Q9UIQ6,LNPEP,Y70,RGSRLLVRGLGEHEMEEDEEDyESSAKLLGMSFMNRSSGLRNS,0.1240500834087572,0.579046028465445,0.8680128581101896,1.1810613055221326,1.618087632917975,1.595732954695363,UniProtKB,Q9UIQ6,RGSRLLVRGLGEHEMEEDEEDyESSAKLLGMSFMNRSSGLRNS,Updated for maximal coverage,Q9UIQ6,LNPEP,Aminopeptidase_N-like_N:173:358:IPR045357;Peptidase_M1_dom:392:610:IPR014782;ERAP1-like_C_dom:689:1008:IPR024571,Aminopeptidase_N-like_N~Peptidase_M1_dom~ERAP1-like_C_dom,"GO:0002480-P:antigen processing and presentation of exogenous peptide antigen via MHC class I, TAP-independent;  GO:0007267-P:cell-cell signaling;  GO:0007565-P:female pregnancy;  GO:0120163-P:negative regulation of cold-induced thermogenesis;  GO:0043171-P:peptide catabolic process;  GO:0030163-P:protein catabolic process;  GO:0000209-P:protein polyubiquitination;  GO:0006508-P:proteolysis;  GO:0008217-P:regulation of blood pressure;  GO:0004177-F:aminopeptidase activity;  GO:0070006-F:metalloaminopeptidase activity;  GO:0008237-F:metallopeptidase activity;  GO:0042277-F:peptide binding;  GO:0008270-F:zinc ion binding;  GO:0005737-C:cytoplasm;  GO:0030659-C:cytoplasmic vesicle membrane;  GO:0005829-C:cytosol;  GO:0031905-C:early endosome lumen;  GO:0005615-C:extracellular space;  GO:0005765-C:lysosomal membrane;  GO:0016020-C:membrane;  GO:0048471-C:perinuclear region of cytoplasm;  GO:0005886-C:plasma membrane",MEEDEEDyESSAKLL,Y70,1,"Phosphotyrosine (1343, 1367, 1381, 1386, 1395, 1412, 1521, 1787, 1885, 1886, 1887, 1888)",,,Cytoplasmic,,,ENSE00003637141,nonbinder,0.0992132310620397,,EDESSA,EDESSA,0.0,0.09921323106203973,confident nonbinder
LDVELS,Q9H2D6,TRIOBP,Y1945,GSEVISRGGPRKADGQRQALDyVELSPLTQASPQRARTPARTP,1.911908098405661,2.2757507317333623,2.0982028270052164,2.132686205068321,1.5052096161975463,1.0697276200506842,UniProtKB,Q9H2D6,GSEVISRGGPRKADGQRQALDyVELSPLTQASPQRARTPARTP,Updated for maximal coverage,Q9H2D6,TRIOBP,PH_domain:1778:1889:IPR001849,PH_domain,"GO:0030047-P:actin modification;  GO:0060088-P:auditory receptor cell stereocilium organization;  GO:0051016-P:barbed-end actin filament capping;  GO:0051301-P:cell division;  GO:1900026-P:positive regulation of substrate adhesion-dependent cell spreading;  GO:0007605-P:sensory perception of sound;  GO:0051015-F:actin filament binding;  GO:0045159-F:myosin II binding;  GO:0031267-F:small GTPase binding;  GO:0031625-F:ubiquitin protein ligase binding;  GO:0015629-C:actin cytoskeleton;  GO:0005813-C:centrosome;  GO:0000781-C:chromosome, telomeric region;  GO:0005737-C:cytoplasm;  GO:0005925-C:focal adhesion;  GO:0030496-C:midbody;  GO:0005634-C:nucleus;  GO:0120044-C:stereocilium base",GQRQALDyVELSPLT,Y1945,1,"Phosphotyrosine (1381, 1386, 1395, 1412, 1521, 1777, 1787, 1888)",,,Disordered,,,,binder,0.9555828516667916,,LDVELS,LDVELS,1.0,0.9555828516667917,confident binder
VRDNLS,Q9C0B5,ZDHHC5,S529; Y533,AERHPRLVPTGPTHREPSPVRyDNLSRHIVASLQEREKLLRQS,0.5637745072734112,0.3593365187349418,0.0614642755570597,0.1906285744256224,0.0159182003533184,-0.1199976177348785,UniProtKB,Q9C0B5,AERHPRLVPTGPTHREPSPVRyDNLSRHIVASLQEREKLLRQS,Updated for maximal coverage,Q9C0B5,ZDHHC5,Palmitoyltrfase_DHHC:102:222:IPR001594,Palmitoyltrfase_DHHC,"GO:0045087-P:innate immune response;  GO:0006869-P:lipid transport;  GO:1900227-P:positive regulation of NLRP3 inflammasome complex assembly;  GO:0062208-P:positive regulation of pattern recognition receptor signaling pathway;  GO:1905171-P:positive regulation of protein localization to phagocytic vesicle;  GO:1903078-P:positive regulation of protein localization to plasma membrane;  GO:0140639-P:positive regulation of pyroptotic inflammatory response;  GO:0072659-P:protein localization to plasma membrane;  GO:0018345-P:protein palmitoylation;  GO:0099072-P:regulation of postsynaptic membrane neurotransmitter receptor levels;  GO:0016409-F:palmitoyltransferase activity;  GO:0019706-F:protein-cysteine S-palmitoyltransferase activity;  GO:0030425-C:dendrite;  GO:0098982-C:GABA-ergic synapse;  GO:0098978-C:glutamatergic synapse;  GO:0000139-C:Golgi membrane;  GO:0016020-C:membrane;  GO:0005654-C:nucleoplasm;  GO:0045335-C:phagocytic vesicle;  GO:0005886-C:plasma membrane;  GO:0099091-C:postsynaptic specialization, intracellular component",REPSPVRyDNLSRHI,Y533,1,"Phosphotyrosine (1367, 1381, 1386, 1395, 1412, 1718, 1777, 1886, 1888)",,,Cytoplasmic;Disordered,,,ENSE00003649195,binder,0.9695678208771352,,VRDNLS,VRDNLS,1.0,0.9695678208771352,confident binder
LPQDTT,Q8N4S9,MARVELD2,Y23,SNDGRSRNRDRRYDEVPSDLPyQDTTIRTHPTLHDSERAVSAD,2.6305558386571057,2.735665144767596,2.4844611218529327,2.486882815867758,1.716107338083093,1.3275219888805128,UniProtKB,Q8N4S9,SNDGRSRNRDRRYDEVPSDLPyQDTTIRTHPTLHDSERAVSAD,Updated for maximal coverage,Q8N4S9,MARVELD2,Marvel:188:367:IPR008253;Occludin_ELL:440:551:IPR010844,Marvel~Occludin_ELL,GO:0070830-P:bicellular tight junction assembly;  GO:0045216-P:cell-cell junction organization;  GO:0061028-P:establishment of endothelial barrier;  GO:0007605-P:sensory perception of sound;  GO:0016324-C:apical plasma membrane;  GO:0016323-C:basolateral plasma membrane;  GO:0005923-C:bicellular tight junction;  GO:0030054-C:cell junction;  GO:0005737-C:cytoplasm;  GO:0031410-C:cytoplasmic vesicle;  GO:0033010-C:paranodal junction;  GO:0043220-C:Schmidt-Lanterman incisure;  GO:0070160-C:tight junction;  GO:0061689-C:tricellular tight junction,EVPSDLPyQDTTIRT,Y23,1,"Phosphotyrosine (1381, 1386, 1412, 1521, 1536, 1546, 1777, 1787, 1888)",,,Cytoplasmic;Disordered,,,ENSE00001174822,nonbinder,0.1489690300900615,,LPQDTT,LPQDTT,0.0,0.1489690300900615,confident nonbinder
GEEELL,Q86W92,PPFIBP1,Y353,CLNRYKKMQDTVVLAQGKDGEyEELLNSSSISSLLDAQGFSDL,2.339363594207528,3.120268158603071,3.3158527318337856,2.802202588492256,1.7433216007102408,1.1121315128591909,UniProtKB,Q86W92,CLNRYKKMQDTVVLAQGKDGEyEELLNSSSISSLLDAQGFSDL,Updated for maximal coverage,Q86W92,PPFIBP1,LIPB1/2_CC:103:208:IPR058914;SAM:644:711:IPR001660;SAM:716:782:IPR001660;SAM:804:876:IPR001660,LIPB1/2_CC~SAM~SAM~SAM,GO:0007155-P:cell adhesion;  GO:0043622-P:cortical microtubule organization;  GO:0007528-P:neuromuscular junction development;  GO:0045296-F:cadherin binding;  GO:0005938-C:cell cortex;  GO:0005829-C:cytosol;  GO:0005925-C:focal adhesion;  GO:0005886-C:plasma membrane;  GO:0048786-C:presynaptic active zone,AQGKDGEyEELLNSS,Y353,1,"Phosphotyrosine (1381, 1386, 1412, 1521, 1777, 1787, 1887, 1888)",,,,,,ENSE00000733649,binder,0.9761262866984768,,GEEELL,GEEELL,1.0,0.9761262866984767,confident binder
REFTFP,P55196,MLLT4,Y1230,EQTPPPRPEAYPIPTQTYTREyFTFPASKSQDRMAPPQNQWPN,1.579710752088184,1.8078407944168,1.3943008682433298,1.170714844485409,0.4281220427124066,0.2597351408788616,UniProtKB,P55196,EQTPPPRPEAYPIPTQTYTREyFTFPASKSQDRMAPPQNQWPN,Updated for maximal coverage,P55196,AFDN,RA_dom:39:133:IPR000159;RA_dom:246:348:IPR000159;FHA_dom:425:492:IPR000253;Dilute_dom:668:908:IPR002710;PDZ:1007:1093:IPR001478,RA_dom~RA_dom~FHA_dom~Dilute_dom~PDZ,GO:0070830-P:bicellular tight junction assembly;  GO:0007155-P:cell adhesion;  GO:0044331-P:cell-cell adhesion mediated by cadherin;  GO:0007267-P:cell-cell signaling;  GO:0090557-P:establishment of endothelial intestinal barrier;  GO:0061951-P:establishment of protein localization to plasma membrane;  GO:0030336-P:negative regulation of cell migration;  GO:0046931-P:pore complex assembly;  GO:0022409-P:positive regulation of cell-cell adhesion;  GO:2000049-P:positive regulation of cell-cell adhesion mediated by cadherin;  GO:0010628-P:positive regulation of gene expression;  GO:0032880-P:regulation of protein localization;  GO:0007165-P:signal transduction;  GO:0051015-F:actin filament binding;  GO:0045296-F:cadherin binding;  GO:0050839-F:cell adhesion molecule binding;  GO:0031267-F:small GTPase binding;  GO:0005912-C:adherens junction;  GO:0030054-C:cell junction;  GO:0044291-C:cell-cell contact zone;  GO:0005911-C:cell-cell junction;  GO:0005829-C:cytosol;  GO:0016607-C:nuclear speck;  GO:0005654-C:nucleoplasm;  GO:0005886-C:plasma membrane;  GO:0046930-C:pore complex;  GO:0070160-C:tight junction,TQTYTREyFTFPASK,Y1230,1,"Phosphotyrosine (1381, 1386, 1412, 1888)",,,,,,ENSE00003978627,binder,Training,,REFTFP,REFTFP,,,1
HPELLL,Q92625,ANKS1A,Y455,EVLSMRPRIHGSAAREEDEHPyELLLTAETKKVVLVDGKTKDH,1.4466950786855417,1.3413325720925602,1.1613757246874246,1.0132786453677622,0.3127306139225398,0.301416159881539,UniProtKB,Q92625,EVLSMRPRIHGSAAREEDEHPyELLLTAETKKVVLVDGKTKDH,Updated for maximal coverage,Q92625,ANKS1A,SAM:693:762:IPR001660;SAM:767:835:IPR001660;PTB/PI_dom:937:1071:IPR006020,SAM~SAM~PTB/PI_dom,GO:0048013-P:ephrin receptor signaling pathway;  GO:0016322-P:neuron remodeling;  GO:0006929-P:substrate-dependent cell migration;  GO:0046875-F:ephrin receptor binding;  GO:0005829-C:cytosol;  GO:0043005-C:neuron projection;  GO:0005654-C:nucleoplasm,REEDEHPyELLLTAE,Y455,1,"Phosphotyrosine (1381, 1386, 1395, 1412, 1521, 1546, 1777, 1787, 1885, 1887, 1888)",,,,,,ENSE00002533567,binder,0.96764377498094,,HPELLL,HPELLL,1.0,0.9676437749809401,confident binder
DQSLVE,P27986,PIK3R1,Y607,QKGVRQKKLNEWLGNENTEDQySLVEDDEDLPHHDEKTWNVGS,2.197905725660636,2.08036577300204,2.1639013580840536,2.4364262668653,2.460951873849021,2.361741593245656,UniProtKB,P27986,QKGVRQKKLNEWLGNENTEDQySLVEDDEDLPHHDEKTWNVGS,Updated for maximal coverage,P27986,PIK3R1,SH3_domain:3:79:IPR001452;RhoGAP_dom:113:301:IPR000198;SH2:331:428:IPR000980;PI3K_P85_iSH2:431:599:IPR032498;SH2:622:718:IPR000980,SH3_domain~RhoGAP_dom~SH2~PI3K_P85_iSH2~SH2,"GO:0030183-P:B cell differentiation;  GO:0032869-P:cellular response to insulin stimulus;  GO:0034644-P:cellular response to UV;  GO:0019221-P:cytokine-mediated signaling pathway;  GO:0008625-P:extrinsic apoptotic signaling pathway via death domain receptors;  GO:0060396-P:growth hormone receptor signaling pathway;  GO:0006955-P:immune response;  GO:0008286-P:insulin receptor signaling pathway;  GO:0048009-P:insulin-like growth factor receptor signaling pathway;  GO:0035655-P:interleukin-18-mediated signaling pathway;  GO:0001678-P:intracellular glucose homeostasis;  GO:0008630-P:intrinsic apoptotic signaling pathway in response to DNA damage;  GO:0097529-P:myeloid leukocyte migration;  GO:0042267-P:natural killer cell mediated cytotoxicity;  GO:0043066-P:negative regulation of apoptotic process;  GO:0001953-P:negative regulation of cell-matrix adhesion;  GO:0045671-P:negative regulation of osteoclast differentiation;  GO:0051497-P:negative regulation of stress fiber assembly;  GO:0030316-P:osteoclast differentiation;  GO:0043491-P:phosphatidylinositol 3-kinase/protein kinase B signal transduction;  GO:0046854-P:phosphatidylinositol phosphate biosynthetic process;  GO:0046326-P:positive regulation of D-glucose import;  GO:1900103-P:positive regulation of endoplasmic reticulum unfolded protein response;  GO:0051491-P:positive regulation of filopodium assembly;  GO:0120183-P:positive regulation of focal adhesion disassembly;  GO:0010592-P:positive regulation of lamellipodium assembly;  GO:0002687-P:positive regulation of leukocyte migration;  GO:0042307-P:positive regulation of protein import into nucleus;  GO:1903078-P:positive regulation of protein localization to plasma membrane;  GO:0033120-P:positive regulation of RNA splicing;  GO:0048661-P:positive regulation of smooth muscle cell proliferation;  GO:0045944-P:positive regulation of transcription by RNA polymerase II;  GO:0032760-P:positive regulation of tumor necrosis factor production;  GO:0006606-P:protein import into nucleus;  GO:0050821-P:protein stabilization;  GO:0034143-P:regulation of toll-like receptor 4 signaling pathway;  GO:0034976-P:response to endoplasmic reticulum stress;  GO:0034446-P:substrate adhesion-dependent cell spreading;  GO:0030217-P:T cell differentiation;  GO:0061470-P:T follicular helper cell differentiation;  GO:0006366-P:transcription by RNA polymerase II;  GO:0046935-F:1-phosphatidylinositol-3-kinase regulator activity;  GO:0140767-F:enzyme-substrate adaptor activity;  GO:0043125-F:ErbB-3 class receptor binding;  GO:0043559-F:insulin binding;  GO:0005158-F:insulin receptor binding;  GO:0043560-F:insulin receptor substrate binding;  GO:0005159-F:insulin-like growth factor receptor binding;  GO:0019209-F:kinase activator activity;  GO:0005168-F:neurotrophin TRKA receptor binding;  GO:0141038-F:phosphatidylinositol 3-kinase activator activity;  GO:0043548-F:phosphatidylinositol 3-kinase binding;  GO:0035014-F:phosphatidylinositol 3-kinase regulator activity;  GO:0036312-F:phosphatidylinositol 3-kinase regulatory subunit binding;  GO:0052742-F:phosphatidylinositol kinase activity;  GO:0001784-F:phosphotyrosine residue binding;  GO:0046982-F:protein heterodimerization activity;  GO:0019903-F:protein phosphatase binding;  GO:0005068-F:transmembrane receptor protein tyrosine kinase adaptor activity;  GO:0005911-C:cell-cell junction;  GO:0005801-C:cis-Golgi network;  GO:0005737-C:cytoplasm;  GO:0005829-C:cytosol;  GO:0016020-C:membrane;  GO:0005634-C:nucleus;  GO:1990578-C:perinuclear endoplasmic reticulum membrane;  GO:0048471-C:perinuclear region of cytoplasm;  GO:0005942-C:phosphatidylinositol 3-kinase complex;  GO:0005943-C:phosphatidylinositol 3-kinase complex, class IA;  GO:0005886-C:plasma membrane",NENTEDQySLVEDDE,Y607,1,"Phosphotyrosine (1323, 1367, 1381, 1386, 1395, 1412, 1546, 1777, 1787, 1888)",,,,,,ENSE00003648923,binder,0.6893354616813511,,DQSLVE,DQSLVE,1.0,0.6893354616813511,confident binder
RLEEYT,P27986,PIK3R1,Y467,GKKLHEYNTQFQEKSREYDRLyEEYTRTSQEIQMKRTAIEAFN,0.4299028152281243,0.4989000891237961,0.370118392747481,0.5446142977822074,0.6022756532062529,0.3568729852661021,UniProtKB,P27986,GKKLHEYNTQFQEKSREYDRLyEEYTRTSQEIQMKRTAIEAFN,Updated for maximal coverage,P27986,PIK3R1,SH3_domain:3:79:IPR001452;RhoGAP_dom:113:301:IPR000198;SH2:331:428:IPR000980;PI3K_P85_iSH2:431:599:IPR032498;SH2:622:718:IPR000980,SH3_domain~RhoGAP_dom~SH2~PI3K_P85_iSH2~SH2,"GO:0030183-P:B cell differentiation;  GO:0032869-P:cellular response to insulin stimulus;  GO:0034644-P:cellular response to UV;  GO:0019221-P:cytokine-mediated signaling pathway;  GO:0008625-P:extrinsic apoptotic signaling pathway via death domain receptors;  GO:0060396-P:growth hormone receptor signaling pathway;  GO:0006955-P:immune response;  GO:0008286-P:insulin receptor signaling pathway;  GO:0048009-P:insulin-like growth factor receptor signaling pathway;  GO:0035655-P:interleukin-18-mediated signaling pathway;  GO:0001678-P:intracellular glucose homeostasis;  GO:0008630-P:intrinsic apoptotic signaling pathway in response to DNA damage;  GO:0097529-P:myeloid leukocyte migration;  GO:0042267-P:natural killer cell mediated cytotoxicity;  GO:0043066-P:negative regulation of apoptotic process;  GO:0001953-P:negative regulation of cell-matrix adhesion;  GO:0045671-P:negative regulation of osteoclast differentiation;  GO:0051497-P:negative regulation of stress fiber assembly;  GO:0030316-P:osteoclast differentiation;  GO:0043491-P:phosphatidylinositol 3-kinase/protein kinase B signal transduction;  GO:0046854-P:phosphatidylinositol phosphate biosynthetic process;  GO:0046326-P:positive regulation of D-glucose import;  GO:1900103-P:positive regulation of endoplasmic reticulum unfolded protein response;  GO:0051491-P:positive regulation of filopodium assembly;  GO:0120183-P:positive regulation of focal adhesion disassembly;  GO:0010592-P:positive regulation of lamellipodium assembly;  GO:0002687-P:positive regulation of leukocyte migration;  GO:0042307-P:positive regulation of protein import into nucleus;  GO:1903078-P:positive regulation of protein localization to plasma membrane;  GO:0033120-P:positive regulation of RNA splicing;  GO:0048661-P:positive regulation of smooth muscle cell proliferation;  GO:0045944-P:positive regulation of transcription by RNA polymerase II;  GO:0032760-P:positive regulation of tumor necrosis factor production;  GO:0006606-P:protein import into nucleus;  GO:0050821-P:protein stabilization;  GO:0034143-P:regulation of toll-like receptor 4 signaling pathway;  GO:0034976-P:response to endoplasmic reticulum stress;  GO:0034446-P:substrate adhesion-dependent cell spreading;  GO:0030217-P:T cell differentiation;  GO:0061470-P:T follicular helper cell differentiation;  GO:0006366-P:transcription by RNA polymerase II;  GO:0046935-F:1-phosphatidylinositol-3-kinase regulator activity;  GO:0140767-F:enzyme-substrate adaptor activity;  GO:0043125-F:ErbB-3 class receptor binding;  GO:0043559-F:insulin binding;  GO:0005158-F:insulin receptor binding;  GO:0043560-F:insulin receptor substrate binding;  GO:0005159-F:insulin-like growth factor receptor binding;  GO:0019209-F:kinase activator activity;  GO:0005168-F:neurotrophin TRKA receptor binding;  GO:0141038-F:phosphatidylinositol 3-kinase activator activity;  GO:0043548-F:phosphatidylinositol 3-kinase binding;  GO:0035014-F:phosphatidylinositol 3-kinase regulator activity;  GO:0036312-F:phosphatidylinositol 3-kinase regulatory subunit binding;  GO:0052742-F:phosphatidylinositol kinase activity;  GO:0001784-F:phosphotyrosine residue binding;  GO:0046982-F:protein heterodimerization activity;  GO:0019903-F:protein phosphatase binding;  GO:0005068-F:transmembrane receptor protein tyrosine kinase adaptor activity;  GO:0005911-C:cell-cell junction;  GO:0005801-C:cis-Golgi network;  GO:0005737-C:cytoplasm;  GO:0005829-C:cytosol;  GO:0016020-C:membrane;  GO:0005634-C:nucleus;  GO:1990578-C:perinuclear endoplasmic reticulum membrane;  GO:0048471-C:perinuclear region of cytoplasm;  GO:0005942-C:phosphatidylinositol 3-kinase complex;  GO:0005943-C:phosphatidylinositol 3-kinase complex, class IA;  GO:0005886-C:plasma membrane",SREYDRLyEEYTRTS,Y467,1,"Phosphotyrosine (1323, 1367, 1369, 1381, 1386, 1395, 1412, 1521, 1546, 1718, 1723, 1787, 1885, 1886, 1888)",PI3K_P85_iSH2,IPR032498,,HELIX,,ENSE00003664046,binder,0.8520042623307369,,RLEEYT,RLEEYT,1.0,0.8520042623307369,confident binder
GGGSRS,P13647,KRT5,Y60,GGGGGGGFGRVSLAGACGVGGyGSRSLYNLGGSKRISISTSGG,0.5109955452532579,0.8757770220437863,1.0718639385045872,1.4869086512406016,1.417725807438334,1.178600855518093,UniProtKB,P13647,GGGGGGGFGRVSLAGACGVGGyGSRSLYNLGGSKRISISTSGG,Updated for maximal coverage,P13647,KRT5,Keratin_2_head:16:164:IPR032444;IF_rod_dom:167:481:IPR039008,Keratin_2_head~IF_rod_dom,GO:0008544-P:epidermis development;  GO:0045109-P:intermediate filament organization;  GO:0045107-P:intermediate filament polymerization;  GO:0031424-P:keratinization;  GO:0030334-P:regulation of cell migration;  GO:0032880-P:regulation of protein localization;  GO:0009612-P:response to mechanical stimulus;  GO:0097110-F:scaffold protein binding;  GO:0005200-F:structural constituent of cytoskeleton;  GO:0030280-F:structural constituent of skin epidermis;  GO:0005737-C:cytoplasm;  GO:0005829-C:cytosol;  GO:0070062-C:extracellular exosome;  GO:0005882-C:intermediate filament;  GO:0045095-C:keratin filament;  GO:0016020-C:membrane;  GO:0005634-C:nucleus,GACGVGGyGSRSLYN,Y60,1,"Phosphotyrosine (1323, 1369, 1381, 1386, 1395, 1412, 1718, 1723, 1787, 1888)",Keratin_2_head,IPR032444,Head,,,ENSE00002408701,nonbinder,0.0060040394638403,,GGGSRS,GGGSRS,0.0,0.006004039463840362,confident nonbinder
AVTTTG,Q15375,EPHA7,Y791,LVCKVSDFGLSRVIEDDPEAVyTTTGGKIPVRWTAPEAIQYRK,0.0343638155142338,0.0803466382497056,-0.0862402758207441,0.0080633659807674,0.3200460370465696,0.5195195312137186,UniProtKB,Q15375,LVCKVSDFGLSRVIEDDPEAVyTTTGGKIPVRWTAPEAIQYRK,Updated for maximal coverage,Q15375,EPHA7,Ephrin_rcpt_lig-bd_dom:32:210:IPR001090;Tyr-kin_ephrin_A/B_rcpt-like:271:308:IPR011641;FN3_dom:331:441:IPR003961;FN3_dom:442:537:IPR003961;Eph_TM:559:630:IPR027936;Prot_kinase_dom:633:894:IPR000719;SAM:920:987:IPR001660,Ephrin_rcpt_lig-bd_dom~Tyr-kin_ephrin_A/B_rcpt-like~FN3_dom~FN3_dom~Eph_TM~Prot_kinase_dom~SAM,GO:0007411-P:axon guidance;  GO:0007420-P:brain development;  GO:0048755-P:branching morphogenesis of a nerve;  GO:0048013-P:ephrin receptor signaling pathway;  GO:0050804-P:modulation of chemical synaptic transmission;  GO:0050919-P:negative chemotaxis;  GO:0048671-P:negative regulation of collateral sprouting;  GO:0051898-P:negative regulation of phosphatidylinositol 3-kinase/protein kinase B signal transduction;  GO:0051964-P:negative regulation of synapse assembly;  GO:0072178-P:nephric duct morphogenesis;  GO:0051402-P:neuron apoptotic process;  GO:0016310-P:phosphorylation;  GO:0043525-P:positive regulation of neuron apoptotic process;  GO:0022407-P:regulation of cell-cell adhesion;  GO:0070372-P:regulation of ERK1 and ERK2 cascade;  GO:0050730-P:regulation of peptidyl-tyrosine phosphorylation;  GO:0099175-P:regulation of postsynapse organization;  GO:0031952-P:regulation of protein autophosphorylation;  GO:0031290-P:retinal ganglion cell axon guidance;  GO:0005524-F:ATP binding;  GO:0008046-F:axon guidance receptor activity;  GO:0045499-F:chemorepellent activity;  GO:0046875-F:ephrin receptor binding;  GO:0005004-F:GPI-linked ephrin receptor activity;  GO:0019838-F:growth factor binding;  GO:0004713-F:protein tyrosine kinase activity;  GO:0005005-F:transmembrane-ephrin receptor activity;  GO:0030425-C:dendrite;  GO:0098978-C:glutamatergic synapse;  GO:0098686-C:hippocampal mossy fiber to CA3 synapse;  GO:0031594-C:neuromuscular junction;  GO:0043025-C:neuronal cell body;  GO:0005886-C:plasma membrane;  GO:0098839-C:postsynaptic density membrane;  GO:0098685-C:Schaffer collateral - CA1 synapse,EDDPEAVyTTTGGKI,Y791,1,"Phosphotyrosine (1367, 1381, 1386, 1395, 1412, 1521, 1777, 1787, 1886, 1887, 1888)",Prot_kinase_dom,IPR000719,Cytoplasmic,,HIGH,ENSE00002370295,nonbinder,0.2613388998300271,,AVTTTG,AVTTTG,0.0,0.26133889983002717,confident nonbinder
GDYDLY,Q06124,PTPN11,Y62,FTLSVRRNGAVTHIKIQNTGDyYDLYGGEKFATLAELVQYYME,0.1351201658641355,0.1737922921777685,0.2689575584287697,0.4256518741069083,0.3570312941043841,0.4226332082260072,UniProtKB,Q06124,FTLSVRRNGAVTHIKIQNTGDyYDLYGGEKFATLAELVQYYME,Updated for maximal coverage,Q06124,PTPN11,SH2:4:102:IPR000980;SH2:110:216:IPR000980;PTP_cat:246:523:IPR000242,SH2~SH2~PTP_cat,GO:0036302-P:atrioventricular canal development;  GO:0007409-P:axonogenesis;  GO:0060020-P:Bergmann glial cell differentiation;  GO:0007420-P:brain development;  GO:0071364-P:cellular response to epidermal growth factor stimulus;  GO:0071260-P:cellular response to mechanical stimulus;  GO:0021697-P:cerebellar cortex formation;  GO:0019221-P:cytokine-mediated signaling pathway;  GO:0000077-P:DNA damage checkpoint signaling;  GO:0048013-P:ephrin receptor signaling pathway;  GO:0007173-P:epidermal growth factor receptor signaling pathway;  GO:0038127-P:ERBB signaling pathway;  GO:0060325-P:face morphogenesis;  GO:0008543-P:fibroblast growth factor receptor signaling pathway;  GO:0048806-P:genitalia development;  GO:0042593-P:glucose homeostasis;  GO:0007507-P:heart development;  GO:0048873-P:homeostasis of number of cells within a tissue;  GO:0042445-P:hormone metabolic process;  GO:0009755-P:hormone-mediated signaling pathway;  GO:0048839-P:inner ear development;  GO:0007229-P:integrin-mediated signaling pathway;  GO:0061582-P:intestinal epithelial cell migration;  GO:0035855-P:megakaryocyte development;  GO:0032528-P:microvillus organization;  GO:0035264-P:multicellular organism growth;  GO:0033629-P:negative regulation of cell adhesion mediated by integrin;  GO:0032331-P:negative regulation of chondrocyte differentiation;  GO:0051463-P:negative regulation of cortisol secretion;  GO:0060125-P:negative regulation of growth hormone secretion;  GO:0046676-P:negative regulation of insulin secretion;  GO:1902564-P:negative regulation of neutrophil activation;  GO:0042130-P:negative regulation of T cell proliferation;  GO:0032480-P:negative regulation of type I interferon production;  GO:0048011-P:neurotrophin TRK receptor signaling pathway;  GO:0035265-P:organ growth;  GO:0035335-P:peptidyl-tyrosine dephosphorylation;  GO:0030220-P:platelet formation;  GO:0048008-P:platelet-derived growth factor receptor signaling pathway;  GO:0046326-P:positive regulation of D-glucose import;  GO:0070374-P:positive regulation of ERK1 and ERK2 cascade;  GO:0046887-P:positive regulation of hormone secretion;  GO:0046628-P:positive regulation of insulin receptor signaling pathway;  GO:0032728-P:positive regulation of interferon-beta production;  GO:1902533-P:positive regulation of intracellular signal transduction;  GO:0031666-P:positive regulation of lipopolysaccharide-mediated signaling pathway;  GO:0045931-P:positive regulation of mitotic cell cycle;  GO:0045778-P:positive regulation of ossification;  GO:0051897-P:positive regulation of phosphatidylinositol 3-kinase/protein kinase B signal transduction;  GO:0032760-P:positive regulation of tumor necrosis factor production;  GO:0033628-P:regulation of cell adhesion mediated by integrin;  GO:0046825-P:regulation of protein export from nucleus;  GO:0043254-P:regulation of protein-containing complex assembly;  GO:0060338-P:regulation of type I interferon-mediated signaling pathway;  GO:0031295-P:T cell costimulation;  GO:0006641-P:triglyceride metabolic process;  GO:0042311-P:vasodilation;  GO:0045296-F:cadherin binding;  GO:0050839-F:cell adhesion molecule binding;  GO:0005158-F:insulin receptor binding;  GO:0060090-F:molecular adaptor activity;  GO:0004726-F:non-membrane spanning protein tyrosine phosphatase activity;  GO:0051428-F:peptide hormone receptor binding;  GO:0004721-F:phosphoprotein phosphatase activity;  GO:0001784-F:phosphotyrosine residue binding;  GO:0019901-F:protein kinase binding;  GO:1990782-F:protein tyrosine kinase binding;  GO:0004725-F:protein tyrosine phosphatase activity;  GO:0030971-F:receptor tyrosine kinase binding;  GO:0030159-F:signaling receptor complex adaptor activity;  GO:0005737-C:cytoplasm;  GO:0005829-C:cytosol;  GO:0005739-C:mitochondrion;  GO:0005654-C:nucleoplasm;  GO:0005634-C:nucleus;  GO:0032991-C:protein-containing complex,KIQNTGDyYDLYGGE,Y62,1,"Phosphotyrosine (1323, 1343, 1367, 1369, 1381, 1386, 1387, 1395, 1402, 1412, 1521, 1536, 1546, 1564, 1599, 1618, 1718, 1723, 1777, 1787, 1885, 1886, 1887, 1888)",SH2,IPR000980,,,,ENSE00000998168,binder,Training,,GDYDLY,GDYDLY,,,1
TRYSPC,A5YM69,ARHGEF35,Y182,LGSGQAEEEEETSSDNSGQTRyYSPCEEHPAETNQNEGAESGT,3.924649467549913,4.046285512503853,3.043705396895834,3.4902157305052235,3.5775477886658624,2.889204279615861,UniProtKB,A5YM69,LGSGQAEEEEETSSDNSGQTRyYSPCEEHPAETNQNEGAESGT,Updated for maximal coverage,A5YM69,ARHGEF35,ARHGEF5/35_N:1:478:IPR029212,ARHGEF5/35_N,,DNSGQTRyYSPCEEH,Y182,1,"Phosphotyrosine (1323, 1381, 1386, 1412, 1888)",ARHGEF5/35_N,IPR029212,Disordered,,,ENSE00001476332,binder,0.9923393008486402,,TRYSPC,TRYSPC,1.0,0.9923393008486402,confident binder
QKFELE,Q14160,SCRIB,Y1360,QPPTPGPAASPEQLSFRERQKyFELEVRVPQAEGPPKRVSLVG,3.280770213752915,3.771452381004699,3.321178088450878,2.877865485963943,1.9234411139504384,1.3781777188364417,UniProtKB,Q14160,QPPTPGPAASPEQLSFRERQKyFELEVRVPQAEGPPKRVSLVG,Updated for maximal coverage,Q14160,SCRIB,LRR_R13L4/SHOC2-like:192:323:IPR055414;PDZ:728:815:IPR001478;PDZ:862:950:IPR001478;PDZ:1004:1093:IPR001478;PDZ:1100:1192:IPR001478,LRR_R13L4/SHOC2-like~PDZ~PDZ~PDZ~PDZ,"GO:0090630-P:activation of GTPase activity;  GO:0060561-P:apoptotic process involved in morphogenesis;  GO:0043615-P:astrocyte cell migration;  GO:0060088-P:auditory receptor cell stereocilium organization;  GO:0016477-P:cell migration;  GO:0008283-P:cell population proliferation;  GO:0098609-P:cell-cell adhesion;  GO:0021747-P:cochlear nucleus development;  GO:0010669-P:epithelial structure maintenance;  GO:0035089-P:establishment of apical/basal cell polarity;  GO:0001768-P:establishment of T cell polarity;  GO:0045197-P:establishment or maintenance of epithelial cell apical/basal polarity;  GO:0060603-P:mammary gland duct morphogenesis;  GO:0046007-P:negative regulation of activated T cell proliferation;  GO:0045930-P:negative regulation of mitotic cell cycle;  GO:0001843-P:neural tube closure;  GO:0098887-P:neurotransmitter receptor transport, endosome to postsynaptic membrane;  GO:0030859-P:polarized epithelial cell differentiation;  GO:0050918-P:positive chemotaxis;  GO:0043065-P:positive regulation of apoptotic process;  GO:0001921-P:positive regulation of receptor recycling;  GO:0032729-P:positive regulation of type II interferon production;  GO:0036342-P:post-anal tail morphogenesis;  GO:0071896-P:protein localization to adherens junction;  GO:0043113-P:receptor clustering;  GO:0099149-P:regulation of postsynaptic neurotransmitter receptor internalization;  GO:0048488-P:synaptic vesicle endocytosis;  GO:0016080-P:synaptic vesicle targeting;  GO:0042060-P:wound healing;  GO:0045296-F:cadherin binding;  GO:0019901-F:protein kinase binding;  GO:0035591-F:signaling adaptor activity;  GO:0005912-C:adherens junction;  GO:0016323-C:basolateral plasma membrane;  GO:0030054-C:cell junction;  GO:0044291-C:cell-cell contact zone;  GO:0005911-C:cell-cell junction;  GO:0005737-C:cytoplasm;  GO:0070062-C:extracellular exosome;  GO:0099147-C:extrinsic component of postsynaptic density membrane;  GO:0098978-C:glutamatergic synapse;  GO:0001772-C:immunological synapse;  GO:0030027-C:lamellipodium;  GO:0035748-C:myelin sheath abaxonal region;  GO:0005654-C:nucleoplasm;  GO:0005886-C:plasma membrane;  GO:0014069-C:postsynaptic density;  GO:0098793-C:presynapse;  GO:0034750-C:Scrib-APC-beta-catenin complex",SFRERQKyFELEVRV,Y1360,1,"Phosphotyrosine (1381, 1386, 1412, 1564, 1777, 1888)",,,Disordered;Basic and acidic residues,,,ENSE00003629064,binder,0.8602569406234972,,QKFELE,QKFELE,1.0,0.8602569406234972,confident binder
LVQVPQ,Q96PD2,DCBLD2,Y750,QAQYDTPKAGKPGLPAPDELVyQVPQSTQEVSGAGRDGECDVF,1.691701717724986,1.2610241301571206,1.1121160496768323,1.1120064006870105,0.99437563353454,0.8093774525067994,UniProtKB,Q96PD2,QAQYDTPKAGKPGLPAPDELVyQVPQSTQEVSGAGRDGECDVF,Updated for maximal coverage,Q96PD2,DCBLD2,CUB_dom:72:187:IPR000859;LCCL:191:285:IPR004043;FA58C:291:449:IPR000421,CUB_dom~LCCL~FA58C,GO:0030522-P:intracellular receptor signaling pathway;  GO:0030308-P:negative regulation of cell growth;  GO:0042060-P:wound healing;  GO:0038023-F:signaling receptor activity;  GO:0009986-C:cell surface;  GO:0005886-C:plasma membrane,PAPDELVyQVPQSTQ,Y750,1,"Phosphotyrosine (1367, 1381, 1386, 1395, 1412, 1521, 1536, 1787, 1887, 1888)",,,Cytoplasmic,,,ENSE00001761216,binder,0.9188515386453332,,LVQVPQ,LVQVPQ,1.0,0.9188515386453331,confident binder
DGSYPS,P01130,LDLR,Y845,DNPVYQKTTEDEVHICHNQDGySYPSRQMVSLEDDVA,0.5972582779767911,0.5196685184459234,0.6618483181535731,1.1117952402858104,0.5607361544857205,0.5238814706353963,UniProtKB,P01130,DNPVYQKTTEDEVHICHNQDGySYPSRQMVSLEDDVA,Updated for maximal coverage,P01130,LDLR,EGF:314:353:IPR000742;EGF:357:393:IPR000742;EGF:666:712:IPR000742,EGF~EGF~EGF,GO:0097242-P:amyloid-beta clearance;  GO:0150094-P:amyloid-beta clearance by cellular catabolic process;  GO:0048844-P:artery morphogenesis;  GO:0071398-P:cellular response to fatty acid;  GO:0071404-P:cellular response to low-density lipoprotein particle stimulus;  GO:0042632-P:cholesterol homeostasis;  GO:0070508-P:cholesterol import;  GO:0008203-P:cholesterol metabolic process;  GO:0030301-P:cholesterol transport;  GO:0006897-P:endocytosis;  GO:0034384-P:high-density lipoprotein particle clearance;  GO:0030299-P:intestinal cholesterol absorption;  GO:0006629-P:lipid metabolic process;  GO:0042159-P:lipoprotein catabolic process;  GO:0007616-P:long-term memory;  GO:0034383-P:low-density lipoprotein particle clearance;  GO:1905907-P:negative regulation of amyloid fibril formation;  GO:0061889-P:negative regulation of astrocyte activation;  GO:0010629-P:negative regulation of gene expression;  GO:0010989-P:negative regulation of low-density lipoprotein particle clearance;  GO:1903979-P:negative regulation of microglial cell activation;  GO:0051248-P:negative regulation of protein metabolic process;  GO:0001920-P:negative regulation of receptor recycling;  GO:0006909-P:phagocytosis;  GO:0015914-P:phospholipid transport;  GO:0034381-P:plasma lipoprotein particle clearance;  GO:0010628-P:positive regulation of gene expression;  GO:0050729-P:positive regulation of inflammatory response;  GO:1905167-P:positive regulation of lysosomal protein catabolic process;  GO:0010867-P:positive regulation of triglyceride biosynthetic process;  GO:0006898-P:receptor-mediated endocytosis;  GO:0090118-P:receptor-mediated endocytosis involved in cholesterol transport;  GO:0090181-P:regulation of cholesterol metabolic process;  GO:0010899-P:regulation of phosphatidylcholine catabolic process;  GO:0051246-P:regulation of protein metabolic process;  GO:0061771-P:response to caloric restriction;  GO:0001523-P:retinoid metabolic process;  GO:0001540-F:amyloid-beta binding;  GO:0005509-F:calcium ion binding;  GO:0032050-F:clathrin heavy chain binding;  GO:0042802-F:identical protein binding;  GO:0071813-F:lipoprotein particle binding;  GO:0030169-F:low-density lipoprotein particle binding;  GO:0005041-F:low-density lipoprotein particle receptor activity;  GO:0060090-F:molecular adaptor activity;  GO:0002020-F:protease binding;  GO:0030229-F:very-low-density lipoprotein particle receptor activity;  GO:0001618-F:virus receptor activity;  GO:0045177-C:apical part of cell;  GO:0016323-C:basolateral plasma membrane;  GO:0009986-C:cell surface;  GO:0030669-C:clathrin-coated endocytic vesicle membrane;  GO:0005905-C:clathrin-coated pit;  GO:0005769-C:early endosome;  GO:0036020-C:endolysosome membrane;  GO:0010008-C:endosome membrane;  GO:0009897-C:external side of plasma membrane;  GO:0005794-C:Golgi apparatus;  GO:0043231-C:intracellular membrane-bounded organelle;  GO:0005770-C:late endosome;  GO:0034362-C:low-density lipoprotein particle;  GO:0005764-C:lysosome;  GO:0016020-C:membrane;  GO:1990666-C:PCSK9-LDLR complex;  GO:0005886-C:plasma membrane;  GO:0043235-C:receptor complex;  GO:0036477-C:somatodendritic compartment;  GO:0097443-C:sorting endosome,ICHNQDGySYPSRQM,Y845,1,"Phosphotyrosine (1323, 1367, 1381, 1386, 1387, 1395, 1412, 1521, 1546, 1599, 1682, 1787, 1888)",,,Cytoplasmic;Required for MYLIP-triggered down-regulation of LDLR,,,ENSE00003680438,binder,Training,,DGSYPS,DGSYPS,,,1
SIESVR,Q9UN19,DAPP1,Y139,ETGTLMVLKHPYPRKVEEPSIyESVRVHTAMQTGRTEDDLVPT,3.077844432250921,3.7040242173271927,3.0491762749681466,1.7437516314227302,0.6597705166899477,-0.1187001120171583,UniProtKB,Q9UN19,ETGTLMVLKHPYPRKVEEPSIyESVRVHTAMQTGRTEDDLVPT,Updated for maximal coverage,Q9UN19,DAPP1,SH2:33:129:IPR000980;PH_domain:164:261:IPR001849,SH2~PH_domain,"GO:0006470-P:protein dephosphorylation;  GO:0007165-P:signal transduction;  GO:0005547-F:phosphatidylinositol-3,4,5-trisphosphate binding;  GO:0043325-F:phosphatidylinositol-3,4-bisphosphate binding;  GO:0005543-F:phospholipid binding;  GO:0005829-C:cytosol;  GO:0005886-C:plasma membrane",KVEEPSIyESVRVHT,Y139,1,"Phosphotyrosine (1323, 1381, 1386, 1395, 1412, 1718, 1723, 1777, 1886, 1888)",,,,,,ENSE00000339472,binder,0.9370539622256284,,SIESVR,SIESVR,1.0,0.9370539622256284,confident binder
EHGTSP,O75815,BCAR3,Y266,SGAIIFQPINRTVPLRCLEEHyGTSPGQAREGSLTKGRPDVAK,-0.5938520811838766,-0.4921256165973749,-0.5743921982054017,-0.4764578427152402,-0.295705609216883,0.1267398474100128,UniProtKB,O75815,SGAIIFQPINRTVPLRCLEEHyGTSPGQAREGSLTKGRPDVAK,Updated for maximal coverage,O75815,BCAR3,SH2:152:253:IPR000980;RASGEF_cat_dom:544:819:IPR001895,SH2~RASGEF_cat_dom,GO:0086100-P:endothelin receptor signaling pathway;  GO:0007173-P:epidermal growth factor receptor signaling pathway;  GO:0008286-P:insulin receptor signaling pathway;  GO:0002089-P:lens morphogenesis in camera-type eye;  GO:0008284-P:positive regulation of cell population proliferation;  GO:0043547-P:positive regulation of GTPase activity;  GO:0043410-P:positive regulation of MAPK cascade;  GO:0009410-P:response to xenobiotic stimulus;  GO:0007165-P:signal transduction;  GO:0007264-P:small GTPase-mediated signal transduction;  GO:0005085-F:guanyl-nucleotide exchange factor activity;  GO:0019900-F:kinase binding;  GO:0001784-F:phosphotyrosine residue binding;  GO:0005737-C:cytoplasm;  GO:0005925-C:focal adhesion;  GO:0016020-C:membrane,LRCLEEHyGTSPGQA,Y266,1,"Phosphotyrosine (1367, 1381, 1386, 1387, 1395, 1412, 1521, 1599, 1787, 1888)",,,,,,ENSE00000777074,nonbinder,0.0128165983156854,,EHGTSP,EHGTSP,0.0,0.012816598315685407,confident nonbinder
NETARQ,P07947,YES1,Y426,GENLVCKIADFGLARLIEDNEyTARQGAKFPIKWTAPEAALYG,0.0167879236601543,0.1927202724553683,-0.0443661395469464,0.064098099137999,0.0134376146005012,0.1787227292661682,UniProtKB,P07947,GENLVCKIADFGLARLIEDNEyTARQGAKFPIKWTAPEAALYG,Updated for maximal coverage,P07947,YES1,SH3_domain:91:152:IPR001452;SH2:156:255:IPR000980;Prot_kinase_dom:277:530:IPR000719,SH3_domain~SH2~Prot_kinase_dom,GO:0030154-P:cell differentiation;  GO:0007169-P:cell surface receptor protein tyrosine kinase signaling pathway;  GO:0036120-P:cellular response to platelet-derived growth factor stimulus;  GO:0071300-P:cellular response to retinoic acid;  GO:0071560-P:cellular response to transforming growth factor beta stimulus;  GO:0048013-P:ephrin receptor signaling pathway;  GO:0038096-P:Fc-gamma receptor signaling pathway involved in phagocytosis;  GO:0050900-P:leukocyte migration;  GO:0002862-P:negative regulation of inflammatory response to antigenic stimulus;  GO:0045944-P:positive regulation of transcription by RNA polymerase II;  GO:0036211-P:protein modification process;  GO:0010827-P:regulation of D-glucose transmembrane transport;  GO:0043114-P:regulation of vascular permeability;  GO:0031295-P:T cell costimulation;  GO:0005524-F:ATP binding;  GO:0019899-F:enzyme binding;  GO:0004715-F:non-membrane spanning protein tyrosine kinase activity;  GO:0001784-F:phosphotyrosine residue binding;  GO:0004713-F:protein tyrosine kinase activity;  GO:0005102-F:signaling receptor binding;  GO:0044325-F:transmembrane transporter binding;  GO:0005884-C:actin filament;  GO:0005813-C:centrosome;  GO:0005829-C:cytosol;  GO:0070062-C:extracellular exosome;  GO:0005925-C:focal adhesion;  GO:0005794-C:Golgi apparatus;  GO:0005886-C:plasma membrane,RLIEDNEyTARQGAK,Y426,1,"Phosphotyrosine (1323, 1381, 1386, 1395, 1412, 1536, 1599, 1723, 1886, 1888)",Prot_kinase_dom,IPR000719,,,HIGH,ENSE00001214236,nonbinder,0.1151792122577135,,NETARQ,NETARQ,0.0,0.11517921225771359,confident nonbinder
PHEKVS,P52799,EFNB2,Y304,GSEPSDIIIPLRTADSVFCPHyEKVSGDYGHPVYIVQEMPPQS,0.2860739790812799,0.3538028624972935,0.1560129410359441,0.2335567549641355,0.347373448673333,0.2261824129316579,UniProtKB,P52799,GSEPSDIIIPLRTADSVFCPHyEKVSGDYGHPVYIVQEMPPQS,Updated for maximal coverage,P52799,EFNB2,Ephrin_RBD:28:164:IPR001799,Ephrin_RBD,GO:0034332-P:adherens junction organization;  GO:0009653-P:anatomical structure morphogenesis;  GO:0009887-P:animal organ morphogenesis;  GO:0007411-P:axon guidance;  GO:0048514-P:blood vessel morphogenesis;  GO:0007155-P:cell adhesion;  GO:0002042-P:cell migration involved in sprouting angiogenesis;  GO:0007267-P:cell-cell signaling;  GO:0071222-P:cellular response to lipopolysaccharide;  GO:0048013-P:ephrin receptor signaling pathway;  GO:0043616-P:keratinocyte proliferation;  GO:0001945-P:lymph vessel development;  GO:0010839-P:negative regulation of keratinocyte proliferation;  GO:0010977-P:negative regulation of neuron projection development;  GO:0072178-P:nephric duct morphogenesis;  GO:1903849-P:positive regulation of aorta morphogenesis;  GO:2000727-P:positive regulation of cardiac muscle cell differentiation;  GO:0008284-P:positive regulation of cell population proliferation;  GO:0099054-P:presynapse assembly;  GO:0050920-P:regulation of chemotaxis;  GO:0099072-P:regulation of postsynaptic membrane neurotransmitter receptor levels;  GO:0099149-P:regulation of postsynaptic neurotransmitter receptor internalization;  GO:0031295-P:T cell costimulation;  GO:0048845-P:venous blood vessel morphogenesis;  GO:0046875-F:ephrin receptor binding;  GO:0001618-F:virus receptor activity;  GO:0005912-C:adherens junction;  GO:0030425-C:dendrite;  GO:0005925-C:focal adhesion;  GO:0098978-C:glutamatergic synapse;  GO:0005886-C:plasma membrane;  GO:0098839-C:postsynaptic density membrane;  GO:0042734-C:presynaptic membrane;  GO:0098685-C:Schaffer collateral - CA1 synapse,DSVFCPHyEKVSGDY,Y304,1,"Phosphotyrosine (1323, 1367, 1381, 1386, 1387, 1395, 1402, 1412, 1521, 1536, 1546, 1599, 1777, 1787, 1888)",,,Cytoplasmic,,,ENSE00003815177,binder,0.8501193550847232,,PHEKVS,PHEKVS,1.0,0.8501193550847232,confident binder
NVYELN,Q5T5P2,KIAA1217,Y244,TMKMLESPSVAIYIKDESRNVyYELNDVRNIQDRSLLKVYNKD,0.0737475235108614,0.2774423806780275,0.3899576619345389,0.6289401279270654,0.5846247021019735,0.5293878637907411,UniProtKB,Q5T5P2,TMKMLESPSVAIYIKDESRNVyYELNDVRNIQDRSLLKVYNKD,Updated for maximal coverage,Q5T5P2,KIAA1217,AIP3-like_C:188:268:IPR022782,AIP3-like_C,GO:0048706-P:embryonic skeletal system development;  GO:0005813-C:centrosome;  GO:0005737-C:cytoplasm,KDESRNVyYELNDVR,Y244,1,"Phosphotyrosine (1323, 1367, 1381, 1386, 1395, 1412, 1546, 1718, 1723, 1777, 1886, 1887, 1888)",AIP3-like_C,IPR022782,,,,ENSE00001737093,binder,0.965272376202818,,NVYELN,NVYELN,1.0,0.965272376202818,confident binder
GFADPY,Q5T5P2,KIAA1217,Y393,DVKPDEDMSGKNIAMYRNEGFyADPYLYHEGRMSIASSHGGHP,0.1637371180066577,0.3726149466938864,0.1832774289986982,0.3744736745393357,0.4481140774664773,0.3066390317040846,UniProtKB,Q5T5P2,DVKPDEDMSGKNIAMYRNEGFyADPYLYHEGRMSIASSHGGHP,Updated for maximal coverage,Q5T5P2,KIAA1217,AIP3-like_C:188:268:IPR022782,AIP3-like_C,GO:0048706-P:embryonic skeletal system development;  GO:0005813-C:centrosome;  GO:0005737-C:cytoplasm,MYRNEGFyADPYLYH,Y393,1,"Phosphotyrosine (1323, 1367, 1381, 1386, 1387, 1395, 1402, 1412, 1536, 1546, 1599, 1718, 1723, 1777, 1886, 1887, 1888)",,,,,,ENSE00003758710,binder,0.9237956294267254,,GFADPY,GFADPY,1.0,0.9237956294267254,confident binder
DIERMV,Q99569,PKP4,Y372,GPSLQRTVHDMEQFGQQQYDIyERMVPPRPDSLTGLRSSYASQ,0.4950001318576164,0.4925970187639823,0.6918954609935952,0.8748546641788213,0.7955609437592918,0.7622573087177357,UniProtKB,Q99569,GPSLQRTVHDMEQFGQQQYDIyERMVPPRPDSLTGLRSSYASQ,Updated for maximal coverage,Q99569,PKP4,,,GO:0098609-P:cell-cell adhesion;  GO:0007043-P:cell-cell junction assembly;  GO:0007267-P:cell-cell signaling;  GO:0032467-P:positive regulation of cytokinesis;  GO:0030155-P:regulation of cell adhesion;  GO:0035023-P:regulation of Rho protein signal transduction;  GO:0045296-F:cadherin binding;  GO:0005912-C:adherens junction;  GO:0030054-C:cell junction;  GO:0005911-C:cell-cell junction;  GO:0001533-C:cornified envelope;  GO:0005737-C:cytoplasm;  GO:0009898-C:cytoplasmic side of plasma membrane;  GO:0005856-C:cytoskeleton;  GO:0030057-C:desmosome;  GO:0030496-C:midbody;  GO:0072686-C:mitotic spindle;  GO:0005634-C:nucleus;  GO:0048471-C:perinuclear region of cytoplasm;  GO:0005886-C:plasma membrane;  GO:0014069-C:postsynaptic density;  GO:0051233-C:spindle midzone;  GO:0000922-C:spindle pole,GQQQYDIyERMVPPR,Y372,1,"Phosphotyrosine (1367, 1381, 1386, 1395, 1412, 1521, 1546, 1787, 1885, 1886, 1887, 1888)",,,,,,ENSE00003653833,binder,0.972655555575019,,DIERMV,DIERMV,1.0,0.972655555575019,confident binder
TNVDFY,Q99569,PKP4,Y1168,RVHFPASTDYSTQYGLKSTTNyVDFYSTKRPSYRAEQYPGSPD,0.3290890615893149,0.6113852735307488,0.5192861092932096,0.5531213763656798,0.5559511986728332,0.6612942939122546,UniProtKB,Q99569,RVHFPASTDYSTQYGLKSTTNyVDFYSTKRPSYRAEQYPGSPD,Updated for maximal coverage,Q99569,PKP4,,,GO:0098609-P:cell-cell adhesion;  GO:0007043-P:cell-cell junction assembly;  GO:0007267-P:cell-cell signaling;  GO:0032467-P:positive regulation of cytokinesis;  GO:0030155-P:regulation of cell adhesion;  GO:0035023-P:regulation of Rho protein signal transduction;  GO:0045296-F:cadherin binding;  GO:0005912-C:adherens junction;  GO:0030054-C:cell junction;  GO:0005911-C:cell-cell junction;  GO:0001533-C:cornified envelope;  GO:0005737-C:cytoplasm;  GO:0009898-C:cytoplasmic side of plasma membrane;  GO:0005856-C:cytoskeleton;  GO:0030057-C:desmosome;  GO:0030496-C:midbody;  GO:0072686-C:mitotic spindle;  GO:0005634-C:nucleus;  GO:0048471-C:perinuclear region of cytoplasm;  GO:0005886-C:plasma membrane;  GO:0014069-C:postsynaptic density;  GO:0051233-C:spindle midzone;  GO:0000922-C:spindle pole,GLKSTTNyVDFYSTK,Y1168,1,"Phosphotyrosine (1367, 1381, 1386, 1395, 1412, 1521, 1546, 1718, 1723, 1787, 1887, 1888)",,,,,,ENSE00001782645,binder,0.7829836100892923,,TNVDFY,TNVDFY,1.0,0.7829836100892923,confident binder
PIIITE,P07948,LYN,Y316,KTLQHDKLVRLYAVVTREEPIyIITEYMAKGSLLDFLKSDEGG,0.3834189986355069,0.4480718579248609,0.4030763038337054,0.4765675240204962,0.4890311652534632,0.391124701316899,UniProtKB,P07948,KTLQHDKLVRLYAVVTREEPIyIITEYMAKGSLLDFLKSDEGG,Updated for maximal coverage,P07948,LYN,SH3_domain:63:123:IPR001452;SH2:127:226:IPR000980;Prot_kinase_dom:247:501:IPR000719,SH3_domain~SH2~Prot_kinase_dom,"GO:0002250-P:adaptive immune response;  GO:0006914-P:autophagy;  GO:0001782-P:B cell homeostasis;  GO:0050853-P:B cell receptor signaling pathway;  GO:0038159-P:C-X-C chemokine receptor CXCR4 signaling pathway;  GO:0000902-P:cell morphogenesis;  GO:0007169-P:cell surface receptor protein tyrosine kinase signaling pathway;  GO:0034605-P:cellular response to heat;  GO:0071300-P:cellular response to retinoic acid;  GO:0097028-P:dendritic cell differentiation;  GO:0000077-P:DNA damage checkpoint signaling;  GO:0006974-P:DNA damage response;  GO:0030222-P:eosinophil differentiation;  GO:0048013-P:ephrin receptor signaling pathway;  GO:0030218-P:erythrocyte differentiation;  GO:0015908-P:fatty acid transport;  GO:0002774-P:Fc receptor mediated inhibitory signaling pathway;  GO:0002431-P:Fc receptor mediated stimulatory signaling pathway;  GO:0038095-P:Fc-epsilon receptor signaling pathway;  GO:0038096-P:Fc-gamma receptor signaling pathway involved in phagocytosis;  GO:0060397-P:growth hormone receptor signaling pathway via JAK-STAT;  GO:0002244-P:hematopoietic progenitor cell differentiation;  GO:0002553-P:histamine secretion by mast cell;  GO:0002768-P:immune response-regulating cell surface receptor signaling pathway;  GO:0045087-P:innate immune response;  GO:0038043-P:interleukin-5-mediated signaling pathway;  GO:0050900-P:leukocyte migration;  GO:0031663-P:lipopolysaccharide-mediated signaling pathway;  GO:0030889-P:negative regulation of B cell proliferation;  GO:0008285-P:negative regulation of cell population proliferation;  GO:0070373-P:negative regulation of ERK1 and ERK2 cascade;  GO:0050777-P:negative regulation of immune response;  GO:0002862-P:negative regulation of inflammatory response to antigenic stimulus;  GO:1902532-P:negative regulation of intracellular signal transduction;  GO:0043407-P:negative regulation of MAP kinase activity;  GO:0070667-P:negative regulation of mast cell proliferation;  GO:0002762-P:negative regulation of myeloid leukocyte differentiation;  GO:0001933-P:negative regulation of protein phosphorylation;  GO:0034136-P:negative regulation of toll-like receptor 2 signaling pathway;  GO:0034144-P:negative regulation of toll-like receptor 4 signaling pathway;  GO:0150076-P:neuroinflammatory response;  GO:0031175-P:neuron projection development;  GO:0014003-P:oligodendrocyte development;  GO:0018108-P:peptidyl-tyrosine phosphorylation;  GO:0002576-P:platelet degranulation;  GO:1902993-P:positive regulation of amyloid precursor protein catabolic process;  GO:0030335-P:positive regulation of cell migration;  GO:0008284-P:positive regulation of cell population proliferation;  GO:2000670-P:positive regulation of dendritic cell apoptotic process;  GO:0060369-P:positive regulation of Fc receptor mediated stimulatory signaling pathway;  GO:0060252-P:positive regulation of glial cell proliferation;  GO:0043410-P:positive regulation of MAPK cascade;  GO:0070668-P:positive regulation of mast cell proliferation;  GO:0010976-P:positive regulation of neuron projection development;  GO:0070447-P:positive regulation of oligodendrocyte progenitor proliferation;  GO:0042327-P:positive regulation of phosphorylation;  GO:0046777-P:protein autophosphorylation;  GO:0006468-P:protein phosphorylation;  GO:0002902-P:regulation of B cell apoptotic process;  GO:0050855-P:regulation of B cell receptor signaling pathway;  GO:0033628-P:regulation of cell adhesion mediated by integrin;  GO:0001817-P:regulation of cytokine production;  GO:0070372-P:regulation of ERK1 and ERK2 cascade;  GO:0045646-P:regulation of erythrocyte differentiation;  GO:0033003-P:regulation of mast cell activation;  GO:0043304-P:regulation of mast cell degranulation;  GO:0090025-P:regulation of monocyte chemotaxis;  GO:0090330-P:regulation of platelet aggregation;  GO:0001932-P:regulation of protein phosphorylation;  GO:0051279-P:regulation of release of sequestered calcium ion into cytosol;  GO:0043200-P:response to amino acid;  GO:0048678-P:response to axon injury;  GO:0009743-P:response to carbohydrate;  GO:0009725-P:response to hormone;  GO:0032868-P:response to insulin;  GO:0006991-P:response to sterol depletion;  GO:0009636-P:response to toxic substance;  GO:0009410-P:response to xenobiotic stimulus;  GO:0007165-P:signal transduction;  GO:0002223-P:stimulatory C-type lectin receptor signaling pathway;  GO:0031295-P:T cell costimulation;  GO:0002513-P:tolerance induction to self antigen;  GO:0034142-P:toll-like receptor 4 signaling pathway;  GO:0005524-F:ATP binding;  GO:0019899-F:enzyme binding;  GO:0046875-F:ephrin receptor binding;  GO:0043015-F:gamma-tubulin binding;  GO:0043208-F:glycosphingolipid binding;  GO:0005178-F:integrin binding;  GO:0016301-F:kinase activity;  GO:0004715-F:non-membrane spanning protein tyrosine kinase activity;  GO:0141038-F:phosphatidylinositol 3-kinase activator activity;  GO:0051219-F:phosphoprotein binding;  GO:0140031-F:phosphorylation-dependent protein binding;  GO:0005161-F:platelet-derived growth factor receptor binding;  GO:0004713-F:protein tyrosine kinase activity;  GO:0097110-F:scaffold protein binding;  GO:0017124-F:SH3 domain binding;  GO:0030546-F:signaling receptor activator activity;  GO:0005102-F:signaling receptor binding;  GO:0044325-F:transmembrane transporter binding;  GO:0031625-F:ubiquitin protein ligase binding;  GO:0005912-C:adherens junction;  GO:0005737-C:cytoplasm;  GO:0009898-C:cytoplasmic side of plasma membrane;  GO:0005829-C:cytosol;  GO:0030666-C:endocytic vesicle membrane;  GO:0070062-C:extracellular exosome;  GO:0098978-C:glutamatergic synapse;  GO:0005794-C:Golgi apparatus;  GO:0034666-C:integrin alpha2-beta1 complex;  GO:0043231-C:intracellular membrane-bounded organelle;  GO:0005765-C:lysosomal membrane;  GO:0045121-C:membrane raft;  GO:0030061-C:mitochondrial crista;  GO:0005634-C:nucleus;  GO:0048471-C:perinuclear region of cytoplasm;  GO:0005886-C:plasma membrane;  GO:0099091-C:postsynaptic specialization, intracellular component",VTREEPIyIITEYMA,Y316,1,"Phosphotyrosine (1367, 1381, 1386, 1395, 1412, 1521, 1546, 1787, 1886, 1888)",Prot_kinase_dom,IPR000719,,STRAND,,ENSE00003544022,binder,0.66013770715088,,PIIITE,PIIITE,1.0,0.66013770715088,confident binder
QRSSDP,P00533,EGFR,Y1069,ACIDRNGLQSCPIKEDSFLQRySSDPTGALTEDSIDDTFLPVP,3.8691180758974575,3.964186104991064,3.889612166215755,3.452588666723781,2.725843336139279,2.1576057188673494,UniProtKB,P00533,ACIDRNGLQSCPIKEDSFLQRySSDPTGALTEDSIDDTFLPVP,Updated for maximal coverage,P00533,EGFR,Rcpt_L-dom:57:167:IPR000494;Furin-like_Cys-rich_dom:185:338:IPR006211;Rcpt_L-dom:361:480:IPR000494;GF_recep_IV:505:637:IPR032778;TM_ErbB1:646:681:IPR049328;Prot_kinase_dom:712:979:IPR000719,Rcpt_L-dom~Furin-like_Cys-rich_dom~Rcpt_L-dom~GF_recep_IV~TM_ErbB1~Prot_kinase_dom,"GO:0000902-P:cell morphogenesis;  GO:0007166-P:cell surface receptor signaling pathway;  GO:0098609-P:cell-cell adhesion;  GO:0071230-P:cellular response to amino acid stimulus;  GO:0071364-P:cellular response to epidermal growth factor stimulus;  GO:0071392-P:cellular response to estradiol stimulus;  GO:0021795-P:cerebral cortex cell migration;  GO:0048546-P:digestive tract morphogenesis;  GO:0001892-P:embryonic placenta development;  GO:0007173-P:epidermal growth factor receptor signaling pathway;  GO:0050673-P:epithelial cell proliferation;  GO:0038134-P:ERBB2-EGFR signaling pathway;  GO:0061029-P:eyelid development in camera-type eye;  GO:0001942-P:hair follicle development;  GO:0007611-P:learning or memory;  GO:0060571-P:morphogenesis of an epithelial fold;  GO:0043066-P:negative regulation of apoptotic process;  GO:1905208-P:negative regulation of cardiocyte differentiation;  GO:0042059-P:negative regulation of epidermal growth factor receptor signaling pathway;  GO:0042177-P:negative regulation of protein catabolic process;  GO:0030182-P:neuron differentiation;  GO:0001503-P:ossification;  GO:0043491-P:phosphatidylinositol 3-kinase/protein kinase B signal transduction;  GO:0090263-P:positive regulation of canonical Wnt signaling pathway;  GO:0030307-P:positive regulation of cell growth;  GO:0030335-P:positive regulation of cell migration;  GO:0008284-P:positive regulation of cell population proliferation;  GO:0045739-P:positive regulation of DNA repair;  GO:0045740-P:positive regulation of DNA replication;  GO:0050679-P:positive regulation of epithelial cell proliferation;  GO:0070374-P:positive regulation of ERK1 and ERK2 cascade;  GO:0048146-P:positive regulation of fibroblast proliferation;  GO:1900087-P:positive regulation of G1/S transition of mitotic cell cycle;  GO:0043410-P:positive regulation of MAPK cascade;  GO:1902895-P:positive regulation of miRNA transcription;  GO:0033138-P:positive regulation of peptidyl-serine phosphorylation;  GO:0051897-P:positive regulation of phosphatidylinositol 3-kinase/protein kinase B signal transduction;  GO:0042327-P:positive regulation of phosphorylation;  GO:0090037-P:positive regulation of protein kinase C signaling;  GO:1903078-P:positive regulation of protein localization to plasma membrane;  GO:0001934-P:positive regulation of protein phosphorylation;  GO:0045944-P:positive regulation of transcription by RNA polymerase II;  GO:0051205-P:protein insertion into membrane;  GO:0050730-P:regulation of peptidyl-tyrosine phosphorylation;  GO:0070141-P:response to UV-A;  GO:0007435-P:salivary gland morphogenesis;  GO:0007165-P:signal transduction;  GO:0051015-F:actin filament binding;  GO:0005524-F:ATP binding;  GO:0051117-F:ATPase binding;  GO:0045296-F:cadherin binding;  GO:0003682-F:chromatin binding;  GO:0003690-F:double-stranded DNA binding;  GO:0019899-F:enzyme binding;  GO:0048408-F:epidermal growth factor binding;  GO:0005006-F:epidermal growth factor receptor activity;  GO:0042802-F:identical protein binding;  GO:0019900-F:kinase binding;  GO:0004709-F:MAP kinase kinase kinase activity;  GO:0019903-F:protein phosphatase binding;  GO:0030296-F:protein tyrosine kinase activator activity;  GO:0004713-F:protein tyrosine kinase activity;  GO:0004714-F:transmembrane receptor protein tyrosine kinase activity;  GO:0004888-F:transmembrane signaling receptor activity;  GO:0031625-F:ubiquitin protein ligase binding;  GO:0001618-F:virus receptor activity;  GO:0009925-C:basal plasma membrane;  GO:0016323-C:basolateral plasma membrane;  GO:0030054-C:cell junction;  GO:0009986-C:cell surface;  GO:0036064-C:ciliary basal body;  GO:0005929-C:cilium;  GO:0030669-C:clathrin-coated endocytic vesicle membrane;  GO:0005737-C:cytoplasm;  GO:0005829-C:cytosol;  GO:0031901-C:early endosome membrane;  GO:0005789-C:endoplasmic reticulum membrane;  GO:0005768-C:endosome;  GO:0010008-C:endosome membrane;  GO:0005615-C:extracellular space;  GO:0005925-C:focal adhesion;  GO:0005794-C:Golgi apparatus;  GO:0000139-C:Golgi membrane;  GO:0097708-C:intracellular vesicle;  GO:0016020-C:membrane;  GO:0045121-C:membrane raft;  GO:0097489-C:multivesicular body, internal vesicle lumen;  GO:0031965-C:nuclear membrane;  GO:0005634-C:nucleus;  GO:0048471-C:perinuclear region of cytoplasm;  GO:0005886-C:plasma membrane;  GO:0032991-C:protein-containing complex;  GO:0043235-C:receptor complex;  GO:0032587-C:ruffle membrane;  GO:0070435-C:Shc-EGFR complex",EDSFLQRySSDPTGA,Y1069,1,"Phosphotyrosine (1323, 1367, 1381, 1386, 1395, 1402, 1412, 1521, 1536, 1777, 1787, 1886, 1887, 1888)",,,Cytoplasmic,STRAND,,ENSE00001795780,nonbinder,0.0097768426376754,,QRSSDP,QRSSDP,0.0,0.00977684263767542,confident nonbinder
NFRALM,P00533,EGFR,S991; Y998,RYLVIQGDERMHLPSPTDSNFyRALMDEEDMDDVVDADEYLIP,3.0544071701318005,3.730454774832801,4.364453241755271,4.544053462474401,4.630226167395994,4.611967629684253,UniProtKB,P00533,RYLVIQGDERMHLPSPTDSNFyRALMDEEDMDDVVDADEYLIP,Updated for maximal coverage,P00533,EGFR,Rcpt_L-dom:57:167:IPR000494;Furin-like_Cys-rich_dom:185:338:IPR006211;Rcpt_L-dom:361:480:IPR000494;GF_recep_IV:505:637:IPR032778;TM_ErbB1:646:681:IPR049328;Prot_kinase_dom:712:979:IPR000719,Rcpt_L-dom~Furin-like_Cys-rich_dom~Rcpt_L-dom~GF_recep_IV~TM_ErbB1~Prot_kinase_dom,"GO:0000902-P:cell morphogenesis;  GO:0007166-P:cell surface receptor signaling pathway;  GO:0098609-P:cell-cell adhesion;  GO:0071230-P:cellular response to amino acid stimulus;  GO:0071364-P:cellular response to epidermal growth factor stimulus;  GO:0071392-P:cellular response to estradiol stimulus;  GO:0021795-P:cerebral cortex cell migration;  GO:0048546-P:digestive tract morphogenesis;  GO:0001892-P:embryonic placenta development;  GO:0007173-P:epidermal growth factor receptor signaling pathway;  GO:0050673-P:epithelial cell proliferation;  GO:0038134-P:ERBB2-EGFR signaling pathway;  GO:0061029-P:eyelid development in camera-type eye;  GO:0001942-P:hair follicle development;  GO:0007611-P:learning or memory;  GO:0060571-P:morphogenesis of an epithelial fold;  GO:0043066-P:negative regulation of apoptotic process;  GO:1905208-P:negative regulation of cardiocyte differentiation;  GO:0042059-P:negative regulation of epidermal growth factor receptor signaling pathway;  GO:0042177-P:negative regulation of protein catabolic process;  GO:0030182-P:neuron differentiation;  GO:0001503-P:ossification;  GO:0043491-P:phosphatidylinositol 3-kinase/protein kinase B signal transduction;  GO:0090263-P:positive regulation of canonical Wnt signaling pathway;  GO:0030307-P:positive regulation of cell growth;  GO:0030335-P:positive regulation of cell migration;  GO:0008284-P:positive regulation of cell population proliferation;  GO:0045739-P:positive regulation of DNA repair;  GO:0045740-P:positive regulation of DNA replication;  GO:0050679-P:positive regulation of epithelial cell proliferation;  GO:0070374-P:positive regulation of ERK1 and ERK2 cascade;  GO:0048146-P:positive regulation of fibroblast proliferation;  GO:1900087-P:positive regulation of G1/S transition of mitotic cell cycle;  GO:0043410-P:positive regulation of MAPK cascade;  GO:1902895-P:positive regulation of miRNA transcription;  GO:0033138-P:positive regulation of peptidyl-serine phosphorylation;  GO:0051897-P:positive regulation of phosphatidylinositol 3-kinase/protein kinase B signal transduction;  GO:0042327-P:positive regulation of phosphorylation;  GO:0090037-P:positive regulation of protein kinase C signaling;  GO:1903078-P:positive regulation of protein localization to plasma membrane;  GO:0001934-P:positive regulation of protein phosphorylation;  GO:0045944-P:positive regulation of transcription by RNA polymerase II;  GO:0051205-P:protein insertion into membrane;  GO:0050730-P:regulation of peptidyl-tyrosine phosphorylation;  GO:0070141-P:response to UV-A;  GO:0007435-P:salivary gland morphogenesis;  GO:0007165-P:signal transduction;  GO:0051015-F:actin filament binding;  GO:0005524-F:ATP binding;  GO:0051117-F:ATPase binding;  GO:0045296-F:cadherin binding;  GO:0003682-F:chromatin binding;  GO:0003690-F:double-stranded DNA binding;  GO:0019899-F:enzyme binding;  GO:0048408-F:epidermal growth factor binding;  GO:0005006-F:epidermal growth factor receptor activity;  GO:0042802-F:identical protein binding;  GO:0019900-F:kinase binding;  GO:0004709-F:MAP kinase kinase kinase activity;  GO:0019903-F:protein phosphatase binding;  GO:0030296-F:protein tyrosine kinase activator activity;  GO:0004713-F:protein tyrosine kinase activity;  GO:0004714-F:transmembrane receptor protein tyrosine kinase activity;  GO:0004888-F:transmembrane signaling receptor activity;  GO:0031625-F:ubiquitin protein ligase binding;  GO:0001618-F:virus receptor activity;  GO:0009925-C:basal plasma membrane;  GO:0016323-C:basolateral plasma membrane;  GO:0030054-C:cell junction;  GO:0009986-C:cell surface;  GO:0036064-C:ciliary basal body;  GO:0005929-C:cilium;  GO:0030669-C:clathrin-coated endocytic vesicle membrane;  GO:0005737-C:cytoplasm;  GO:0005829-C:cytosol;  GO:0031901-C:early endosome membrane;  GO:0005789-C:endoplasmic reticulum membrane;  GO:0005768-C:endosome;  GO:0010008-C:endosome membrane;  GO:0005615-C:extracellular space;  GO:0005925-C:focal adhesion;  GO:0005794-C:Golgi apparatus;  GO:0000139-C:Golgi membrane;  GO:0097708-C:intracellular vesicle;  GO:0016020-C:membrane;  GO:0045121-C:membrane raft;  GO:0097489-C:multivesicular body, internal vesicle lumen;  GO:0031965-C:nuclear membrane;  GO:0005634-C:nucleus;  GO:0048471-C:perinuclear region of cytoplasm;  GO:0005886-C:plasma membrane;  GO:0032991-C:protein-containing complex;  GO:0043235-C:receptor complex;  GO:0032587-C:ruffle membrane;  GO:0070435-C:Shc-EGFR complex",SPTDSNFyRALMDEE,Y998,1,"Phosphotyrosine (1323, 1367, 1381, 1386, 1395, 1412, 1521, 1777, 1787, 1886, 1887, 1888)",,,Cytoplasmic,TURN,,ENSE00001801208,nonbinder,0.1411521445059957,,NFRALM,NFRALM,0.0,0.1411521445059957,confident nonbinder
AELRVA,P00533,EGFR,Y1197,FFPKEAKPNGIFKGSTAENAEyLRVAPQSSEFIGA,3.506304355298565,3.8122690029301824,3.693643489385937,3.846436963168955,3.351122525660179,2.969213197447822,UniProtKB,P00533,FFPKEAKPNGIFKGSTAENAEyLRVAPQSSEFIGA,Updated for maximal coverage,P00533,EGFR,Rcpt_L-dom:57:167:IPR000494;Furin-like_Cys-rich_dom:185:338:IPR006211;Rcpt_L-dom:361:480:IPR000494;GF_recep_IV:505:637:IPR032778;TM_ErbB1:646:681:IPR049328;Prot_kinase_dom:712:979:IPR000719,Rcpt_L-dom~Furin-like_Cys-rich_dom~Rcpt_L-dom~GF_recep_IV~TM_ErbB1~Prot_kinase_dom,"GO:0000902-P:cell morphogenesis;  GO:0007166-P:cell surface receptor signaling pathway;  GO:0098609-P:cell-cell adhesion;  GO:0071230-P:cellular response to amino acid stimulus;  GO:0071364-P:cellular response to epidermal growth factor stimulus;  GO:0071392-P:cellular response to estradiol stimulus;  GO:0021795-P:cerebral cortex cell migration;  GO:0048546-P:digestive tract morphogenesis;  GO:0001892-P:embryonic placenta development;  GO:0007173-P:epidermal growth factor receptor signaling pathway;  GO:0050673-P:epithelial cell proliferation;  GO:0038134-P:ERBB2-EGFR signaling pathway;  GO:0061029-P:eyelid development in camera-type eye;  GO:0001942-P:hair follicle development;  GO:0007611-P:learning or memory;  GO:0060571-P:morphogenesis of an epithelial fold;  GO:0043066-P:negative regulation of apoptotic process;  GO:1905208-P:negative regulation of cardiocyte differentiation;  GO:0042059-P:negative regulation of epidermal growth factor receptor signaling pathway;  GO:0042177-P:negative regulation of protein catabolic process;  GO:0030182-P:neuron differentiation;  GO:0001503-P:ossification;  GO:0043491-P:phosphatidylinositol 3-kinase/protein kinase B signal transduction;  GO:0090263-P:positive regulation of canonical Wnt signaling pathway;  GO:0030307-P:positive regulation of cell growth;  GO:0030335-P:positive regulation of cell migration;  GO:0008284-P:positive regulation of cell population proliferation;  GO:0045739-P:positive regulation of DNA repair;  GO:0045740-P:positive regulation of DNA replication;  GO:0050679-P:positive regulation of epithelial cell proliferation;  GO:0070374-P:positive regulation of ERK1 and ERK2 cascade;  GO:0048146-P:positive regulation of fibroblast proliferation;  GO:1900087-P:positive regulation of G1/S transition of mitotic cell cycle;  GO:0043410-P:positive regulation of MAPK cascade;  GO:1902895-P:positive regulation of miRNA transcription;  GO:0033138-P:positive regulation of peptidyl-serine phosphorylation;  GO:0051897-P:positive regulation of phosphatidylinositol 3-kinase/protein kinase B signal transduction;  GO:0042327-P:positive regulation of phosphorylation;  GO:0090037-P:positive regulation of protein kinase C signaling;  GO:1903078-P:positive regulation of protein localization to plasma membrane;  GO:0001934-P:positive regulation of protein phosphorylation;  GO:0045944-P:positive regulation of transcription by RNA polymerase II;  GO:0051205-P:protein insertion into membrane;  GO:0050730-P:regulation of peptidyl-tyrosine phosphorylation;  GO:0070141-P:response to UV-A;  GO:0007435-P:salivary gland morphogenesis;  GO:0007165-P:signal transduction;  GO:0051015-F:actin filament binding;  GO:0005524-F:ATP binding;  GO:0051117-F:ATPase binding;  GO:0045296-F:cadherin binding;  GO:0003682-F:chromatin binding;  GO:0003690-F:double-stranded DNA binding;  GO:0019899-F:enzyme binding;  GO:0048408-F:epidermal growth factor binding;  GO:0005006-F:epidermal growth factor receptor activity;  GO:0042802-F:identical protein binding;  GO:0019900-F:kinase binding;  GO:0004709-F:MAP kinase kinase kinase activity;  GO:0019903-F:protein phosphatase binding;  GO:0030296-F:protein tyrosine kinase activator activity;  GO:0004713-F:protein tyrosine kinase activity;  GO:0004714-F:transmembrane receptor protein tyrosine kinase activity;  GO:0004888-F:transmembrane signaling receptor activity;  GO:0031625-F:ubiquitin protein ligase binding;  GO:0001618-F:virus receptor activity;  GO:0009925-C:basal plasma membrane;  GO:0016323-C:basolateral plasma membrane;  GO:0030054-C:cell junction;  GO:0009986-C:cell surface;  GO:0036064-C:ciliary basal body;  GO:0005929-C:cilium;  GO:0030669-C:clathrin-coated endocytic vesicle membrane;  GO:0005737-C:cytoplasm;  GO:0005829-C:cytosol;  GO:0031901-C:early endosome membrane;  GO:0005789-C:endoplasmic reticulum membrane;  GO:0005768-C:endosome;  GO:0010008-C:endosome membrane;  GO:0005615-C:extracellular space;  GO:0005925-C:focal adhesion;  GO:0005794-C:Golgi apparatus;  GO:0000139-C:Golgi membrane;  GO:0097708-C:intracellular vesicle;  GO:0016020-C:membrane;  GO:0045121-C:membrane raft;  GO:0097489-C:multivesicular body, internal vesicle lumen;  GO:0031965-C:nuclear membrane;  GO:0005634-C:nucleus;  GO:0048471-C:perinuclear region of cytoplasm;  GO:0005886-C:plasma membrane;  GO:0032991-C:protein-containing complex;  GO:0043235-C:receptor complex;  GO:0032587-C:ruffle membrane;  GO:0070435-C:Shc-EGFR complex",STAENAEyLRVAPQS,Y1197,1,"Phosphotyrosine (1323, 1367, 1369, 1381, 1386, 1387, 1395, 1412, 1521, 1546, 1599, 1718, 1723, 1777, 1787, 1886, 1887, 1888)",,,Cytoplasmic,,,ENSE00001245887,binder,0.9831883589341468,,AELRVA,AELRVA,1.0,0.9831883589341469,confident binder
NFRALM,P00533,EGFR,Y998,RYLVIQGDERMHLPSPTDSNFyRALMDEEDMDDVVDADEYLIP,2.9502056973245816,3.4344184591523383,3.2680243628988803,3.075977673184927,2.651945924434977,1.9807662762203355,UniProtKB,P00533,RYLVIQGDERMHLPSPTDSNFyRALMDEEDMDDVVDADEYLIP,Updated for maximal coverage,P00533,EGFR,Rcpt_L-dom:57:167:IPR000494;Furin-like_Cys-rich_dom:185:338:IPR006211;Rcpt_L-dom:361:480:IPR000494;GF_recep_IV:505:637:IPR032778;TM_ErbB1:646:681:IPR049328;Prot_kinase_dom:712:979:IPR000719,Rcpt_L-dom~Furin-like_Cys-rich_dom~Rcpt_L-dom~GF_recep_IV~TM_ErbB1~Prot_kinase_dom,"GO:0000902-P:cell morphogenesis;  GO:0007166-P:cell surface receptor signaling pathway;  GO:0098609-P:cell-cell adhesion;  GO:0071230-P:cellular response to amino acid stimulus;  GO:0071364-P:cellular response to epidermal growth factor stimulus;  GO:0071392-P:cellular response to estradiol stimulus;  GO:0021795-P:cerebral cortex cell migration;  GO:0048546-P:digestive tract morphogenesis;  GO:0001892-P:embryonic placenta development;  GO:0007173-P:epidermal growth factor receptor signaling pathway;  GO:0050673-P:epithelial cell proliferation;  GO:0038134-P:ERBB2-EGFR signaling pathway;  GO:0061029-P:eyelid development in camera-type eye;  GO:0001942-P:hair follicle development;  GO:0007611-P:learning or memory;  GO:0060571-P:morphogenesis of an epithelial fold;  GO:0043066-P:negative regulation of apoptotic process;  GO:1905208-P:negative regulation of cardiocyte differentiation;  GO:0042059-P:negative regulation of epidermal growth factor receptor signaling pathway;  GO:0042177-P:negative regulation of protein catabolic process;  GO:0030182-P:neuron differentiation;  GO:0001503-P:ossification;  GO:0043491-P:phosphatidylinositol 3-kinase/protein kinase B signal transduction;  GO:0090263-P:positive regulation of canonical Wnt signaling pathway;  GO:0030307-P:positive regulation of cell growth;  GO:0030335-P:positive regulation of cell migration;  GO:0008284-P:positive regulation of cell population proliferation;  GO:0045739-P:positive regulation of DNA repair;  GO:0045740-P:positive regulation of DNA replication;  GO:0050679-P:positive regulation of epithelial cell proliferation;  GO:0070374-P:positive regulation of ERK1 and ERK2 cascade;  GO:0048146-P:positive regulation of fibroblast proliferation;  GO:1900087-P:positive regulation of G1/S transition of mitotic cell cycle;  GO:0043410-P:positive regulation of MAPK cascade;  GO:1902895-P:positive regulation of miRNA transcription;  GO:0033138-P:positive regulation of peptidyl-serine phosphorylation;  GO:0051897-P:positive regulation of phosphatidylinositol 3-kinase/protein kinase B signal transduction;  GO:0042327-P:positive regulation of phosphorylation;  GO:0090037-P:positive regulation of protein kinase C signaling;  GO:1903078-P:positive regulation of protein localization to plasma membrane;  GO:0001934-P:positive regulation of protein phosphorylation;  GO:0045944-P:positive regulation of transcription by RNA polymerase II;  GO:0051205-P:protein insertion into membrane;  GO:0050730-P:regulation of peptidyl-tyrosine phosphorylation;  GO:0070141-P:response to UV-A;  GO:0007435-P:salivary gland morphogenesis;  GO:0007165-P:signal transduction;  GO:0051015-F:actin filament binding;  GO:0005524-F:ATP binding;  GO:0051117-F:ATPase binding;  GO:0045296-F:cadherin binding;  GO:0003682-F:chromatin binding;  GO:0003690-F:double-stranded DNA binding;  GO:0019899-F:enzyme binding;  GO:0048408-F:epidermal growth factor binding;  GO:0005006-F:epidermal growth factor receptor activity;  GO:0042802-F:identical protein binding;  GO:0019900-F:kinase binding;  GO:0004709-F:MAP kinase kinase kinase activity;  GO:0019903-F:protein phosphatase binding;  GO:0030296-F:protein tyrosine kinase activator activity;  GO:0004713-F:protein tyrosine kinase activity;  GO:0004714-F:transmembrane receptor protein tyrosine kinase activity;  GO:0004888-F:transmembrane signaling receptor activity;  GO:0031625-F:ubiquitin protein ligase binding;  GO:0001618-F:virus receptor activity;  GO:0009925-C:basal plasma membrane;  GO:0016323-C:basolateral plasma membrane;  GO:0030054-C:cell junction;  GO:0009986-C:cell surface;  GO:0036064-C:ciliary basal body;  GO:0005929-C:cilium;  GO:0030669-C:clathrin-coated endocytic vesicle membrane;  GO:0005737-C:cytoplasm;  GO:0005829-C:cytosol;  GO:0031901-C:early endosome membrane;  GO:0005789-C:endoplasmic reticulum membrane;  GO:0005768-C:endosome;  GO:0010008-C:endosome membrane;  GO:0005615-C:extracellular space;  GO:0005925-C:focal adhesion;  GO:0005794-C:Golgi apparatus;  GO:0000139-C:Golgi membrane;  GO:0097708-C:intracellular vesicle;  GO:0016020-C:membrane;  GO:0045121-C:membrane raft;  GO:0097489-C:multivesicular body, internal vesicle lumen;  GO:0031965-C:nuclear membrane;  GO:0005634-C:nucleus;  GO:0048471-C:perinuclear region of cytoplasm;  GO:0005886-C:plasma membrane;  GO:0032991-C:protein-containing complex;  GO:0043235-C:receptor complex;  GO:0032587-C:ruffle membrane;  GO:0070435-C:Shc-EGFR complex",SPTDSNFyRALMDEE,Y998,1,"Phosphotyrosine (1323, 1367, 1381, 1386, 1395, 1412, 1521, 1777, 1787, 1886, 1887, 1888)",,,Cytoplasmic,TURN,,ENSE00001801208,nonbinder,0.1411521445059957,,NFRALM,NFRALM,0.0,0.1411521445059957,confident nonbinder
PDQQDF,P00533,EGFR,S1166; Y1172,FDSPAHWAQKGSHQISLDNPDyQQDFFPKEAKPNGIFKGSTAE,1.749797137712509,2.441851921207239,2.284834089231704,2.0217142733233264,1.8648367446011875,1.5115768838294574,UniProtKB,P00533,FDSPAHWAQKGSHQISLDNPDyQQDFFPKEAKPNGIFKGSTAE,Updated for maximal coverage,P00533,EGFR,Rcpt_L-dom:57:167:IPR000494;Furin-like_Cys-rich_dom:185:338:IPR006211;Rcpt_L-dom:361:480:IPR000494;GF_recep_IV:505:637:IPR032778;TM_ErbB1:646:681:IPR049328;Prot_kinase_dom:712:979:IPR000719,Rcpt_L-dom~Furin-like_Cys-rich_dom~Rcpt_L-dom~GF_recep_IV~TM_ErbB1~Prot_kinase_dom,"GO:0000902-P:cell morphogenesis;  GO:0007166-P:cell surface receptor signaling pathway;  GO:0098609-P:cell-cell adhesion;  GO:0071230-P:cellular response to amino acid stimulus;  GO:0071364-P:cellular response to epidermal growth factor stimulus;  GO:0071392-P:cellular response to estradiol stimulus;  GO:0021795-P:cerebral cortex cell migration;  GO:0048546-P:digestive tract morphogenesis;  GO:0001892-P:embryonic placenta development;  GO:0007173-P:epidermal growth factor receptor signaling pathway;  GO:0050673-P:epithelial cell proliferation;  GO:0038134-P:ERBB2-EGFR signaling pathway;  GO:0061029-P:eyelid development in camera-type eye;  GO:0001942-P:hair follicle development;  GO:0007611-P:learning or memory;  GO:0060571-P:morphogenesis of an epithelial fold;  GO:0043066-P:negative regulation of apoptotic process;  GO:1905208-P:negative regulation of cardiocyte differentiation;  GO:0042059-P:negative regulation of epidermal growth factor receptor signaling pathway;  GO:0042177-P:negative regulation of protein catabolic process;  GO:0030182-P:neuron differentiation;  GO:0001503-P:ossification;  GO:0043491-P:phosphatidylinositol 3-kinase/protein kinase B signal transduction;  GO:0090263-P:positive regulation of canonical Wnt signaling pathway;  GO:0030307-P:positive regulation of cell growth;  GO:0030335-P:positive regulation of cell migration;  GO:0008284-P:positive regulation of cell population proliferation;  GO:0045739-P:positive regulation of DNA repair;  GO:0045740-P:positive regulation of DNA replication;  GO:0050679-P:positive regulation of epithelial cell proliferation;  GO:0070374-P:positive regulation of ERK1 and ERK2 cascade;  GO:0048146-P:positive regulation of fibroblast proliferation;  GO:1900087-P:positive regulation of G1/S transition of mitotic cell cycle;  GO:0043410-P:positive regulation of MAPK cascade;  GO:1902895-P:positive regulation of miRNA transcription;  GO:0033138-P:positive regulation of peptidyl-serine phosphorylation;  GO:0051897-P:positive regulation of phosphatidylinositol 3-kinase/protein kinase B signal transduction;  GO:0042327-P:positive regulation of phosphorylation;  GO:0090037-P:positive regulation of protein kinase C signaling;  GO:1903078-P:positive regulation of protein localization to plasma membrane;  GO:0001934-P:positive regulation of protein phosphorylation;  GO:0045944-P:positive regulation of transcription by RNA polymerase II;  GO:0051205-P:protein insertion into membrane;  GO:0050730-P:regulation of peptidyl-tyrosine phosphorylation;  GO:0070141-P:response to UV-A;  GO:0007435-P:salivary gland morphogenesis;  GO:0007165-P:signal transduction;  GO:0051015-F:actin filament binding;  GO:0005524-F:ATP binding;  GO:0051117-F:ATPase binding;  GO:0045296-F:cadherin binding;  GO:0003682-F:chromatin binding;  GO:0003690-F:double-stranded DNA binding;  GO:0019899-F:enzyme binding;  GO:0048408-F:epidermal growth factor binding;  GO:0005006-F:epidermal growth factor receptor activity;  GO:0042802-F:identical protein binding;  GO:0019900-F:kinase binding;  GO:0004709-F:MAP kinase kinase kinase activity;  GO:0019903-F:protein phosphatase binding;  GO:0030296-F:protein tyrosine kinase activator activity;  GO:0004713-F:protein tyrosine kinase activity;  GO:0004714-F:transmembrane receptor protein tyrosine kinase activity;  GO:0004888-F:transmembrane signaling receptor activity;  GO:0031625-F:ubiquitin protein ligase binding;  GO:0001618-F:virus receptor activity;  GO:0009925-C:basal plasma membrane;  GO:0016323-C:basolateral plasma membrane;  GO:0030054-C:cell junction;  GO:0009986-C:cell surface;  GO:0036064-C:ciliary basal body;  GO:0005929-C:cilium;  GO:0030669-C:clathrin-coated endocytic vesicle membrane;  GO:0005737-C:cytoplasm;  GO:0005829-C:cytosol;  GO:0031901-C:early endosome membrane;  GO:0005789-C:endoplasmic reticulum membrane;  GO:0005768-C:endosome;  GO:0010008-C:endosome membrane;  GO:0005615-C:extracellular space;  GO:0005925-C:focal adhesion;  GO:0005794-C:Golgi apparatus;  GO:0000139-C:Golgi membrane;  GO:0097708-C:intracellular vesicle;  GO:0016020-C:membrane;  GO:0045121-C:membrane raft;  GO:0097489-C:multivesicular body, internal vesicle lumen;  GO:0031965-C:nuclear membrane;  GO:0005634-C:nucleus;  GO:0048471-C:perinuclear region of cytoplasm;  GO:0005886-C:plasma membrane;  GO:0032991-C:protein-containing complex;  GO:0043235-C:receptor complex;  GO:0032587-C:ruffle membrane;  GO:0070435-C:Shc-EGFR complex",ISLDNPDyQQDFFPK,Y1172,1,"Phosphotyrosine (1323, 1367, 1369, 1381, 1386, 1387, 1395, 1402, 1412, 1521, 1536, 1546, 1599, 1718, 1723, 1777, 1787, 1886, 1887, 1888)",,,Cytoplasmic,,,ENSE00001245887,nonbinder,0.084811196496263,,PDQQDF,PDQQDF,0.0,0.08481119649626308,confident nonbinder
PDQQDF,P00533,EGFR,Y1172,FDSPAHWAQKGSHQISLDNPDyQQDFFPKEAKPNGIFKGSTAE,3.364343711713945,3.4761427370859312,3.4233095373229867,3.501031076089068,3.247862344663855,2.790734283648752,UniProtKB,P00533,FDSPAHWAQKGSHQISLDNPDyQQDFFPKEAKPNGIFKGSTAE,Updated for maximal coverage,P00533,EGFR,Rcpt_L-dom:57:167:IPR000494;Furin-like_Cys-rich_dom:185:338:IPR006211;Rcpt_L-dom:361:480:IPR000494;GF_recep_IV:505:637:IPR032778;TM_ErbB1:646:681:IPR049328;Prot_kinase_dom:712:979:IPR000719,Rcpt_L-dom~Furin-like_Cys-rich_dom~Rcpt_L-dom~GF_recep_IV~TM_ErbB1~Prot_kinase_dom,"GO:0000902-P:cell morphogenesis;  GO:0007166-P:cell surface receptor signaling pathway;  GO:0098609-P:cell-cell adhesion;  GO:0071230-P:cellular response to amino acid stimulus;  GO:0071364-P:cellular response to epidermal growth factor stimulus;  GO:0071392-P:cellular response to estradiol stimulus;  GO:0021795-P:cerebral cortex cell migration;  GO:0048546-P:digestive tract morphogenesis;  GO:0001892-P:embryonic placenta development;  GO:0007173-P:epidermal growth factor receptor signaling pathway;  GO:0050673-P:epithelial cell proliferation;  GO:0038134-P:ERBB2-EGFR signaling pathway;  GO:0061029-P:eyelid development in camera-type eye;  GO:0001942-P:hair follicle development;  GO:0007611-P:learning or memory;  GO:0060571-P:morphogenesis of an epithelial fold;  GO:0043066-P:negative regulation of apoptotic process;  GO:1905208-P:negative regulation of cardiocyte differentiation;  GO:0042059-P:negative regulation of epidermal growth factor receptor signaling pathway;  GO:0042177-P:negative regulation of protein catabolic process;  GO:0030182-P:neuron differentiation;  GO:0001503-P:ossification;  GO:0043491-P:phosphatidylinositol 3-kinase/protein kinase B signal transduction;  GO:0090263-P:positive regulation of canonical Wnt signaling pathway;  GO:0030307-P:positive regulation of cell growth;  GO:0030335-P:positive regulation of cell migration;  GO:0008284-P:positive regulation of cell population proliferation;  GO:0045739-P:positive regulation of DNA repair;  GO:0045740-P:positive regulation of DNA replication;  GO:0050679-P:positive regulation of epithelial cell proliferation;  GO:0070374-P:positive regulation of ERK1 and ERK2 cascade;  GO:0048146-P:positive regulation of fibroblast proliferation;  GO:1900087-P:positive regulation of G1/S transition of mitotic cell cycle;  GO:0043410-P:positive regulation of MAPK cascade;  GO:1902895-P:positive regulation of miRNA transcription;  GO:0033138-P:positive regulation of peptidyl-serine phosphorylation;  GO:0051897-P:positive regulation of phosphatidylinositol 3-kinase/protein kinase B signal transduction;  GO:0042327-P:positive regulation of phosphorylation;  GO:0090037-P:positive regulation of protein kinase C signaling;  GO:1903078-P:positive regulation of protein localization to plasma membrane;  GO:0001934-P:positive regulation of protein phosphorylation;  GO:0045944-P:positive regulation of transcription by RNA polymerase II;  GO:0051205-P:protein insertion into membrane;  GO:0050730-P:regulation of peptidyl-tyrosine phosphorylation;  GO:0070141-P:response to UV-A;  GO:0007435-P:salivary gland morphogenesis;  GO:0007165-P:signal transduction;  GO:0051015-F:actin filament binding;  GO:0005524-F:ATP binding;  GO:0051117-F:ATPase binding;  GO:0045296-F:cadherin binding;  GO:0003682-F:chromatin binding;  GO:0003690-F:double-stranded DNA binding;  GO:0019899-F:enzyme binding;  GO:0048408-F:epidermal growth factor binding;  GO:0005006-F:epidermal growth factor receptor activity;  GO:0042802-F:identical protein binding;  GO:0019900-F:kinase binding;  GO:0004709-F:MAP kinase kinase kinase activity;  GO:0019903-F:protein phosphatase binding;  GO:0030296-F:protein tyrosine kinase activator activity;  GO:0004713-F:protein tyrosine kinase activity;  GO:0004714-F:transmembrane receptor protein tyrosine kinase activity;  GO:0004888-F:transmembrane signaling receptor activity;  GO:0031625-F:ubiquitin protein ligase binding;  GO:0001618-F:virus receptor activity;  GO:0009925-C:basal plasma membrane;  GO:0016323-C:basolateral plasma membrane;  GO:0030054-C:cell junction;  GO:0009986-C:cell surface;  GO:0036064-C:ciliary basal body;  GO:0005929-C:cilium;  GO:0030669-C:clathrin-coated endocytic vesicle membrane;  GO:0005737-C:cytoplasm;  GO:0005829-C:cytosol;  GO:0031901-C:early endosome membrane;  GO:0005789-C:endoplasmic reticulum membrane;  GO:0005768-C:endosome;  GO:0010008-C:endosome membrane;  GO:0005615-C:extracellular space;  GO:0005925-C:focal adhesion;  GO:0005794-C:Golgi apparatus;  GO:0000139-C:Golgi membrane;  GO:0097708-C:intracellular vesicle;  GO:0016020-C:membrane;  GO:0045121-C:membrane raft;  GO:0097489-C:multivesicular body, internal vesicle lumen;  GO:0031965-C:nuclear membrane;  GO:0005634-C:nucleus;  GO:0048471-C:perinuclear region of cytoplasm;  GO:0005886-C:plasma membrane;  GO:0032991-C:protein-containing complex;  GO:0043235-C:receptor complex;  GO:0032587-C:ruffle membrane;  GO:0070435-C:Shc-EGFR complex",ISLDNPDyQQDFFPK,Y1172,1,"Phosphotyrosine (1323, 1367, 1369, 1381, 1386, 1387, 1395, 1402, 1412, 1521, 1536, 1546, 1599, 1718, 1723, 1777, 1787, 1886, 1887, 1888)",,,Cytoplasmic,,,ENSE00001245887,nonbinder,0.084811196496263,,PDQQDF,PDQQDF,0.0,0.08481119649626308,confident nonbinder
DGVKPQ,P51692,STAT5B,Y699,VYSKYYTPVPCESATAKAVDGyVKPQIKQVVPEFVNASADAGG,2.9400180866939123,3.5143973951821588,3.888737874869241,4.0873074615710525,4.339782778659092,4.361204850577912,UniProtKB,P51692,VYSKYYTPVPCESATAKAVDGyVKPQIKQVVPEFVNASADAGG,Updated for maximal coverage,P51692,STAT5B,STAT_TF_prot_interaction:2:126:IPR013799;STAT_TF_alpha:146:324:IPR013800;STAT_TF_DNA-bd:336:469:IPR013801;STAT_linker:492:574:IPR048988;SH2:587:705:IPR000980,STAT_TF_prot_interaction~STAT_TF_alpha~STAT_TF_DNA-bd~STAT_linker~SH2,"GO:0050798-P:activated T cell proliferation;  GO:0030183-P:B cell differentiation;  GO:0007259-P:cell surface receptor signaling pathway via JAK-STAT;  GO:0071364-P:cellular response to epidermal growth factor stimulus;  GO:0071363-P:cellular response to growth factor stimulus;  GO:0032870-P:cellular response to hormone stimulus;  GO:0019221-P:cytokine-mediated signaling pathway;  GO:0006952-P:defense response;  GO:0046543-P:development of secondary female sexual characteristics;  GO:0046544-P:development of secondary male sexual characteristics;  GO:0030218-P:erythrocyte differentiation;  GO:0038162-P:erythropoietin-mediated signaling pathway;  GO:0007565-P:female pregnancy;  GO:0042492-P:gamma-delta T cell differentiation;  GO:0060397-P:growth hormone receptor signaling pathway via JAK-STAT;  GO:0007595-P:lactation;  GO:0019915-P:lipid storage;  GO:0001553-P:luteinization;  GO:0097531-P:mast cell migration;  GO:0000278-P:mitotic cell cycle;  GO:0033028-P:myeloid cell apoptotic process;  GO:0001779-P:natural killer cell differentiation;  GO:0042267-P:natural killer cell mediated cytotoxicity;  GO:0001787-P:natural killer cell proliferation;  GO:0045647-P:negative regulation of erythrocyte differentiation;  GO:0033033-P:negative regulation of myeloid cell apoptotic process;  GO:0048541-P:Peyer's patch development;  GO:0042104-P:positive regulation of activated T cell proliferation;  GO:0045579-P:positive regulation of B cell differentiation;  GO:0045648-P:positive regulation of erythrocyte differentiation;  GO:0045588-P:positive regulation of gamma-delta T cell differentiation;  GO:0050729-P:positive regulation of inflammatory response;  GO:0032743-P:positive regulation of interleukin-2 production;  GO:0045931-P:positive regulation of mitotic cell cycle;  GO:0040018-P:positive regulation of multicellular organism growth;  GO:0032825-P:positive regulation of natural killer cell differentiation;  GO:0045954-P:positive regulation of natural killer cell mediated cytotoxicity;  GO:0032819-P:positive regulation of natural killer cell proliferation;  GO:0045944-P:positive regulation of transcription by RNA polymerase II;  GO:0042448-P:progesterone metabolic process;  GO:0042127-P:regulation of cell population proliferation;  GO:0030856-P:regulation of epithelial cell differentiation;  GO:0040014-P:regulation of multicellular organism growth;  GO:0019218-P:regulation of steroid metabolic process;  GO:0006357-P:regulation of transcription by RNA polymerase II;  GO:0032355-P:response to estradiol;  GO:0070672-P:response to interleukin-15;  GO:0070669-P:response to interleukin-2;  GO:0070670-P:response to interleukin-4;  GO:0043434-P:response to peptide hormone;  GO:0033077-P:T cell differentiation in thymus;  GO:0043029-P:T cell homeostasis;  GO:0019530-P:taurine metabolic process;  GO:0006366-P:transcription by RNA polymerase II;  GO:0003682-F:chromatin binding;  GO:0001228-F:DNA-binding transcription activator activity, RNA polymerase II-specific;  GO:0003700-F:DNA-binding transcription factor activity;  GO:0000981-F:DNA-binding transcription factor activity, RNA polymerase II-specific;  GO:0042802-F:identical protein binding;  GO:0035259-F:nuclear glucocorticoid receptor binding;  GO:0046983-F:protein dimerization activity;  GO:0042803-F:protein homodimerization activity;  GO:0000978-F:RNA polymerase II cis-regulatory region sequence-specific DNA binding;  GO:0000785-C:chromatin;  GO:0005737-C:cytoplasm;  GO:0005829-C:cytosol;  GO:0005654-C:nucleoplasm;  GO:0005634-C:nucleus;  GO:0090575-C:RNA polymerase II transcription regulator complex",TAKAVDGyVKPQIKQ,Y699,1,"Phosphotyrosine (1323, 1381, 1386, 1395, 1412, 1521, 1886, 1888)",SH2,IPR000980,,,,ENSE00003974734,binder,0.7696587752855164,,DGVKPQ,DGVKPQ,1.0,0.7696587752855164,confident binder
PSVNVQ,P29353,SHC1,Y427,VRKQMPPPPPCPGRELFDDPSyVNVQNLDKARQAVGGAGPPNP,3.3832892092028484,3.549443595702697,3.516947740983248,3.521082345427184,3.313540511620387,2.92654613872336,UniProtKB,P29353,VRKQMPPPPPCPGRELFDDPSyVNVQNLDKARQAVGGAGPPNP,Updated for maximal coverage,P29353,SHC1,PID_Shc-like:146:317:IPR006019;SH2:486:579:IPR000980,PID_Shc-like~SH2,GO:0030036-P:actin cytoskeleton organization;  GO:0001525-P:angiogenesis;  GO:0098609-P:cell-cell adhesion;  GO:0071363-P:cellular response to growth factor stimulus;  GO:0042742-P:defense response to bacterium;  GO:0007173-P:epidermal growth factor receptor signaling pathway;  GO:0007507-P:heart development;  GO:0008286-P:insulin receptor signaling pathway;  GO:0048009-P:insulin-like growth factor receptor signaling pathway;  GO:0035556-P:intracellular signal transduction;  GO:0016525-P:negative regulation of angiogenesis;  GO:0043066-P:negative regulation of apoptotic process;  GO:0045892-P:negative regulation of DNA-templated transcription;  GO:0008284-P:positive regulation of cell population proliferation;  GO:0071864-P:positive regulation of cell proliferation in bone marrow;  GO:0045893-P:positive regulation of DNA-templated transcription;  GO:0070374-P:positive regulation of ERK1 and ERK2 cascade;  GO:0043410-P:positive regulation of MAPK cascade;  GO:0090322-P:regulation of superoxide metabolic process;  GO:0046875-F:ephrin receptor binding;  GO:0048408-F:epidermal growth factor binding;  GO:0005154-F:epidermal growth factor receptor binding;  GO:0005158-F:insulin receptor binding;  GO:0005159-F:insulin-like growth factor receptor binding;  GO:0005168-F:neurotrophin TRKA receptor binding;  GO:0005543-F:phospholipid binding;  GO:0001784-F:phosphotyrosine residue binding;  GO:0030971-F:receptor tyrosine kinase binding;  GO:0005068-F:transmembrane receptor protein tyrosine kinase adaptor activity;  GO:0005829-C:cytosol;  GO:0005925-C:focal adhesion;  GO:0005759-C:mitochondrial matrix;  GO:0005886-C:plasma membrane;  GO:0070435-C:Shc-EGFR complex,ELFDDPSyVNVQNLD,Y427,1,"Phosphotyrosine (1323, 1369, 1381, 1386, 1395, 1412, 1521, 1536, 1546, 1564, 1599, 1618, 1704, 1787, 1886, 1888)",,,CH1,,,ENSE00002201196,binder,0.9448793469298437,,PSVNVQ,PSVNVQ,1.0,0.9448793469298437,confident binder
HQYNDF,P29353,SHC1,Y349; Y350,RMAGFDGSAWDEEEEEPPDHQyYNDFPGKEPPLGGVVDMRLRE,3.1144691004513527,3.3143829433911023,3.331153265028428,3.281449963987325,3.1291556545864467,2.917909362994125,UniProtKB,P29353,RMAGFDGSAWDEEEEEPPDHQyYNDFPGKEPPLGGVVDMRLRE,Updated for maximal coverage,P29353,SHC1,PID_Shc-like:146:317:IPR006019;SH2:486:579:IPR000980,PID_Shc-like~SH2,GO:0030036-P:actin cytoskeleton organization;  GO:0001525-P:angiogenesis;  GO:0098609-P:cell-cell adhesion;  GO:0071363-P:cellular response to growth factor stimulus;  GO:0042742-P:defense response to bacterium;  GO:0007173-P:epidermal growth factor receptor signaling pathway;  GO:0007507-P:heart development;  GO:0008286-P:insulin receptor signaling pathway;  GO:0048009-P:insulin-like growth factor receptor signaling pathway;  GO:0035556-P:intracellular signal transduction;  GO:0016525-P:negative regulation of angiogenesis;  GO:0043066-P:negative regulation of apoptotic process;  GO:0045892-P:negative regulation of DNA-templated transcription;  GO:0008284-P:positive regulation of cell population proliferation;  GO:0071864-P:positive regulation of cell proliferation in bone marrow;  GO:0045893-P:positive regulation of DNA-templated transcription;  GO:0070374-P:positive regulation of ERK1 and ERK2 cascade;  GO:0043410-P:positive regulation of MAPK cascade;  GO:0090322-P:regulation of superoxide metabolic process;  GO:0046875-F:ephrin receptor binding;  GO:0048408-F:epidermal growth factor binding;  GO:0005154-F:epidermal growth factor receptor binding;  GO:0005158-F:insulin receptor binding;  GO:0005159-F:insulin-like growth factor receptor binding;  GO:0005168-F:neurotrophin TRKA receptor binding;  GO:0005543-F:phospholipid binding;  GO:0001784-F:phosphotyrosine residue binding;  GO:0030971-F:receptor tyrosine kinase binding;  GO:0005068-F:transmembrane receptor protein tyrosine kinase adaptor activity;  GO:0005829-C:cytosol;  GO:0005925-C:focal adhesion;  GO:0005759-C:mitochondrial matrix;  GO:0005886-C:plasma membrane;  GO:0070435-C:Shc-EGFR complex,EEPPDHQyYNDFPGK,Y349,1,"Phosphotyrosine (1323, 1381, 1386, 1395, 1412, 1521, 1536, 1599, 1787, 1886, 1888)",,,CH1,,,ENSE00001613293,binder,0.6041288056330207,,HQYNDF,HQYNDF,1.0,0.6041288056330207,confident binder
DRSLVS,Q9Y446,PKP3,Y195,ADYDTLSLRSLRLGPGGLDDRySLVSEQLEPAATSTYRAFAYE,3.067735308292838,3.0630961629472075,2.7981754647822568,2.6276451257918616,1.6082187129129342,1.2675780311965592,UniProtKB,Q9Y446,ADYDTLSLRSLRLGPGGLDDRySLVSEQLEPAATSTYRAFAYE,Updated for maximal coverage,Q9Y446,PKP3,,,GO:0030036-P:actin cytoskeleton organization;  GO:0098609-P:cell-cell adhesion;  GO:0002159-P:desmosome assembly;  GO:0002934-P:desmosome organization;  GO:0090136-P:epithelial cell-cell adhesion;  GO:0010669-P:epithelial structure maintenance;  GO:1902373-P:negative regulation of mRNA catabolic process;  GO:0045785-P:positive regulation of cell adhesion;  GO:1902808-P:positive regulation of cell cycle G1/S phase transition;  GO:0022409-P:positive regulation of cell-cell adhesion;  GO:1903829-P:positive regulation of protein localization;  GO:0072659-P:protein localization to plasma membrane;  GO:0002718-P:regulation of cytokine production involved in immune response;  GO:0051797-P:regulation of hair follicle development;  GO:0045294-F:alpha-catenin binding;  GO:0045296-F:cadherin binding;  GO:0098641-F:cadherin binding involved in cell-cell adhesion;  GO:0050839-F:cell adhesion molecule binding;  GO:0019899-F:enzyme binding;  GO:0003723-F:RNA binding;  GO:0005912-C:adherens junction;  GO:0030054-C:cell junction;  GO:0005911-C:cell-cell junction;  GO:0001533-C:cornified envelope;  GO:0005737-C:cytoplasm;  GO:0030057-C:desmosome;  GO:0005654-C:nucleoplasm;  GO:0005634-C:nucleus;  GO:0005886-C:plasma membrane,PGGLDDRySLVSEQL,Y195,1,"Phosphotyrosine (1323, 1367, 1381, 1386, 1395, 1412, 1521, 1546, 1777, 1787, 1886, 1888)",,,,,,ENSE00003536346,binder,0.7363918661661347,,DRSLVS,DRSLVS,1.0,0.7363918661661347,confident binder
ADDTLS,Q9Y446,PKP3,Y176,PPMPTRPVSFHERGGVGSRADyDTLSLRSLRLGPGGLDDRYSL,1.3637290820911865,1.6828769753892283,1.4448238761167624,1.467695878438636,0.9852797228773692,0.8421077028811284,UniProtKB,Q9Y446,PPMPTRPVSFHERGGVGSRADyDTLSLRSLRLGPGGLDDRYSL,Updated for maximal coverage,Q9Y446,PKP3,,,GO:0030036-P:actin cytoskeleton organization;  GO:0098609-P:cell-cell adhesion;  GO:0002159-P:desmosome assembly;  GO:0002934-P:desmosome organization;  GO:0090136-P:epithelial cell-cell adhesion;  GO:0010669-P:epithelial structure maintenance;  GO:1902373-P:negative regulation of mRNA catabolic process;  GO:0045785-P:positive regulation of cell adhesion;  GO:1902808-P:positive regulation of cell cycle G1/S phase transition;  GO:0022409-P:positive regulation of cell-cell adhesion;  GO:1903829-P:positive regulation of protein localization;  GO:0072659-P:protein localization to plasma membrane;  GO:0002718-P:regulation of cytokine production involved in immune response;  GO:0051797-P:regulation of hair follicle development;  GO:0045294-F:alpha-catenin binding;  GO:0045296-F:cadherin binding;  GO:0098641-F:cadherin binding involved in cell-cell adhesion;  GO:0050839-F:cell adhesion molecule binding;  GO:0019899-F:enzyme binding;  GO:0003723-F:RNA binding;  GO:0005912-C:adherens junction;  GO:0030054-C:cell junction;  GO:0005911-C:cell-cell junction;  GO:0001533-C:cornified envelope;  GO:0005737-C:cytoplasm;  GO:0030057-C:desmosome;  GO:0005654-C:nucleoplasm;  GO:0005634-C:nucleus;  GO:0005886-C:plasma membrane,GVGSRADyDTLSLRS,Y176,1,"Phosphotyrosine (1367, 1381, 1386, 1387, 1395, 1412, 1521, 1546, 1564, 1599, 1718, 1723, 1777, 1787, 1888)",,,,,,ENSE00003536346,binder,0.8565770625516661,,ADDTLS,ADDTLS,1.0,0.8565770625516661,confident binder
LIDNAD,Q9Y446,PKP3,Y390,LFNHANQEVQRHATGAMRNLIyDNADNKLALVEENGIFELLRT,0.4743524860821433,0.5055682204759823,0.4852687164580691,0.5069758458536058,0.5329187754067428,0.4870421409257621,UniProtKB,Q9Y446,LFNHANQEVQRHATGAMRNLIyDNADNKLALVEENGIFELLRT,Updated for maximal coverage,Q9Y446,PKP3,,,GO:0030036-P:actin cytoskeleton organization;  GO:0098609-P:cell-cell adhesion;  GO:0002159-P:desmosome assembly;  GO:0002934-P:desmosome organization;  GO:0090136-P:epithelial cell-cell adhesion;  GO:0010669-P:epithelial structure maintenance;  GO:1902373-P:negative regulation of mRNA catabolic process;  GO:0045785-P:positive regulation of cell adhesion;  GO:1902808-P:positive regulation of cell cycle G1/S phase transition;  GO:0022409-P:positive regulation of cell-cell adhesion;  GO:1903829-P:positive regulation of protein localization;  GO:0072659-P:protein localization to plasma membrane;  GO:0002718-P:regulation of cytokine production involved in immune response;  GO:0051797-P:regulation of hair follicle development;  GO:0045294-F:alpha-catenin binding;  GO:0045296-F:cadherin binding;  GO:0098641-F:cadherin binding involved in cell-cell adhesion;  GO:0050839-F:cell adhesion molecule binding;  GO:0019899-F:enzyme binding;  GO:0003723-F:RNA binding;  GO:0005912-C:adherens junction;  GO:0030054-C:cell junction;  GO:0005911-C:cell-cell junction;  GO:0001533-C:cornified envelope;  GO:0005737-C:cytoplasm;  GO:0030057-C:desmosome;  GO:0005654-C:nucleoplasm;  GO:0005634-C:nucleus;  GO:0005886-C:plasma membrane,GAMRNLIyDNADNKL,Y390,1,"Phosphotyrosine (1367, 1381, 1386, 1395, 1412, 1521, 1546, 1777, 1787, 1888)",,,Required for interaction with GSK3B,,,ENSE00003589532,binder,0.9275924996131404,,LIDNAD,LIDNAD,1.0,0.9275924996131405,confident binder
GQHTLQ,Q9Y446,PKP3,Y84,HNGAAEPEPEAETARGTSRGQyHTLQAGFSSRSQGLSGDKTSG,1.7275258116915326,1.787721972362909,1.7776009835012971,1.7099509673941258,1.0118325016086067,0.3529171871903565,UniProtKB,Q9Y446,HNGAAEPEPEAETARGTSRGQyHTLQAGFSSRSQGLSGDKTSG,Updated for maximal coverage,Q9Y446,PKP3,,,GO:0030036-P:actin cytoskeleton organization;  GO:0098609-P:cell-cell adhesion;  GO:0002159-P:desmosome assembly;  GO:0002934-P:desmosome organization;  GO:0090136-P:epithelial cell-cell adhesion;  GO:0010669-P:epithelial structure maintenance;  GO:1902373-P:negative regulation of mRNA catabolic process;  GO:0045785-P:positive regulation of cell adhesion;  GO:1902808-P:positive regulation of cell cycle G1/S phase transition;  GO:0022409-P:positive regulation of cell-cell adhesion;  GO:1903829-P:positive regulation of protein localization;  GO:0072659-P:protein localization to plasma membrane;  GO:0002718-P:regulation of cytokine production involved in immune response;  GO:0051797-P:regulation of hair follicle development;  GO:0045294-F:alpha-catenin binding;  GO:0045296-F:cadherin binding;  GO:0098641-F:cadherin binding involved in cell-cell adhesion;  GO:0050839-F:cell adhesion molecule binding;  GO:0019899-F:enzyme binding;  GO:0003723-F:RNA binding;  GO:0005912-C:adherens junction;  GO:0030054-C:cell junction;  GO:0005911-C:cell-cell junction;  GO:0001533-C:cornified envelope;  GO:0005737-C:cytoplasm;  GO:0030057-C:desmosome;  GO:0005654-C:nucleoplasm;  GO:0005634-C:nucleus;  GO:0005886-C:plasma membrane,RGTSRGQyHTLQAGF,Y84,1,"Phosphotyrosine (1323, 1367, 1381, 1386, 1395, 1402, 1412, 1521, 1536, 1546, 1718, 1723, 1777, 1787, 1888)",,,,,,ENSE00003654379,binder,0.7298647618728973,,GQHTLQ,GQHTLQ,1.0,0.7298647618728973,confident binder
TDYRKG,P06213,INSR,Y1189,AHDFTVKIGDFGMTRDIYETDyYRKGGKGLLPVRWMAPESLKD,1.148130941362079,1.397244089874819,1.1628899280330334,1.205590291345532,0.7233857718429872,0.6206144846691781,UniProtKB,P06213,AHDFTVKIGDFGMTRDIYETDyYRKGGKGLLPVRWMAPESLKD,Updated for maximal coverage,P06213,INSR,Rcpt_L-dom:52:163:IPR000494;Furin-like_Cys-rich_dom:179:340:IPR006211;Rcpt_L-dom:359:470:IPR000494;FN3_dom:492:600:IPR003961;FN3_dom:622:831:IPR003961;FN3_dom:851:947:IPR003961;Insulin_TMD:940:987:IPR040969;Prot_kinase_dom:1023:1298:IPR000719,Rcpt_L-dom~Furin-like_Cys-rich_dom~Rcpt_L-dom~FN3_dom~FN3_dom~FN3_dom~Insulin_TMD~Prot_kinase_dom,GO:0030325-P:adrenal gland development;  GO:0097242-P:amyloid-beta clearance;  GO:0071363-P:cellular response to growth factor stimulus;  GO:0032869-P:cellular response to insulin stimulus;  GO:0097062-P:dendritic spine maintenance;  GO:0008544-P:epidermis development;  GO:0031017-P:exocrine pancreas development;  GO:0007186-P:G protein-coupled receptor signaling pathway;  GO:0042593-P:glucose homeostasis;  GO:0003007-P:heart morphogenesis;  GO:0008286-P:insulin receptor signaling pathway;  GO:0007612-P:learning;  GO:0008584-P:male gonad development;  GO:0030238-P:male sex determination;  GO:0007613-P:memory;  GO:1990535-P:neuron projection maintenance;  GO:0043123-P:positive regulation of canonical NF-kappaB signal transduction;  GO:0030335-P:positive regulation of cell migration;  GO:0008284-P:positive regulation of cell population proliferation;  GO:0046326-P:positive regulation of D-glucose import;  GO:0048639-P:positive regulation of developmental growth;  GO:0045893-P:positive regulation of DNA-templated transcription;  GO:0045725-P:positive regulation of glycogen biosynthetic process;  GO:0045821-P:positive regulation of glycolytic process;  GO:0043410-P:positive regulation of MAPK cascade;  GO:0051446-P:positive regulation of meiotic cell cycle;  GO:0045840-P:positive regulation of mitotic nuclear division;  GO:0045429-P:positive regulation of nitric oxide biosynthetic process;  GO:0051897-P:positive regulation of phosphatidylinositol 3-kinase/protein kinase B signal transduction;  GO:0043243-P:positive regulation of protein-containing complex disassembly;  GO:0002092-P:positive regulation of receptor internalization;  GO:0060267-P:positive regulation of respiratory burst;  GO:0046777-P:protein autophosphorylation;  GO:0031623-P:receptor internalization;  GO:0006898-P:receptor-mediated endocytosis;  GO:0006355-P:regulation of DNA-templated transcription;  GO:0045995-P:regulation of embryonic development;  GO:2000194-P:regulation of female gonad development;  GO:0046718-P:symbiont entry into host cell;  GO:0150104-P:transport across blood-brain barrier;  GO:0001540-F:amyloid-beta binding;  GO:0005524-F:ATP binding;  GO:0038024-F:cargo receptor activity;  GO:0005525-F:GTP binding;  GO:0042802-F:identical protein binding;  GO:0043559-F:insulin binding;  GO:0005009-F:insulin receptor activity;  GO:0043560-F:insulin receptor substrate binding;  GO:0031994-F:insulin-like growth factor I binding;  GO:0031995-F:insulin-like growth factor II binding;  GO:0005159-F:insulin-like growth factor receptor binding;  GO:0043548-F:phosphatidylinositol 3-kinase binding;  GO:0019904-F:protein domain specific binding;  GO:0030295-F:protein kinase activator activity;  GO:0004713-F:protein tyrosine kinase activity;  GO:0044877-F:protein-containing complex binding;  GO:0051425-F:PTB domain binding;  GO:0030424-C:axon;  GO:0005901-C:caveola;  GO:0032590-C:dendrite membrane;  GO:0010008-C:endosome membrane;  GO:0009897-C:external side of plasma membrane;  GO:0070062-C:extracellular exosome;  GO:0005899-C:insulin receptor complex;  GO:0005770-C:late endosome;  GO:0005764-C:lysosome;  GO:0016020-C:membrane;  GO:0032809-C:neuronal cell body membrane;  GO:0005886-C:plasma membrane;  GO:0043235-C:receptor complex,RDIYETDyYRKGGKG,Y1189,1,"Phosphotyrosine (1323, 1369, 1381, 1386, 1395, 1412, 1521, 1536, 1599, 1723, 1787, 1886, 1888)",Prot_kinase_dom,IPR000719,Cytoplasmic,,HIGH,ENSE00003491310,nonbinder,0.2938180019872404,,TDYRKG,TDYRKG,0.0,0.2938180019872404,confident nonbinder
LPEELW,Q9H706,FAM59A,Y453,DYLFPEASEESAGIPGKSELPyEELWLEEGKPSHQPLTRSLSE,2.3361576999515488,2.712872402739055,2.857531665601776,2.953523578526379,2.8767496356901523,2.706430775894658,UniProtKB,Q9H706,DYLFPEASEESAGIPGKSELPyEELWLEEGKPSHQPLTRSLSE,Updated for maximal coverage,Q9H706,GAREM1,CABIT_dom:32:305:IPR025946,CABIT_dom,GO:0071364-P:cellular response to epidermal growth factor stimulus;  GO:0007173-P:epidermal growth factor receptor signaling pathway;  GO:0035264-P:multicellular organism growth;  GO:0051781-P:positive regulation of cell division;  GO:0008284-P:positive regulation of cell population proliferation;  GO:0070374-P:positive regulation of ERK1 and ERK2 cascade;  GO:0070064-F:proline-rich region binding;  GO:0005886-C:plasma membrane,PGKSELPyEELWLEE,Y453,1,"Phosphotyrosine (1323, 1381, 1386, 1412, 1521, 1536, 1546, 1599, 1723, 1787, 1886, 1888)",,,,,,ENSE00001108179,binder,Training,,LPEELW,LPEELW,,,1
PIAEST,Q86YV5,SGK223,Y411,GLTGEPQPPAHPREATQPEPIyAESTKRKKAAPVPSKSQAKIE,0.1790015101996184,0.2007143055728225,0.0502066189446851,0.1397861224735391,0.124506528555223,0.1024972978707064,UniProtKB,Q86YV5,GLTGEPQPPAHPREATQPEPIyAESTKRKKAAPVPSKSQAKIE,Updated for maximal coverage,Q86YV5,PRAG1,Prot_kinase_dom:978:1329:IPR000719,Prot_kinase_dom,GO:0016477-P:cell migration;  GO:0010977-P:negative regulation of neuron projection development;  GO:0035025-P:positive regulation of Rho protein signal transduction;  GO:2000145-P:regulation of cell motility;  GO:0008360-P:regulation of cell shape;  GO:0008593-P:regulation of Notch signaling pathway;  GO:0042802-F:identical protein binding;  GO:0004672-F:protein kinase activity;  GO:0005737-C:cytoplasm;  GO:0005829-C:cytosol;  GO:0005925-C:focal adhesion;  GO:0005634-C:nucleus,ATQPEPIyAESTKRK,Y413,1,"Phosphotyrosine (1323, 1367, 1369, 1381, 1386, 1387, 1402, 1412, 1521, 1536, 1599, 1682, 1718, 1723, 1777, 1787, 1886, 1888)",,,Disordered,,,ENSE00003713707,binder,Training,,PIAEST,PIAEST,,,1
TEVATR,P28482,MAPK1,Y187,CDFGLARVADPDHDHTGFLTEyVATRWYRAPEIMLNSKGYTKS,2.065296429336643,3.860582097288544,4.394941906738488,4.324682920455941,3.752905970659364,3.493396500573149,UniProtKB,P28482,CDFGLARVADPDHDHTGFLTEyVATRWYRAPEIMLNSKGYTKS,Updated for maximal coverage,P28482,MAPK1,Prot_kinase_dom:25:313:IPR000719,Prot_kinase_dom,GO:0006915-P:apoptotic process;  GO:0050853-P:B cell receptor signaling pathway;  GO:0060020-P:Bergmann glial cell differentiation;  GO:0061308-P:cardiac neural crest cell development involved in heart development;  GO:0072584-P:caveolin-mediated endocytosis;  GO:0007166-P:cell surface receptor signaling pathway;  GO:0034198-P:cellular response to amino acid starvation;  GO:0071356-P:cellular response to tumor necrosis factor;  GO:0007268-P:chemical synaptic transmission;  GO:0006935-P:chemotaxis;  GO:0019858-P:cytosine metabolic process;  GO:0006974-P:DNA damage response;  GO:0007173-P:epidermal growth factor receptor signaling pathway;  GO:0038127-P:ERBB signaling pathway;  GO:0038133-P:ERBB2-ERBB3 signaling pathway;  GO:0070371-P:ERK1 and ERK2 cascade;  GO:0060324-P:face development;  GO:0008286-P:insulin receptor signaling pathway;  GO:0048009-P:insulin-like growth factor receptor signaling pathway;  GO:0061514-P:interleukin-34-mediated signaling pathway;  GO:0035556-P:intracellular signal transduction;  GO:0060716-P:labyrinthine layer blood vessel development;  GO:0007611-P:learning or memory;  GO:0031663-P:lipopolysaccharide-mediated signaling pathway;  GO:0060291-P:long-term synaptic potentiation;  GO:0060425-P:lung morphogenesis;  GO:0033598-P:mammary gland epithelial cell proliferation;  GO:0000165-P:MAPK cascade;  GO:0042552-P:myelination;  GO:0045596-P:negative regulation of cell differentiation;  GO:0042473-P:outer ear morphogenesis;  GO:0018107-P:peptidyl-threonine phosphorylation;  GO:0045542-P:positive regulation of cholesterol biosynthetic process;  GO:0010759-P:positive regulation of macrophage chemotaxis;  GO:0120041-P:positive regulation of macrophage proliferation;  GO:0010800-P:positive regulation of peptidyl-threonine phosphorylation;  GO:0032206-P:positive regulation of telomere maintenance;  GO:0006468-P:protein phosphorylation;  GO:0030641-P:regulation of cellular pH;  GO:0051493-P:regulation of cytoskeleton organization;  GO:2000641-P:regulation of early endosome to late endosome transport;  GO:0090170-P:regulation of Golgi inheritance;  GO:0030278-P:regulation of ossification;  GO:0031647-P:regulation of protein stability;  GO:0032872-P:regulation of stress-activated MAPK cascade;  GO:0070849-P:response to epidermal growth factor;  GO:0043330-P:response to exogenous dsRNA;  GO:0035094-P:response to nicotine;  GO:0014044-P:Schwann cell development;  GO:0007165-P:signal transduction;  GO:0051403-P:stress-activated MAPK cascade;  GO:0050852-P:T cell receptor signaling pathway;  GO:0048538-P:thymus development;  GO:0030878-P:thyroid gland development;  GO:0060440-P:trachea formation;  GO:0005524-F:ATP binding;  GO:0003677-F:DNA binding;  GO:0042802-F:identical protein binding;  GO:0004707-F:MAP kinase activity;  GO:0019902-F:phosphatase binding;  GO:0001784-F:phosphotyrosine residue binding;  GO:0106310-F:protein serine kinase activity;  GO:0004674-F:protein serine/threonine kinase activity;  GO:0008353-F:RNA polymerase II CTD heptapeptide repeat kinase activity;  GO:0035578-C:azurophil granule lumen;  GO:0005901-C:caveola;  GO:0005813-C:centrosome;  GO:0036064-C:ciliary basal body;  GO:0005929-C:cilium;  GO:0005737-C:cytoplasm;  GO:0005856-C:cytoskeleton;  GO:0005829-C:cytosol;  GO:0005769-C:early endosome;  GO:0005788-C:endoplasmic reticulum lumen;  GO:0005576-C:extracellular region;  GO:1904813-C:ficolin-1-rich granule lumen;  GO:0005925-C:focal adhesion;  GO:0005794-C:Golgi apparatus;  GO:0005770-C:late endosome;  GO:0015630-C:microtubule cytoskeleton;  GO:0005739-C:mitochondrion;  GO:0072686-C:mitotic spindle;  GO:0005654-C:nucleoplasm;  GO:0005634-C:nucleus;  GO:0005886-C:plasma membrane;  GO:0031143-C:pseudopodium;  GO:0045202-C:synapse,HTGFLTEyVATRWYR,Y187,1,"Phosphotyrosine (1323, 1343, 1367, 1369, 1381, 1386, 1395, 1412, 1546, 1599, 1618, 1704, 1718, 1719, 1723, 1777, 1787, 1886, 1888)",Prot_kinase_dom,IPR000719,TXY,,HIGH,ENSE00000879357,binder,0.6012650928969234,,TEVATR,TEVATR,1.0,0.6012650928969234,confident binder
TEVATR,P28482,MAPK1,T185; Y187,CDFGLARVADPDHDHTGFLTEyVATRWYRAPEIMLNSKGYTKS,1.705278043434287,3.244412794395963,3.933544557918025,4.10042707593191,3.673047063528411,3.240401721039176,UniProtKB,P28482,CDFGLARVADPDHDHTGFLTEyVATRWYRAPEIMLNSKGYTKS,Updated for maximal coverage,P28482,MAPK1,Prot_kinase_dom:25:313:IPR000719,Prot_kinase_dom,GO:0006915-P:apoptotic process;  GO:0050853-P:B cell receptor signaling pathway;  GO:0060020-P:Bergmann glial cell differentiation;  GO:0061308-P:cardiac neural crest cell development involved in heart development;  GO:0072584-P:caveolin-mediated endocytosis;  GO:0007166-P:cell surface receptor signaling pathway;  GO:0034198-P:cellular response to amino acid starvation;  GO:0071356-P:cellular response to tumor necrosis factor;  GO:0007268-P:chemical synaptic transmission;  GO:0006935-P:chemotaxis;  GO:0019858-P:cytosine metabolic process;  GO:0006974-P:DNA damage response;  GO:0007173-P:epidermal growth factor receptor signaling pathway;  GO:0038127-P:ERBB signaling pathway;  GO:0038133-P:ERBB2-ERBB3 signaling pathway;  GO:0070371-P:ERK1 and ERK2 cascade;  GO:0060324-P:face development;  GO:0008286-P:insulin receptor signaling pathway;  GO:0048009-P:insulin-like growth factor receptor signaling pathway;  GO:0061514-P:interleukin-34-mediated signaling pathway;  GO:0035556-P:intracellular signal transduction;  GO:0060716-P:labyrinthine layer blood vessel development;  GO:0007611-P:learning or memory;  GO:0031663-P:lipopolysaccharide-mediated signaling pathway;  GO:0060291-P:long-term synaptic potentiation;  GO:0060425-P:lung morphogenesis;  GO:0033598-P:mammary gland epithelial cell proliferation;  GO:0000165-P:MAPK cascade;  GO:0042552-P:myelination;  GO:0045596-P:negative regulation of cell differentiation;  GO:0042473-P:outer ear morphogenesis;  GO:0018107-P:peptidyl-threonine phosphorylation;  GO:0045542-P:positive regulation of cholesterol biosynthetic process;  GO:0010759-P:positive regulation of macrophage chemotaxis;  GO:0120041-P:positive regulation of macrophage proliferation;  GO:0010800-P:positive regulation of peptidyl-threonine phosphorylation;  GO:0032206-P:positive regulation of telomere maintenance;  GO:0006468-P:protein phosphorylation;  GO:0030641-P:regulation of cellular pH;  GO:0051493-P:regulation of cytoskeleton organization;  GO:2000641-P:regulation of early endosome to late endosome transport;  GO:0090170-P:regulation of Golgi inheritance;  GO:0030278-P:regulation of ossification;  GO:0031647-P:regulation of protein stability;  GO:0032872-P:regulation of stress-activated MAPK cascade;  GO:0070849-P:response to epidermal growth factor;  GO:0043330-P:response to exogenous dsRNA;  GO:0035094-P:response to nicotine;  GO:0014044-P:Schwann cell development;  GO:0007165-P:signal transduction;  GO:0051403-P:stress-activated MAPK cascade;  GO:0050852-P:T cell receptor signaling pathway;  GO:0048538-P:thymus development;  GO:0030878-P:thyroid gland development;  GO:0060440-P:trachea formation;  GO:0005524-F:ATP binding;  GO:0003677-F:DNA binding;  GO:0042802-F:identical protein binding;  GO:0004707-F:MAP kinase activity;  GO:0019902-F:phosphatase binding;  GO:0001784-F:phosphotyrosine residue binding;  GO:0106310-F:protein serine kinase activity;  GO:0004674-F:protein serine/threonine kinase activity;  GO:0008353-F:RNA polymerase II CTD heptapeptide repeat kinase activity;  GO:0035578-C:azurophil granule lumen;  GO:0005901-C:caveola;  GO:0005813-C:centrosome;  GO:0036064-C:ciliary basal body;  GO:0005929-C:cilium;  GO:0005737-C:cytoplasm;  GO:0005856-C:cytoskeleton;  GO:0005829-C:cytosol;  GO:0005769-C:early endosome;  GO:0005788-C:endoplasmic reticulum lumen;  GO:0005576-C:extracellular region;  GO:1904813-C:ficolin-1-rich granule lumen;  GO:0005925-C:focal adhesion;  GO:0005794-C:Golgi apparatus;  GO:0005770-C:late endosome;  GO:0015630-C:microtubule cytoskeleton;  GO:0005739-C:mitochondrion;  GO:0072686-C:mitotic spindle;  GO:0005654-C:nucleoplasm;  GO:0005634-C:nucleus;  GO:0005886-C:plasma membrane;  GO:0031143-C:pseudopodium;  GO:0045202-C:synapse,HTGFLTEyVATRWYR,Y187,1,"Phosphotyrosine (1323, 1343, 1367, 1369, 1381, 1386, 1395, 1412, 1546, 1599, 1618, 1704, 1718, 1719, 1723, 1777, 1787, 1886, 1888)",Prot_kinase_dom,IPR000719,TXY,,HIGH,ENSE00000879357,binder,0.6012650928969234,,TEVATR,TEVATR,1.0,0.6012650928969234,confident binder
GTGVVY,P06493,CDK1,Y15,MEDYTKIEKIGEGTyGVVYKGRHKTTGQVVAMKKIR,0.0374004245444966,0.0906474729116201,0.2292081580116368,0.209612275954649,0.24110448982271,0.2735183363075841,UniProtKB,P06493,MEDYTKIEKIGEGTyGVVYKGRHKTTGQVVAMKKIR,Updated for maximal coverage,P06493,CDK1,Prot_kinase_dom:4:287:IPR000719,Prot_kinase_dom,"GO:0006915-P:apoptotic process;  GO:0051301-P:cell division;  GO:0016477-P:cell migration;  GO:0070301-P:cellular response to hydrogen peroxide;  GO:0007098-P:centrosome cycle;  GO:0030261-P:chromosome condensation;  GO:0006974-P:DNA damage response;  GO:0006281-P:DNA repair;  GO:0006260-P:DNA replication;  GO:0030855-P:epithelial cell differentiation;  GO:0070371-P:ERK1 and ERK2 cascade;  GO:0048144-P:fibroblast proliferation;  GO:0000082-P:G1/S transition of mitotic cell cycle;  GO:0000086-P:G2/M transition of mitotic cell cycle;  GO:0090166-P:Golgi disassembly;  GO:0000226-P:microtubule cytoskeleton organization;  GO:1902850-P:microtubule cytoskeleton organization involved in mitosis;  GO:0007095-P:mitotic G2 DNA damage checkpoint signaling;  GO:0007077-P:mitotic nuclear membrane disassembly;  GO:0043066-P:negative regulation of apoptotic process;  GO:0010629-P:negative regulation of gene expression;  GO:0018105-P:peptidyl-serine phosphorylation;  GO:0018107-P:peptidyl-threonine phosphorylation;  GO:0060045-P:positive regulation of cardiac muscle cell proliferation;  GO:0045740-P:positive regulation of DNA replication;  GO:0010971-P:positive regulation of G2/M transition of mitotic cell cycle;  GO:0010628-P:positive regulation of gene expression;  GO:1905448-P:positive regulation of mitochondrial ATP synthesis coupled electron transport;  GO:0062033-P:positive regulation of mitotic sister chromatid segregation;  GO:0042307-P:positive regulation of protein import into nucleus;  GO:1900182-P:positive regulation of protein localization to nucleus;  GO:0007344-P:pronuclear fusion;  GO:0016579-P:protein deubiquitination;  GO:0034501-P:protein localization to kinetochore;  GO:0065003-P:protein-containing complex assembly;  GO:1902423-P:regulation of attachment of mitotic spindle microtubules to kinetochore;  GO:0042752-P:regulation of circadian rhythm;  GO:0045995-P:regulation of embryonic development;  GO:0014038-P:regulation of Schwann cell differentiation;  GO:0014823-P:response to activity;  GO:0014075-P:response to amine;  GO:0048678-P:response to axon injury;  GO:0046686-P:response to cadmium ion;  GO:0046688-P:response to copper ion;  GO:0045471-P:response to ethanol;  GO:0009636-P:response to toxic substance;  GO:0009410-P:response to xenobiotic stimulus;  GO:0048511-P:rhythmic process;  GO:0055015-P:ventricular cardiac muscle cell development;  GO:0005524-F:ATP binding;  GO:0003682-F:chromatin binding;  GO:0030332-F:cyclin binding;  GO:0097472-F:cyclin-dependent protein kinase activity;  GO:0004693-F:cyclin-dependent protein serine/threonine kinase activity;  GO:0035173-F:histone kinase activity;  GO:0030544-F:Hsp70 protein binding;  GO:0016301-F:kinase activity;  GO:0004672-F:protein kinase activity;  GO:0106310-F:protein serine kinase activity;  GO:0004674-F:protein serine/threonine kinase activity;  GO:0008353-F:RNA polymerase II CTD heptapeptide repeat kinase activity;  GO:0001618-F:virus receptor activity;  GO:0005813-C:centrosome;  GO:0000781-C:chromosome, telomeric region;  GO:0097121-C:cyclin A1-CDK1 complex;  GO:0097122-C:cyclin A2-CDK1 complex;  GO:0097125-C:cyclin B1-CDK1 complex;  GO:0000307-C:cyclin-dependent protein kinase holoenzyme complex;  GO:0005737-C:cytoplasm;  GO:0005829-C:cytosol;  GO:0005789-C:endoplasmic reticulum membrane;  GO:0070062-C:extracellular exosome;  GO:0016020-C:membrane;  GO:0030496-C:midbody;  GO:0005759-C:mitochondrial matrix;  GO:0005739-C:mitochondrion;  GO:0072686-C:mitotic spindle;  GO:0005654-C:nucleoplasm;  GO:0005634-C:nucleus;  GO:0005876-C:spindle microtubule",EKIGEGTyGVVYKGR,Y15,1,"Phosphotyrosine (1323, 1343, 1367, 1369, 1381, 1386, 1395, 1402, 1412, 1521, 1536, 1546, 1564, 1599, 1618, 1704, 1718, 1777, 1787, 1885, 1886, 1888)",Prot_kinase_dom,IPR000719,,,,ENSE00003478364,nonbinder,Training,,GTGVVY,GTGVVY,,,0
RDSTLT,P16144,ITGB4,Y1510,TRDYNSLTRSEHSHSTTLPRDySTLTSVSSHDSRLTAGVPDTP,1.195409886322211,1.3471772589539843,1.39061946861176,1.5422315387146728,1.2068505189538676,0.9670835589588233,UniProtKB,P16144,TRDYNSLTRSEHSHSTTLPRDySTLTSVSSHDSRLTAGVPDTP,Updated for maximal coverage,P16144,ITGB4,Integrin_bsu_VWA:37:455:IPR002369;EGF_integrin_1:457:485:IPR040622;EGF:562:573:IPR000742;Integrin_bsu_tail:625:711:IPR012896;Calx_beta:979:1106:IPR003644;FN3_dom:1127:1218:IPR003961;FN3_dom:1220:1321:IPR003961;FN3_dom:1528:1625:IPR003961;FN3_dom:1641:1739:IPR003961,Integrin_bsu_VWA~EGF_integrin_1~EGF~Integrin_bsu_tail~Calx_beta~FN3_dom~FN3_dom~FN3_dom~FN3_dom,GO:0006914-P:autophagy;  GO:0007155-P:cell adhesion;  GO:0033627-P:cell adhesion mediated by integrin;  GO:0016477-P:cell migration;  GO:0048870-P:cell motility;  GO:0098609-P:cell-cell adhesion;  GO:0007160-P:cell-matrix adhesion;  GO:0046847-P:filopodium assembly;  GO:0031581-P:hemidesmosome assembly;  GO:0007229-P:integrin-mediated signaling pathway;  GO:0048333-P:mesodermal cell differentiation;  GO:0035878-P:nail development;  GO:0032290-P:peripheral nervous system myelin formation;  GO:0009611-P:response to wounding;  GO:0043589-P:skin morphogenesis;  GO:0061450-P:trophoblast cell migration;  GO:0001664-F:G protein-coupled receptor binding;  GO:0005178-F:integrin binding;  GO:0046872-F:metal ion binding;  GO:0009925-C:basal plasma membrane;  GO:0005604-C:basement membrane;  GO:0030054-C:cell junction;  GO:0031252-C:cell leading edge;  GO:0009986-C:cell surface;  GO:0070062-C:extracellular exosome;  GO:0005925-C:focal adhesion;  GO:0030056-C:hemidesmosome;  GO:0008305-C:integrin complex;  GO:0031965-C:nuclear membrane;  GO:0005730-C:nucleolus;  GO:0005886-C:plasma membrane;  GO:0043235-C:receptor complex,STTLPRDySTLTSVS,Y1510,1,"Phosphotyrosine (1367, 1381, 1386, 1395, 1412, 1521, 1546, 1777, 1787, 1888)",,,Cytoplasmic;Disordered;Polar residues,,,ENSE00002468909,low-confidence,0.492857742321417,,RDSTLT,RDSTLT,0.0,0.492857742321417,low-confidence
GPSSLV,P16144,ITGB4,Y1207,LYPYCDYEMKVCAYGAQGEGPySSLVSCRTHQEVPSEPGRLAF,0.5774536662790511,0.7758815741601545,0.6483671483493192,0.8023410591682836,0.8885837680434946,0.6860305015543197,UniProtKB,P16144,LYPYCDYEMKVCAYGAQGEGPySSLVSCRTHQEVPSEPGRLAF,Updated for maximal coverage,P16144,ITGB4,Integrin_bsu_VWA:37:455:IPR002369;EGF_integrin_1:457:485:IPR040622;EGF:562:573:IPR000742;Integrin_bsu_tail:625:711:IPR012896;Calx_beta:979:1106:IPR003644;FN3_dom:1127:1218:IPR003961;FN3_dom:1220:1321:IPR003961;FN3_dom:1528:1625:IPR003961;FN3_dom:1641:1739:IPR003961,Integrin_bsu_VWA~EGF_integrin_1~EGF~Integrin_bsu_tail~Calx_beta~FN3_dom~FN3_dom~FN3_dom~FN3_dom,GO:0006914-P:autophagy;  GO:0007155-P:cell adhesion;  GO:0033627-P:cell adhesion mediated by integrin;  GO:0016477-P:cell migration;  GO:0048870-P:cell motility;  GO:0098609-P:cell-cell adhesion;  GO:0007160-P:cell-matrix adhesion;  GO:0046847-P:filopodium assembly;  GO:0031581-P:hemidesmosome assembly;  GO:0007229-P:integrin-mediated signaling pathway;  GO:0048333-P:mesodermal cell differentiation;  GO:0035878-P:nail development;  GO:0032290-P:peripheral nervous system myelin formation;  GO:0009611-P:response to wounding;  GO:0043589-P:skin morphogenesis;  GO:0061450-P:trophoblast cell migration;  GO:0001664-F:G protein-coupled receptor binding;  GO:0005178-F:integrin binding;  GO:0046872-F:metal ion binding;  GO:0009925-C:basal plasma membrane;  GO:0005604-C:basement membrane;  GO:0030054-C:cell junction;  GO:0031252-C:cell leading edge;  GO:0009986-C:cell surface;  GO:0070062-C:extracellular exosome;  GO:0005925-C:focal adhesion;  GO:0030056-C:hemidesmosome;  GO:0008305-C:integrin complex;  GO:0031965-C:nuclear membrane;  GO:0005730-C:nucleolus;  GO:0005886-C:plasma membrane;  GO:0043235-C:receptor complex,GAQGEGPySSLVSCR,Y1207,1,"Phosphotyrosine (1323, 1367, 1369, 1381, 1386, 1395, 1412, 1521, 1536, 1546, 1599, 1787, 1888)",FN3_dom,IPR003961,Cytoplasmic,STRAND,,ENSE00002495477,binder,0.7342399175724503,,GPSSLV,GPSSLV,1.0,0.7342399175724503,confident binder
IDLMLK,Q96RT1,ERBB2IP,Y1293,QIHHPPQASVARHPSREQLIDyLMLKVAHQPPYTQPHCSPRQG,2.531523756560209,2.942007907542051,2.8262022369506705,2.5523202115156995,1.634308813381223,1.0535736595339296,UniProtKB,Q96RT1,QIHHPPQASVARHPSREQLIDyLMLKVAHQPPYTQPHCSPRQG,Updated for maximal coverage,Q96RT1,ERBIN,LRR_R13L4/SHOC2-like:225:330:IPR055414;PDZ:1321:1410:IPR001478,LRR_R13L4/SHOC2-like~PDZ,GO:0045175-P:basal protein localization;  GO:0007155-P:cell adhesion;  GO:0071356-P:cellular response to tumor necrosis factor;  GO:0007173-P:epidermal growth factor receptor signaling pathway;  GO:0045197-P:establishment or maintenance of epithelial cell apical/basal polarity;  GO:0007229-P:integrin-mediated signaling pathway;  GO:0045104-P:intermediate filament cytoskeleton organization;  GO:0035556-P:intracellular signal transduction;  GO:0071638-P:negative regulation of monocyte chemotactic protein-1 production;  GO:0032088-P:negative regulation of NF-kappaB transcription factor activity;  GO:0070433-P:negative regulation of nucleotide-binding oligomerization domain containing 2 signaling pathway;  GO:0006605-P:protein targeting;  GO:0099072-P:regulation of postsynaptic membrane neurotransmitter receptor levels;  GO:0032496-P:response to lipopolysaccharide;  GO:0032495-P:response to muramyl dipeptide;  GO:0007165-P:signal transduction;  GO:0005176-F:ErbB-2 class receptor binding;  GO:0005102-F:signaling receptor binding;  GO:0005200-F:structural constituent of cytoskeleton;  GO:0009925-C:basal plasma membrane;  GO:0005604-C:basement membrane;  GO:0016323-C:basolateral plasma membrane;  GO:0030054-C:cell junction;  GO:0005737-C:cytoplasm;  GO:0098978-C:glutamatergic synapse;  GO:0030056-C:hemidesmosome;  GO:0031594-C:neuromuscular junction;  GO:0031965-C:nuclear membrane;  GO:0016607-C:nuclear speck;  GO:0005634-C:nucleus;  GO:0005886-C:plasma membrane;  GO:0099572-C:postsynaptic specialization,SREQLIDyLMLKVAH,Y1293,1,"Phosphotyrosine (1367, 1381, 1386, 1412, 1521, 1787, 1888)",,,,,,ENSE00003602038,binder,0.963154374499996,,IDLMLK,IDLMLK,1.0,0.9631543744999959,confident binder
GDLSYR,Q96RT1,ERBB2IP,Y1104,TASVNLGDPGSTRRAQIPEGDyLSYREFHSAGRTPPMMPGSQR,0.9188349186839636,0.8566183399886728,0.6073550539274795,0.7416417186165262,0.6885583143448737,0.7204287379522426,UniProtKB,Q96RT1,TASVNLGDPGSTRRAQIPEGDyLSYREFHSAGRTPPMMPGSQR,Updated for maximal coverage,Q96RT1,ERBIN,LRR_R13L4/SHOC2-like:225:330:IPR055414;PDZ:1321:1410:IPR001478,LRR_R13L4/SHOC2-like~PDZ,GO:0045175-P:basal protein localization;  GO:0007155-P:cell adhesion;  GO:0071356-P:cellular response to tumor necrosis factor;  GO:0007173-P:epidermal growth factor receptor signaling pathway;  GO:0045197-P:establishment or maintenance of epithelial cell apical/basal polarity;  GO:0007229-P:integrin-mediated signaling pathway;  GO:0045104-P:intermediate filament cytoskeleton organization;  GO:0035556-P:intracellular signal transduction;  GO:0071638-P:negative regulation of monocyte chemotactic protein-1 production;  GO:0032088-P:negative regulation of NF-kappaB transcription factor activity;  GO:0070433-P:negative regulation of nucleotide-binding oligomerization domain containing 2 signaling pathway;  GO:0006605-P:protein targeting;  GO:0099072-P:regulation of postsynaptic membrane neurotransmitter receptor levels;  GO:0032496-P:response to lipopolysaccharide;  GO:0032495-P:response to muramyl dipeptide;  GO:0007165-P:signal transduction;  GO:0005176-F:ErbB-2 class receptor binding;  GO:0005102-F:signaling receptor binding;  GO:0005200-F:structural constituent of cytoskeleton;  GO:0009925-C:basal plasma membrane;  GO:0005604-C:basement membrane;  GO:0016323-C:basolateral plasma membrane;  GO:0030054-C:cell junction;  GO:0005737-C:cytoplasm;  GO:0098978-C:glutamatergic synapse;  GO:0030056-C:hemidesmosome;  GO:0031594-C:neuromuscular junction;  GO:0031965-C:nuclear membrane;  GO:0016607-C:nuclear speck;  GO:0005634-C:nucleus;  GO:0005886-C:plasma membrane;  GO:0099572-C:postsynaptic specialization,AQIPEGDyLSYREFH,Y1104,1,"Phosphotyrosine (1323, 1343, 1367, 1381, 1386, 1387, 1395, 1412, 1521, 1546, 1599, 1787, 1885, 1886, 1888)",,,Disordered,,,ENSE00000837128,binder,0.8420248517877164,,GDLSYR,GDLSYR,1.0,0.8420248517877164,confident binder
PDGALY,P19174,PLCG1,Y771,MKLRYPINEEALEKIGTAEPDyGALYEGRNPGFYVEANPMPTF,2.665653962689446,2.754537090820349,2.458473266159985,2.175546660614432,1.7196333559253825,1.1041712361561793,UniProtKB,P19174,MKLRYPINEEALEKIGTAEPDyGALYEGRNPGFYVEANPMPTF,Updated for maximal coverage,P19174,PLCG1,PH_domain:27:144:IPR001849;EF_hand_dom:152:187:IPR002048;PLipase_C_PInositol-sp_X_dom:320:465:IPR000909;SH2:548:657:IPR000980;SH2:666:756:IPR000980;SH3_domain:791:851:IPR001452;PH_domain:804:933:IPR001849;PLipase_C_Pinositol-sp_Y:953:1070:IPR001711;C2_dom:1071:1194:IPR000008,PH_domain~EF_hand_dom~PLipase_C_PInositol-sp_X_dom~SH2~SH2~SH3_domain~PH_domain~PLipase_C_Pinositol-sp_Y~C2_dom,"GO:0019722-P:calcium-mediated signaling;  GO:0016477-P:cell migration;  GO:0071364-P:cellular response to epidermal growth factor stimulus;  GO:0007173-P:epidermal growth factor receptor signaling pathway;  GO:0038095-P:Fc-epsilon receptor signaling pathway;  GO:0002862-P:negative regulation of inflammatory response to antigenic stimulus;  GO:0046488-P:phosphatidylinositol metabolic process;  GO:0048015-P:phosphatidylinositol-mediated signaling;  GO:0009395-P:phospholipid catabolic process;  GO:0045766-P:positive regulation of angiogenesis;  GO:0043536-P:positive regulation of blood vessel endothelial cell migration;  GO:2000353-P:positive regulation of endothelial cell apoptotic process;  GO:0010634-P:positive regulation of epithelial cell migration;  GO:0051281-P:positive regulation of release of sequestered calcium ion into cytosol;  GO:1905564-P:positive regulation of vascular endothelial cell proliferation;  GO:0051209-P:release of sequestered calcium ion into cytosol;  GO:0050852-P:T cell receptor signaling pathway;  GO:0005509-F:calcium ion binding;  GO:0050429-F:calcium-dependent phospholipase C activity;  GO:0005085-F:guanyl-nucleotide exchange factor activity;  GO:0005168-F:neurotrophin TRKA receptor binding;  GO:0004435-F:phosphatidylinositol-4,5-bisphosphate phospholipase C activity;  GO:0004629-F:phospholipase C activity;  GO:0019901-F:protein kinase binding;  GO:0042995-C:cell projection;  GO:0008180-C:COP9 signalosome;  GO:0005737-C:cytoplasm;  GO:0005829-C:cytosol;  GO:0030027-C:lamellipodium;  GO:0005886-C:plasma membrane;  GO:0001726-C:ruffle;  GO:0032587-C:ruffle membrane",IGTAEPDyGALYEGR,Y771,1,"Phosphotyrosine (1323, 1343, 1381, 1386, 1395, 1412, 1521, 1536, 1546, 1787, 1886, 1887, 1888)",,,,,,ENSE00000844740,low-confidence,0.5309158172305166,,PDGALY,PDGALY,0.0,0.5309158172305166,low-confidence
GFVEAN,P19174,PLCG1,Y783,EKIGTAEPDYGALYEGRNPGFyVEANPMPTFKCAVKALFDYKA,2.877302254543463,3.084575874228547,2.8996735616032008,2.727481207172506,2.360982085445784,2.107236616685573,UniProtKB,P19174,EKIGTAEPDYGALYEGRNPGFyVEANPMPTFKCAVKALFDYKA,Updated for maximal coverage,P19174,PLCG1,PH_domain:27:144:IPR001849;EF_hand_dom:152:187:IPR002048;PLipase_C_PInositol-sp_X_dom:320:465:IPR000909;SH2:548:657:IPR000980;SH2:666:756:IPR000980;SH3_domain:791:851:IPR001452;PH_domain:804:933:IPR001849;PLipase_C_Pinositol-sp_Y:953:1070:IPR001711;C2_dom:1071:1194:IPR000008,PH_domain~EF_hand_dom~PLipase_C_PInositol-sp_X_dom~SH2~SH2~SH3_domain~PH_domain~PLipase_C_Pinositol-sp_Y~C2_dom,"GO:0019722-P:calcium-mediated signaling;  GO:0016477-P:cell migration;  GO:0071364-P:cellular response to epidermal growth factor stimulus;  GO:0007173-P:epidermal growth factor receptor signaling pathway;  GO:0038095-P:Fc-epsilon receptor signaling pathway;  GO:0002862-P:negative regulation of inflammatory response to antigenic stimulus;  GO:0046488-P:phosphatidylinositol metabolic process;  GO:0048015-P:phosphatidylinositol-mediated signaling;  GO:0009395-P:phospholipid catabolic process;  GO:0045766-P:positive regulation of angiogenesis;  GO:0043536-P:positive regulation of blood vessel endothelial cell migration;  GO:2000353-P:positive regulation of endothelial cell apoptotic process;  GO:0010634-P:positive regulation of epithelial cell migration;  GO:0051281-P:positive regulation of release of sequestered calcium ion into cytosol;  GO:1905564-P:positive regulation of vascular endothelial cell proliferation;  GO:0051209-P:release of sequestered calcium ion into cytosol;  GO:0050852-P:T cell receptor signaling pathway;  GO:0005509-F:calcium ion binding;  GO:0050429-F:calcium-dependent phospholipase C activity;  GO:0005085-F:guanyl-nucleotide exchange factor activity;  GO:0005168-F:neurotrophin TRKA receptor binding;  GO:0004435-F:phosphatidylinositol-4,5-bisphosphate phospholipase C activity;  GO:0004629-F:phospholipase C activity;  GO:0019901-F:protein kinase binding;  GO:0042995-C:cell projection;  GO:0008180-C:COP9 signalosome;  GO:0005737-C:cytoplasm;  GO:0005829-C:cytosol;  GO:0030027-C:lamellipodium;  GO:0005886-C:plasma membrane;  GO:0001726-C:ruffle;  GO:0032587-C:ruffle membrane",EGRNPGFyVEANPMP,Y783,1,"Phosphotyrosine (1323, 1381, 1386, 1395, 1412, 1546, 1787, 1886, 1887, 1888)",,,,,,ENSE00000844740,binder,0.8177289768140724,,GFVEAN,GFVEAN,1.0,0.8177289768140724,confident binder
SRQQPF,P19174,PLCG1,Y1253,GSDASGQLFHGRAREGSFESRyQQPFEDFRISQEHLADHFDSR,3.1756357057945976,3.3507830942574306,3.258507989124337,3.111989522242145,2.63133976459453,1.8699712400554005,UniProtKB,P19174,GSDASGQLFHGRAREGSFESRyQQPFEDFRISQEHLADHFDSR,Updated for maximal coverage,P19174,PLCG1,PH_domain:27:144:IPR001849;EF_hand_dom:152:187:IPR002048;PLipase_C_PInositol-sp_X_dom:320:465:IPR000909;SH2:548:657:IPR000980;SH2:666:756:IPR000980;SH3_domain:791:851:IPR001452;PH_domain:804:933:IPR001849;PLipase_C_Pinositol-sp_Y:953:1070:IPR001711;C2_dom:1071:1194:IPR000008,PH_domain~EF_hand_dom~PLipase_C_PInositol-sp_X_dom~SH2~SH2~SH3_domain~PH_domain~PLipase_C_Pinositol-sp_Y~C2_dom,"GO:0019722-P:calcium-mediated signaling;  GO:0016477-P:cell migration;  GO:0071364-P:cellular response to epidermal growth factor stimulus;  GO:0007173-P:epidermal growth factor receptor signaling pathway;  GO:0038095-P:Fc-epsilon receptor signaling pathway;  GO:0002862-P:negative regulation of inflammatory response to antigenic stimulus;  GO:0046488-P:phosphatidylinositol metabolic process;  GO:0048015-P:phosphatidylinositol-mediated signaling;  GO:0009395-P:phospholipid catabolic process;  GO:0045766-P:positive regulation of angiogenesis;  GO:0043536-P:positive regulation of blood vessel endothelial cell migration;  GO:2000353-P:positive regulation of endothelial cell apoptotic process;  GO:0010634-P:positive regulation of epithelial cell migration;  GO:0051281-P:positive regulation of release of sequestered calcium ion into cytosol;  GO:1905564-P:positive regulation of vascular endothelial cell proliferation;  GO:0051209-P:release of sequestered calcium ion into cytosol;  GO:0050852-P:T cell receptor signaling pathway;  GO:0005509-F:calcium ion binding;  GO:0050429-F:calcium-dependent phospholipase C activity;  GO:0005085-F:guanyl-nucleotide exchange factor activity;  GO:0005168-F:neurotrophin TRKA receptor binding;  GO:0004435-F:phosphatidylinositol-4,5-bisphosphate phospholipase C activity;  GO:0004629-F:phospholipase C activity;  GO:0019901-F:protein kinase binding;  GO:0042995-C:cell projection;  GO:0008180-C:COP9 signalosome;  GO:0005737-C:cytoplasm;  GO:0005829-C:cytosol;  GO:0030027-C:lamellipodium;  GO:0005886-C:plasma membrane;  GO:0001726-C:ruffle;  GO:0032587-C:ruffle membrane",EGSFESRyQQPFEDF,Y1253,1,"Phosphotyrosine (1323, 1381, 1386, 1395, 1412, 1886, 1887, 1888)",,,,,,ENSE00000844751,binder,Training,,SRQQPF,SRQQPF,,,1
NISVPH,Q9NRY4,ARHGAP35,Y1105,PSDYAEPMDAVVKPRNEEENIySVPHDSTQGKIITIRNINKAQ,0.9823705958280554,0.9601194858059744,1.1435640130405589,1.4659190824709092,1.1133602850484046,1.2501401437798032,UniProtKB,Q9NRY4,PSDYAEPMDAVVKPRNEEENIySVPHDSTQGKIITIRNINKAQ,Updated for maximal coverage,Q9NRY4,ARHGAP35,FF_domain:270:327:IPR002713;FF_domain:368:422:IPR002713;FF_domain:429:483:IPR002713;FF_domain:485:550:IPR002713;pG1:592:767:IPR039007;RhoGAP_pG2:783:947:IPR039006;RhoGAP_dom:1249:1436:IPR000198,FF_domain~FF_domain~FF_domain~FF_domain~pG1~RhoGAP_pG2~RhoGAP_dom,"GO:0007411-P:axon guidance;  GO:0007413-P:axonal fasciculation;  GO:0043010-P:camera-type eye development;  GO:0016477-P:cell migration;  GO:0021955-P:central nervous system neuron axonogenesis;  GO:0030950-P:establishment or maintenance of actin cytoskeleton polarity;  GO:0030900-P:forebrain development;  GO:0030879-P:mammary gland development;  GO:0035024-P:negative regulation of Rho protein signal transduction;  GO:0043116-P:negative regulation of vascular permeability;  GO:0001843-P:neural tube closure;  GO:0097485-P:neuron projection guidance;  GO:0045724-P:positive regulation of cilium assembly;  GO:0010976-P:positive regulation of neuron projection development;  GO:0032956-P:regulation of actin cytoskeleton organization;  GO:0008064-P:regulation of actin polymerization or depolymerization;  GO:0050770-P:regulation of axonogenesis;  GO:0008360-P:regulation of cell shape;  GO:0008361-P:regulation of cell size;  GO:0051056-P:regulation of small GTPase mediated signal transduction;  GO:0007266-P:Rho protein signal transduction;  GO:0044319-P:wound healing, spreading of cells;  GO:0003677-F:DNA binding;  GO:0005525-F:GTP binding;  GO:0005096-F:GTPase activator activity;  GO:0003924-F:GTPase activity;  GO:0005543-F:phospholipid binding;  GO:0015629-C:actin cytoskeleton;  GO:0036064-C:ciliary basal body;  GO:0005829-C:cytosol;  GO:0005634-C:nucleus;  GO:0005886-C:plasma membrane",RNEEENIySVPHDST,Y1105,1,"Phosphotyrosine (1323, 1343, 1367, 1369, 1381, 1386, 1387, 1395, 1412, 1521, 1546, 1599, 1618, 1682, 1704, 1718, 1723, 1777, 1787, 1885, 1886, 1887, 1888)",,,,,,ENSE00003894985,binder,Training,,NISVPH,NISVPH,,,1
SLPSSE,O75886,STAM2,Y192,AKAIELSLQEQKQQHTETKSLyPSSEIQLNNKVARKVRALYDF,-0.1115663360452064,0.806740871684182,1.780606552836434,3.0656299220316594,4.177998821986309,3.0427991410090134,UniProtKB,O75886,AKAIELSLQEQKQQHTETKSLyPSSEIQLNNKVARKVRALYDF,Updated for maximal coverage,O75886,STAM2,VHS_dom:6:144:IPR002014;SH3_domain:202:261:IPR001452,VHS_dom~SH3_domain,GO:0016236-P:macroautophagy;  GO:0090148-P:membrane fission;  GO:0036258-P:multivesicular body assembly;  GO:0043328-P:protein transport to vacuole involved in ubiquitin-dependent protein catabolic process via the multivesicular body sorting pathway;  GO:0007165-P:signal transduction;  GO:0035091-F:phosphatidylinositol binding;  GO:0043130-F:ubiquitin binding;  GO:0005737-C:cytoplasm;  GO:0005829-C:cytosol;  GO:0031901-C:early endosome membrane;  GO:0030139-C:endocytic vesicle;  GO:0033565-C:ESCRT-0 complex;  GO:0043231-C:intracellular membrane-bounded organelle;  GO:0005654-C:nucleoplasm,HTETKSLyPSSEIQL,Y192,1,"Phosphotyrosine (1323, 1381, 1386, 1395, 1412, 1787, 1888)",,,,,,ENSE00003637851,nonbinder,Training,,SLPSSE,SLPSSE,,,0
PVIDED,O75886,STAM2,Y291,DKLNVIDDDVEEIKKSEPEPVyIDEDKMDRALQVLQSIDPTDS,2.3191721088504784,2.567480131145749,3.1300243919792456,3.5086136967206945,4.491332362798051,4.067142756757542,UniProtKB,O75886,DKLNVIDDDVEEIKKSEPEPVyIDEDKMDRALQVLQSIDPTDS,Updated for maximal coverage,O75886,STAM2,VHS_dom:6:144:IPR002014;SH3_domain:202:261:IPR001452,VHS_dom~SH3_domain,GO:0016236-P:macroautophagy;  GO:0090148-P:membrane fission;  GO:0036258-P:multivesicular body assembly;  GO:0043328-P:protein transport to vacuole involved in ubiquitin-dependent protein catabolic process via the multivesicular body sorting pathway;  GO:0007165-P:signal transduction;  GO:0035091-F:phosphatidylinositol binding;  GO:0043130-F:ubiquitin binding;  GO:0005737-C:cytoplasm;  GO:0005829-C:cytosol;  GO:0031901-C:early endosome membrane;  GO:0030139-C:endocytic vesicle;  GO:0033565-C:ESCRT-0 complex;  GO:0043231-C:intracellular membrane-bounded organelle;  GO:0005654-C:nucleoplasm,KSEPEPVyIDEDKMD,Y291,1,"Phosphotyrosine (1381, 1386, 1395, 1412, 1777, 1888)",,,,,,ENSE00003584627,low-confidence,0.4369291350116022,,PVIDED,PVIDED,0.0,0.43692913501160224,low-confidence
NCEEVK,P23528,CFL1,Y140,SSKDAIKKKLTGIKHELQANCyEEVKDRCTLAEKLGGSAVISL,0.7215849555243754,0.9347457010387384,0.9783440329260672,1.0658747641103452,1.472401165239749,1.820445922232642,UniProtKB,P23528,SSKDAIKKKLTGIKHELQANCyEEVKDRCTLAEKLGGSAVISL,Updated for maximal coverage,P23528,CFL1,ADF-H:4:154:IPR002108,ADF-H,"GO:0030036-P:actin cytoskeleton organization;  GO:0030042-P:actin filament depolymerization;  GO:0030043-P:actin filament fragmentation;  GO:0051014-P:actin filament severing;  GO:0030030-P:cell projection organization;  GO:0071364-P:cellular response to epidermal growth factor stimulus;  GO:0071362-P:cellular response to ether;  GO:0070301-P:cellular response to hydrogen peroxide;  GO:1990314-P:cellular response to insulin-like growth factor stimulus;  GO:0071347-P:cellular response to interleukin-1;  GO:0071354-P:cellular response to interleukin-6;  GO:0071356-P:cellular response to tumor necrosis factor;  GO:0007010-P:cytoskeleton organization;  GO:0030010-P:establishment of cell polarity;  GO:0051293-P:establishment of spindle localization;  GO:0021766-P:hippocampus development;  GO:0000281-P:mitotic cytokinesis;  GO:0098885-P:modification of postsynaptic actin cytoskeleton;  GO:0032232-P:negative regulation of actin filament bundle assembly;  GO:0030835-P:negative regulation of actin filament depolymerization;  GO:0043066-P:negative regulation of apoptotic process;  GO:0007162-P:negative regulation of cell adhesion;  GO:2000146-P:negative regulation of cell motility;  GO:0045792-P:negative regulation of cell size;  GO:1902951-P:negative regulation of dendritic spine maintenance;  GO:0010593-P:negative regulation of lamellipodium assembly;  GO:1905875-P:negative regulation of postsynaptic density organization;  GO:0051511-P:negative regulation of unidimensional cell growth;  GO:0001755-P:neural crest cell migration;  GO:0001842-P:neural fold formation;  GO:0044794-P:positive regulation by host of viral process;  GO:0030836-P:positive regulation of actin filament depolymerization;  GO:2000814-P:positive regulation of barbed-end actin filament capping;  GO:0030307-P:positive regulation of cell growth;  GO:2000147-P:positive regulation of cell motility;  GO:0060999-P:positive regulation of dendritic spine development;  GO:0040019-P:positive regulation of embryonic development;  GO:2000784-P:positive regulation of establishment of cell polarity regulating cell shape;  GO:0051894-P:positive regulation of focal adhesion assembly;  GO:0010592-P:positive regulation of lamellipodium assembly;  GO:1905873-P:positive regulation of protein localization to cell leading edge;  GO:0045862-P:positive regulation of proteolysis;  GO:0031915-P:positive regulation of synaptic plasticity;  GO:0006606-P:protein import into nucleus;  GO:0022604-P:regulation of cell morphogenesis;  GO:0061001-P:regulation of dendritic spine morphogenesis;  GO:0014823-P:response to activity;  GO:0043200-P:response to amino acid;  GO:0009615-P:response to virus;  GO:0007266-P:Rho protein signal transduction;  GO:0051015-F:actin filament binding;  GO:1902936-F:phosphatidylinositol bisphosphate binding;  GO:0019903-F:protein phosphatase binding;  GO:0005102-F:signaling receptor binding;  GO:0015629-C:actin cytoskeleton;  GO:0005911-C:cell-cell junction;  GO:0090732-C:cofilin-actin rod;  GO:0030864-C:cortical actin cytoskeleton;  GO:0005737-C:cytoplasm;  GO:0005829-C:cytosol;  GO:0043197-C:dendritic spine;  GO:0070062-C:extracellular exosome;  GO:0005615-C:extracellular space;  GO:0030175-C:filopodium;  GO:0005925-C:focal adhesion;  GO:0098978-C:glutamatergic synapse;  GO:0030426-C:growth cone;  GO:0030027-C:lamellipodium;  GO:0031258-C:lamellipodium membrane;  GO:0016020-C:membrane;  GO:0031966-C:mitochondrial membrane;  GO:0043025-C:neuronal cell body;  GO:0016363-C:nuclear matrix;  GO:0005634-C:nucleus;  GO:0099092-C:postsynaptic density, intracellular component;  GO:0032587-C:ruffle membrane;  GO:0097060-C:synaptic membrane;  GO:0031982-C:vesicle",HELQANCyEEVKDRC,Y140,1,"Phosphotyrosine (1323, 1367, 1369, 1381, 1386, 1395, 1412, 1521, 1546, 1682, 1723, 1787, 1885, 1886, 1888)",ADF-H,IPR002108,,HELIX,,ENSE00001344370,binder,Training,,NCEEVK,NCEEVK,,,1
VDVVVD,Q13480,GAB1,Y659,TPPRKQKSSGSGSSVADERVDyVVVDQQKTLALKSTREAWTDG,2.972940898262702,3.391243814940588,3.406332240952457,3.2566484183041298,2.757827148513847,2.4991972681751125,UniProtKB,Q13480,TPPRKQKSSGSGSSVADERVDyVVVDQQKTLALKSTREAWTDG,Updated for maximal coverage,Q13480,GAB1,PH_domain:5:118:IPR001849,PH_domain,GO:0001525-P:angiogenesis;  GO:0071260-P:cellular response to mechanical stimulus;  GO:0035767-P:endothelial cell chemotaxis;  GO:0007173-P:epidermal growth factor receptor signaling pathway;  GO:0008286-P:insulin receptor signaling pathway;  GO:0035556-P:intracellular signal transduction;  GO:0045766-P:positive regulation of angiogenesis;  GO:0043536-P:positive regulation of blood vessel endothelial cell migration;  GO:0051897-P:positive regulation of phosphatidylinositol 3-kinase/protein kinase B signal transduction;  GO:0007165-P:signal transduction;  GO:0038084-P:vascular endothelial growth factor signaling pathway;  GO:0042311-P:vasodilation;  GO:0035591-F:signaling adaptor activity;  GO:0005911-C:cell-cell junction;  GO:0005737-C:cytoplasm;  GO:0005829-C:cytosol,VADERVDyVVVDQQK,Y659,1,"Phosphotyrosine (1323, 1369, 1381, 1386, 1395, 1412, 1521, 1787, 1886, 1888)",,,,,,ENSE00000927407,binder,0.8854167752218856,,VDVVVD,VDVVVD,1.0,0.8854167752218856,confident binder
SSCIPT,Q13480,GAB1,Y373,HDRSPVETCSIPRTASDTDSSyCIPTAGMSPSRSNTISTVDLN,2.685690236250492,3.097628581681829,2.551521878588523,2.458569430879201,1.8729928552755848,1.2431918201810048,UniProtKB,Q13480,HDRSPVETCSIPRTASDTDSSyCIPTAGMSPSRSNTISTVDLN,Updated for maximal coverage,Q13480,GAB1,PH_domain:5:118:IPR001849,PH_domain,GO:0001525-P:angiogenesis;  GO:0071260-P:cellular response to mechanical stimulus;  GO:0035767-P:endothelial cell chemotaxis;  GO:0007173-P:epidermal growth factor receptor signaling pathway;  GO:0008286-P:insulin receptor signaling pathway;  GO:0035556-P:intracellular signal transduction;  GO:0045766-P:positive regulation of angiogenesis;  GO:0043536-P:positive regulation of blood vessel endothelial cell migration;  GO:0051897-P:positive regulation of phosphatidylinositol 3-kinase/protein kinase B signal transduction;  GO:0007165-P:signal transduction;  GO:0038084-P:vascular endothelial growth factor signaling pathway;  GO:0042311-P:vasodilation;  GO:0035591-F:signaling adaptor activity;  GO:0005911-C:cell-cell junction;  GO:0005737-C:cytoplasm;  GO:0005829-C:cytosol,ASDTDSSyCIPTAGM,Y373,1,"Phosphotyrosine (1323, 1381, 1386, 1395, 1412, 1521, 1618, 1704, 1787, 1888)",,,Disordered;Polar residues,,,ENSE00000739496,binder,0.6684512396271833,,SSCIPT,SSCIPT,1.0,0.6684512396271833,confident binder
DCDIPR,Q13480,GAB1,Y406,SNTISTVDLNKLRKDASSQDCyDIPRAFPSDRSSSLEGFHNHF,1.4203478127091644,1.5792441903622472,1.3436519108787814,1.3618302751989817,1.0243147324382396,0.4789634969471582,UniProtKB,Q13480,SNTISTVDLNKLRKDASSQDCyDIPRAFPSDRSSSLEGFHNHF,Updated for maximal coverage,Q13480,GAB1,PH_domain:5:118:IPR001849,PH_domain,GO:0001525-P:angiogenesis;  GO:0071260-P:cellular response to mechanical stimulus;  GO:0035767-P:endothelial cell chemotaxis;  GO:0007173-P:epidermal growth factor receptor signaling pathway;  GO:0008286-P:insulin receptor signaling pathway;  GO:0035556-P:intracellular signal transduction;  GO:0045766-P:positive regulation of angiogenesis;  GO:0043536-P:positive regulation of blood vessel endothelial cell migration;  GO:0051897-P:positive regulation of phosphatidylinositol 3-kinase/protein kinase B signal transduction;  GO:0007165-P:signal transduction;  GO:0038084-P:vascular endothelial growth factor signaling pathway;  GO:0042311-P:vasodilation;  GO:0035591-F:signaling adaptor activity;  GO:0005911-C:cell-cell junction;  GO:0005737-C:cytoplasm;  GO:0005829-C:cytosol,DASSQDCyDIPRAFP,Y406,1,"Phosphotyrosine (1323, 1369, 1381, 1386, 1395, 1412, 1521, 1618, 1704, 1787, 1888)",,,,,,ENSE00001218331,binder,0.9034117717239132,,DCDIPR,DCDIPR,1.0,0.9034117717239131,confident binder
VELDLD,Q13480,GAB1,Y627,SNSLDGGSSPMIKPKGDKQVEyLDLDLDSGKSTPPRKQKSSGS,2.44382255826943,2.873081299460344,2.926667829715141,2.9326569922464265,2.633386677306937,2.4083614948421146,UniProtKB,Q13480,SNSLDGGSSPMIKPKGDKQVEyLDLDLDSGKSTPPRKQKSSGS,Updated for maximal coverage,Q13480,GAB1,PH_domain:5:118:IPR001849,PH_domain,GO:0001525-P:angiogenesis;  GO:0071260-P:cellular response to mechanical stimulus;  GO:0035767-P:endothelial cell chemotaxis;  GO:0007173-P:epidermal growth factor receptor signaling pathway;  GO:0008286-P:insulin receptor signaling pathway;  GO:0035556-P:intracellular signal transduction;  GO:0045766-P:positive regulation of angiogenesis;  GO:0043536-P:positive regulation of blood vessel endothelial cell migration;  GO:0051897-P:positive regulation of phosphatidylinositol 3-kinase/protein kinase B signal transduction;  GO:0007165-P:signal transduction;  GO:0038084-P:vascular endothelial growth factor signaling pathway;  GO:0042311-P:vasodilation;  GO:0035591-F:signaling adaptor activity;  GO:0005911-C:cell-cell junction;  GO:0005737-C:cytoplasm;  GO:0005829-C:cytosol,KGDKQVEyLDLDLDS,Y627,1,"Phosphotyrosine (1323, 1369, 1381, 1386, 1395, 1412, 1521, 1787, 1886, 1888)",,,Disordered,,,ENSE00003467441,binder,0.9398104361915346,,VELDLD,VELDLD,1.0,0.9398104361915346,confident binder
VNEEDA,P16591,FER,Y402,KELLEQKVQENDGKEPPPVVNyEEDARSVTSMERKERLSKFES,0.661505041503446,0.7900603680407488,0.8354248006216797,1.152752026021514,0.7496418108863175,0.8434526619886072,UniProtKB,P16591,KELLEQKVQENDGKEPPPVVNyEEDARSVTSMERKERLSKFES,Updated for maximal coverage,P16591,FER,FCH_dom:1:92:IPR001060;Fer_F-BAR:5:238:IPR037452;SH2:458:550:IPR000980;Prot_kinase_dom:563:816:IPR000719,FCH_dom~Fer_F-BAR~SH2~Prot_kinase_dom,GO:0030036-P:actin cytoskeleton organization;  GO:0034333-P:adherens junction assembly;  GO:0120179-P:adherens junction disassembly;  GO:0007155-P:cell adhesion;  GO:0044331-P:cell-cell adhesion mediated by cadherin;  GO:0036006-P:cellular response to macrophage colony-stimulating factor stimulus;  GO:0034614-P:cellular response to reactive oxygen species;  GO:0006935-P:chemotaxis;  GO:0019221-P:cytokine-mediated signaling pathway;  GO:0050904-P:diapedesis;  GO:0035426-P:extracellular matrix-cell signaling;  GO:0038095-P:Fc-epsilon receptor signaling pathway;  GO:0007281-P:germ cell development;  GO:0008286-P:insulin receptor signaling pathway;  GO:0070102-P:interleukin-6-mediated signaling pathway;  GO:0035556-P:intracellular signal transduction;  GO:0038109-P:Kit signaling pathway;  GO:0000226-P:microtubule cytoskeleton organization;  GO:0033007-P:negative regulation of mast cell activation involved in immune response;  GO:0018108-P:peptidyl-tyrosine phosphorylation;  GO:0048008-P:platelet-derived growth factor receptor signaling pathway;  GO:0030838-P:positive regulation of actin filament polymerization;  GO:0030335-P:positive regulation of cell migration;  GO:0008284-P:positive regulation of cell population proliferation;  GO:0051092-P:positive regulation of NF-kappaB transcription factor activity;  GO:0051897-P:positive regulation of phosphatidylinositol 3-kinase/protein kinase B signal transduction;  GO:0046777-P:protein autophosphorylation;  GO:0006468-P:protein phosphorylation;  GO:0042058-P:regulation of epidermal growth factor receptor signaling pathway;  GO:0010762-P:regulation of fibroblast migration;  GO:0010591-P:regulation of lamellipodium assembly;  GO:0001932-P:regulation of protein phosphorylation;  GO:0032496-P:response to lipopolysaccharide;  GO:0036119-P:response to platelet-derived growth factor;  GO:0072520-P:seminiferous tubule development;  GO:0060009-P:Sertoli cell development;  GO:0034446-P:substrate adhesion-dependent cell spreading;  GO:0007260-P:tyrosine phosphorylation of STAT protein;  GO:0005524-F:ATP binding;  GO:0005154-F:epidermal growth factor receptor binding;  GO:0008289-F:lipid binding;  GO:0004715-F:non-membrane spanning protein tyrosine kinase activity;  GO:0008157-F:protein phosphatase 1 binding;  GO:0004713-F:protein tyrosine kinase activity;  GO:0005912-C:adherens junction;  GO:0005938-C:cell cortex;  GO:0042995-C:cell projection;  GO:0000785-C:chromatin;  GO:0005737-C:cytoplasm;  GO:0009898-C:cytoplasmic side of plasma membrane;  GO:0005856-C:cytoskeleton;  GO:0005829-C:cytosol;  GO:0005634-C:nucleus;  GO:0005886-C:plasma membrane;  GO:0032991-C:protein-containing complex,EPPPVVNyEEDARSV,Y402,1,"Phosphotyrosine (1323, 1369, 1381, 1386, 1395, 1412, 1521, 1777, 1787, 1886, 1888)",,,,,,ENSE00003488256,nonbinder,0.190589696373201,,VNEEDA,VNEEDA,0.0,0.19058969637320103,confident nonbinder
APLKTK,P40763-2,STAT3,Y704,FGKYCRPESQEHPEADPGAAPyLKTKFICVTPTTCSNTIDLPM,0.8571921722064357,1.0375975897155765,1.1318000090919604,1.1554102242746058,0.666714223441973,-0.0087138066185292,UniProtKB,P40763-2,FGKYCRPESQEHPEADPGAAPyLKTKFICVTPTTCSNTIDLPM,Updated for maximal coverage,P40763-2,STAT3,STAT_TF_prot_interaction:2:122:IPR013799;STAT_TF_alpha:145:313:IPR013800;STAT_TF_DNA-bd:326:464:IPR013801;STAT_linker:488:565:IPR048988;STAT3_SH2:554:714:IPR035855,STAT_TF_prot_interaction~STAT_TF_alpha~STAT_TF_DNA-bd~STAT_linker~STAT3_SH2,,ADPGAAPyLKTKFIC,Y704,1,"Phosphotyrosine (1367, 1369, 1381, 1386, 1387, 1395, 1402, 1412, 1521, 1536, 1546, 1599, 1718, 1723, 1777, 1787, 1887, 1888)",STAT3_SH2,IPR035855,,,,,,,,APLKTK,APLKTK,1.0,0.5696287855261996,low-confidence
GDGQLH,O60674,JAK2,Y570,ESLGQGTFTKIFKGVRREVGDyGQLHETEVLLKVLDKAHRNYS,1.1611468684854933,1.3567418605826451,1.2349439683476555,1.381534026617841,0.9631727456117156,0.7919608880106909,UniProtKB,O60674,ESLGQGTFTKIFKGVRREVGDyGQLHETEVLLKVLDKAHRNYS,Updated for maximal coverage,O60674,JAK2,FERM_domain:37:380:IPR000299;SH2:397:501:IPR000980;Prot_kinase_dom:545:809:IPR000719;Prot_kinase_dom:849:1126:IPR000719,FERM_domain~SH2~Prot_kinase_dom~Prot_kinase_dom,GO:0030041-P:actin filament polymerization;  GO:0042976-P:activation of Janus kinase activity;  GO:0002250-P:adaptive immune response;  GO:0006915-P:apoptotic process;  GO:0031103-P:axon regeneration;  GO:0007155-P:cell adhesion;  GO:0030154-P:cell differentiation;  GO:0007259-P:cell surface receptor signaling pathway via JAK-STAT;  GO:0071549-P:cellular response to dexamethasone stimulus;  GO:0036016-P:cellular response to interleukin-3;  GO:0098586-P:cellular response to virus;  GO:0038065-P:collagen-activated signaling pathway;  GO:0019221-P:cytokine-mediated signaling pathway;  GO:0007167-P:enzyme-linked receptor protein signaling pathway;  GO:0030218-P:erythrocyte differentiation;  GO:0038162-P:erythropoietin-mediated signaling pathway;  GO:0097191-P:extrinsic apoptotic signaling pathway;  GO:0038157-P:granulocyte-macrophage colony-stimulating factor signaling pathway;  GO:0060396-P:growth hormone receptor signaling pathway;  GO:0060397-P:growth hormone receptor signaling pathway via JAK-STAT;  GO:0006955-P:immune response;  GO:0035722-P:interleukin-12-mediated signaling pathway;  GO:0038155-P:interleukin-23-mediated signaling pathway;  GO:0038156-P:interleukin-3-mediated signaling pathway;  GO:0070757-P:interleukin-35-mediated signaling pathway;  GO:0038043-P:interleukin-5-mediated signaling pathway;  GO:0070102-P:interleukin-6-mediated signaling pathway;  GO:0035556-P:intracellular signal transduction;  GO:0008631-P:intrinsic apoptotic signaling pathway in response to oxidative stress;  GO:0031663-P:lipopolysaccharide-mediated signaling pathway;  GO:0061180-P:mammary gland epithelium development;  GO:0007498-P:mesoderm development;  GO:0001774-P:microglial cell activation;  GO:0050804-P:modulation of chemical synaptic transmission;  GO:0010667-P:negative regulation of cardiac muscle cell apoptotic process;  GO:0008285-P:negative regulation of cell population proliferation;  GO:0022408-P:negative regulation of cell-cell adhesion;  GO:1900016-P:negative regulation of cytokine production involved in inflammatory response;  GO:0043524-P:negative regulation of neuron apoptotic process;  GO:0031959-P:nuclear receptor-mediated mineralocorticoid signaling pathway;  GO:0048008-P:platelet-derived growth factor receptor signaling pathway;  GO:2001235-P:positive regulation of apoptotic signaling pathway;  GO:0045597-P:positive regulation of cell differentiation;  GO:0030335-P:positive regulation of cell migration;  GO:0010811-P:positive regulation of cell-substrate adhesion;  GO:0120162-P:positive regulation of cold-induced thermogenesis;  GO:0007204-P:positive regulation of cytosolic calcium ion concentration;  GO:1904037-P:positive regulation of epithelial cell apoptotic process;  GO:1902728-P:positive regulation of growth factor dependent skeletal muscle satellite cell proliferation;  GO:0060399-P:positive regulation of growth hormone receptor signaling pathway;  GO:0032024-P:positive regulation of insulin secretion;  GO:0032731-P:positive regulation of interleukin-1 beta production;  GO:0032740-P:positive regulation of interleukin-17 production;  GO:0070665-P:positive regulation of leukocyte proliferation;  GO:0043410-P:positive regulation of MAPK cascade;  GO:0045348-P:positive regulation of MHC class II biosynthetic process;  GO:0032819-P:positive regulation of natural killer cell proliferation;  GO:0045429-P:positive regulation of nitric oxide biosynthetic process;  GO:0051142-P:positive regulation of NK T cell proliferation;  GO:0051897-P:positive regulation of phosphatidylinositol 3-kinase/protein kinase B signal transduction;  GO:0010572-P:positive regulation of platelet activation;  GO:1901731-P:positive regulation of platelet aggregation;  GO:0042307-P:positive regulation of protein import into nucleus;  GO:0046427-P:positive regulation of receptor signaling pathway via JAK-STAT;  GO:0060391-P:positive regulation of SMAD protein signal transduction;  GO:0042102-P:positive regulation of T cell proliferation;  GO:2000318-P:positive regulation of T-helper 17 type immune response;  GO:0045944-P:positive regulation of transcription by RNA polymerase II;  GO:0032760-P:positive regulation of tumor necrosis factor production;  GO:0032729-P:positive regulation of type II interferon production;  GO:0042531-P:positive regulation of tyrosine phosphorylation of STAT protein;  GO:1904707-P:positive regulation of vascular associated smooth muscle cell proliferation;  GO:0035166-P:post-embryonic hemopoiesis;  GO:0043687-P:post-translational protein modification;  GO:0046777-P:protein autophosphorylation;  GO:0042981-P:regulation of apoptotic process;  GO:0050727-P:regulation of inflammatory response;  GO:0045428-P:regulation of nitric oxide biosynthetic process;  GO:1905539-P:regulation of postsynapse to nucleus signaling pathway;  GO:0046425-P:regulation of receptor signaling pathway via JAK-STAT;  GO:0014075-P:response to amine;  GO:0046677-P:response to antibiotic;  GO:0033194-P:response to hydroperoxide;  GO:0070671-P:response to interleukin-12;  GO:0034612-P:response to tumor necrosis factor;  GO:0007165-P:signal transduction;  GO:0034050-P:symbiont-induced defense-related programmed cell death;  GO:0038163-P:thrombopoietin-mediated signaling pathway;  GO:0006366-P:transcription by RNA polymerase II;  GO:0033209-P:tumor necrosis factor-mediated signaling pathway;  GO:0060333-P:type II interferon-mediated signaling pathway;  GO:0033130-F:acetylcholine receptor binding;  GO:0005524-F:ATP binding;  GO:0005131-F:growth hormone receptor binding;  GO:0020037-F:heme binding;  GO:0042393-F:histone binding;  GO:0035401-F:histone H3Y41 kinase activity;  GO:0042802-F:identical protein binding;  GO:0043560-F:insulin receptor substrate binding;  GO:0005143-F:interleukin-12 receptor binding;  GO:0046872-F:metal ion binding;  GO:0004715-F:non-membrane spanning protein tyrosine kinase activity;  GO:0051428-F:peptide hormone receptor binding;  GO:0043548-F:phosphatidylinositol 3-kinase binding;  GO:0004672-F:protein kinase activity;  GO:0019901-F:protein kinase binding;  GO:0004713-F:protein tyrosine kinase activity;  GO:0042169-F:SH2 domain binding;  GO:0030546-F:signaling receptor activator activity;  GO:0005102-F:signaling receptor binding;  GO:0031702-F:type 1 angiotensin receptor binding;  GO:0005901-C:caveola;  GO:0005737-C:cytoplasm;  GO:0009898-C:cytoplasmic side of plasma membrane;  GO:0005856-C:cytoskeleton;  GO:0005829-C:cytosol;  GO:0031904-C:endosome lumen;  GO:0000791-C:euchromatin;  GO:0031234-C:extrinsic component of cytoplasmic side of plasma membrane;  GO:0019897-C:extrinsic component of plasma membrane;  GO:0005925-C:focal adhesion;  GO:0098978-C:glutamatergic synapse;  GO:0030526-C:granulocyte macrophage colony-stimulating factor receptor complex;  GO:0042022-C:interleukin-12 receptor complex;  GO:0072536-C:interleukin-23 receptor complex;  GO:0045121-C:membrane raft;  GO:0005654-C:nucleoplasm;  GO:0005634-C:nucleus;  GO:0005886-C:plasma membrane;  GO:0098794-C:postsynapse,VRREVGDyGQLHETE,Y570,1,"Phosphotyrosine (1323, 1367, 1381, 1386, 1395, 1412, 1521, 1723, 1777, 1787, 1885, 1886, 1888)",Prot_kinase_dom,IPR000719,,HELIX,,ENSE00000687951,low-confidence,0.4935280794466745,,GDGQLH,GDGQLH,0.0,0.4935280794466745,low-confidence
TGVATR,Q16539,MAPK14,Y182,DCELKILDFGLARHTDDEMTGyVATRWYRAPEIMLNWMHYNQT,0.4376073442492479,1.2251840765048954,1.9753455749528988,2.0371217725395887,1.6747799393200764,0.8106973070720013,UniProtKB,Q16539,DCELKILDFGLARHTDDEMTGyVATRWYRAPEIMLNWMHYNQT,Updated for maximal coverage,Q16539,MAPK14,Prot_kinase_dom:24:308:IPR000719,Prot_kinase_dom,GO:0070935-P:3'-UTR-mediated mRNA stabilization;  GO:0001525-P:angiogenesis;  GO:0006915-P:apoptotic process;  GO:0060348-P:bone development;  GO:0001502-P:cartilage condensation;  GO:0000902-P:cell morphogenesis;  GO:0007178-P:cell surface receptor protein serine/threonine kinase signaling pathway;  GO:0007166-P:cell surface receptor signaling pathway;  GO:0071479-P:cellular response to ionizing radiation;  GO:0071222-P:cellular response to lipopolysaccharide;  GO:0071223-P:cellular response to lipoteichoic acid;  GO:0071493-P:cellular response to UV-B;  GO:0035924-P:cellular response to vascular endothelial growth factor stimulus;  GO:0098586-P:cellular response to virus;  GO:0090398-P:cellular senescence;  GO:0006935-P:chemotaxis;  GO:0002062-P:chondrocyte differentiation;  GO:0046323-P:D-glucose import;  GO:0000077-P:DNA damage checkpoint signaling;  GO:0019395-P:fatty acid oxidation;  GO:0006006-P:glucose metabolic process;  GO:0035556-P:intracellular signal transduction;  GO:0031663-P:lipopolysaccharide-mediated signaling pathway;  GO:0000165-P:MAPK cascade;  GO:0090090-P:negative regulation of canonical Wnt signaling pathway;  GO:0035331-P:negative regulation of hippo signaling;  GO:0002862-P:negative regulation of inflammatory response to antigenic stimulus;  GO:0001649-P:osteoblast differentiation;  GO:0030316-P:osteoclast differentiation;  GO:0038066-P:p38MAPK cascade;  GO:0001890-P:placenta development;  GO:0030168-P:platelet activation;  GO:0090336-P:positive regulation of brown fat cell differentiation;  GO:0060045-P:positive regulation of cardiac muscle cell proliferation;  GO:0031281-P:positive regulation of cyclase activity;  GO:0046326-P:positive regulation of D-glucose import;  GO:0045648-P:positive regulation of erythrocyte differentiation;  GO:0010628-P:positive regulation of gene expression;  GO:0032735-P:positive regulation of interleukin-12 production;  GO:0051149-P:positive regulation of muscle cell differentiation;  GO:0045663-P:positive regulation of myoblast differentiation;  GO:1901741-P:positive regulation of myoblast fusion;  GO:0010831-P:positive regulation of myotube differentiation;  GO:0042307-P:positive regulation of protein import into nucleus;  GO:2000379-P:positive regulation of reactive oxygen species metabolic process;  GO:0045944-P:positive regulation of transcription by RNA polymerase II;  GO:1900015-P:regulation of cytokine production involved in inflammatory response;  GO:0030278-P:regulation of ossification;  GO:0099179-P:regulation of synaptic membrane adhesion;  GO:0006357-P:regulation of transcription by RNA polymerase II;  GO:0002021-P:response to dietary excess;  GO:0032868-P:response to insulin;  GO:0032495-P:response to muramyl dipeptide;  GO:0035994-P:response to muscle stretch;  GO:0007165-P:signal transduction;  GO:0042770-P:signal transduction in response to DNA damage;  GO:0007519-P:skeletal muscle tissue development;  GO:0048863-P:stem cell differentiation;  GO:0051403-P:stress-activated MAPK cascade;  GO:0031098-P:stress-activated protein kinase signaling cascade;  GO:0090400-P:stress-induced premature senescence;  GO:0051146-P:striated muscle cell differentiation;  GO:0006366-P:transcription by RNA polymerase II;  GO:0033209-P:tumor necrosis factor-mediated signaling pathway;  GO:0048010-P:vascular endothelial growth factor receptor signaling pathway;  GO:0005524-F:ATP binding;  GO:0019899-F:enzyme binding;  GO:0004707-F:MAP kinase activity;  GO:0004708-F:MAP kinase kinase activity;  GO:0048273-F:mitogen-activated protein kinase p38 binding;  GO:0051525-F:NFAT protein binding;  GO:0019903-F:protein phosphatase binding;  GO:0106310-F:protein serine kinase activity;  GO:0004674-F:protein serine/threonine kinase activity;  GO:0005737-C:cytoplasm;  GO:0005829-C:cytosol;  GO:0005576-C:extracellular region;  GO:1904813-C:ficolin-1-rich granule lumen;  GO:0098978-C:glutamatergic synapse;  GO:0005739-C:mitochondrion;  GO:0016607-C:nuclear speck;  GO:0005654-C:nucleoplasm;  GO:0005634-C:nucleus;  GO:0034774-C:secretory granule lumen;  GO:0000922-C:spindle pole,TDDEMTGyVATRWYR,Y182,1,"Phosphotyrosine (1323, 1343, 1369, 1381, 1386, 1387, 1395, 1412, 1521, 1546, 1564, 1599, 1618, 1704, 1723, 1777, 1787, 1885, 1886, 1888)",Prot_kinase_dom,IPR000719,TXY,STRAND,HIGH,ENSE00003645527,binder,0.6141962654529888,,TGVATR,TGVATR,1.0,0.6141962654529888,confident binder
RPFTVD,Q15223,PVRL1,Y468,GGGERKVGGPHPKYDEDAKRPyFTVDEAEARQDGYGDRTLGYQ,1.3630048476723324,1.5214868131154935,1.192374701009265,1.0810131467852446,0.7050769284313643,0.3926505353597732,UniProtKB,Q15223,GGGERKVGGPHPKYDEDAKRPyFTVDEAEARQDGYGDRTLGYQ,Updated for maximal coverage,Q15223,NECTIN1,Ig_sub2:42:132:IPR003598;Ig_sub:157:244:IPR003599;Ig_sub2:260:323:IPR003598,Ig_sub2~Ig_sub~Ig_sub2,GO:0007411-P:axon guidance;  GO:0007155-P:cell adhesion;  GO:0098609-P:cell-cell adhesion;  GO:0090103-P:cochlea morphogenesis;  GO:0002934-P:desmosome organization;  GO:0070166-P:enamel mineralization;  GO:0007157-P:heterophilic cell-cell adhesion via plasma membrane cell adhesion molecules;  GO:0007156-P:homophilic cell adhesion via plasma membrane adhesion molecules;  GO:0006955-P:immune response;  GO:0006826-P:iron ion transport;  GO:0002089-P:lens morphogenesis in camera-type eye;  GO:1902414-P:protein localization to cell junction;  GO:0051963-P:regulation of synapse assembly;  GO:0060041-P:retina development in camera-type eye;  GO:0046718-P:symbiont entry into host cell;  GO:0030246-F:carbohydrate binding;  GO:0098631-F:cell adhesion mediator activity;  GO:0050839-F:cell adhesion molecule binding;  GO:0015026-F:coreceptor activity;  GO:0042802-F:identical protein binding;  GO:0042803-F:protein homodimerization activity;  GO:0044877-F:protein-containing complex binding;  GO:0046790-F:virion binding;  GO:0001618-F:virus receptor activity;  GO:0005912-C:adherens junction;  GO:0043296-C:apical junction complex;  GO:0044291-C:cell-cell contact zone;  GO:0030425-C:dendrite;  GO:0005576-C:extracellular region;  GO:0032584-C:growth cone membrane;  GO:0098686-C:hippocampal mossy fiber to CA3 synapse;  GO:0016020-C:membrane;  GO:0005886-C:plasma membrane;  GO:0048787-C:presynaptic active zone membrane,DEDAKRPyFTVDEAE,Y468,1,"Phosphotyrosine (1367, 1381, 1386, 1395, 1412, 1521, 1546, 1777, 1787, 1887, 1888)",,,Cytoplasmic;Disordered,,,ENSE00000748569,low-confidence,0.5233667965813122,,RPFTVD,RPFTVD,0.0,0.5233667965813122,low-confidence
PHFSPF,Q13242,SRSF9,Y214,SRSRSGSRGRDSPYQSRGSPHyFSPFRPY,0.6893958231528021,0.4885731396626421,0.6113189003789445,0.7207329538566493,0.4428637971324209,0.524912626596307,UniProtKB,Q13242,SRSRSGSRGRDSPYQSRGSPHyFSPFRPY,Updated for maximal coverage,Q13242,SRSF9,RRM_dom:14:89:IPR000504;RRM_dom:111:187:IPR000504,RRM_dom~RRM_dom,"GO:0000380-P:alternative mRNA splicing, via spliceosome;  GO:0006397-P:mRNA processing;  GO:0006376-P:mRNA splice site recognition;  GO:0048025-P:negative regulation of mRNA splicing, via spliceosome;  GO:0019904-F:protein domain specific binding;  GO:0003723-F:RNA binding;  GO:0016607-C:nuclear speck;  GO:0005730-C:nucleolus;  GO:0005654-C:nucleoplasm",QSRGSPHyFSPFRPY,Y214,1,"Phosphotyrosine (1323, 1367, 1381, 1386, 1395, 1412, 1546, 1718, 1723, 1777, 1787, 1886, 1888)",,,Disordered,,,ENSE00003995912,binder,0.8479069679138227,,PHFSPF,PHFSPF,1.0,0.8479069679138227,confident binder
VELESR,Q70EL4,USP43,Y835,PLRWSFGSKEKPPGASVELVEyLESRRRPRSTSQSIVSLLTGT,1.6622235272490038,1.8123999907878183,1.8220898596876496,1.960288332732942,1.3037566622367054,0.8646417495976009,UniProtKB,Q70EL4,PLRWSFGSKEKPPGASVELVEyLESRRRPRSTSQSIVSLLTGT,Updated for maximal coverage,Q70EL4,USP43,Peptidase_C19_UCH:102:707:IPR001394,Peptidase_C19_UCH,GO:0016579-P:protein deubiquitination;  GO:0006508-P:proteolysis;  GO:0019985-P:translesion synthesis;  GO:0004843-F:cysteine-type deubiquitinase activity;  GO:0019785-F:ISG15-specific peptidase activity;  GO:0005654-C:nucleoplasm,ASVELVEyLESRRRP,Y835,1,"Phosphotyrosine (1381, 1386, 1395, 1412, 1888)",,,,,,ENSE00002660066,binder,0.7212064966696891,,VELESR,VELESR,1.0,0.7212064966696891,confident binder
MIQDEV,Q6NZI2,PTRF,Y156,IKKLEVNEAELLRRRNFKVMIyQDEVKLPAKLSISKSLKESEA,-0.0354376089398189,0.0350910764440663,-0.0505783140988063,-0.0508163784213996,-0.0325139247384447,-0.1345863437306031,UniProtKB,Q6NZI2,IKKLEVNEAELLRRRNFKVMIyQDEVKLPAKLSISKSLKESEA,Updated for maximal coverage,Q6NZI2,CAVIN1,,,GO:2000147-P:positive regulation of cell motility;  GO:0009306-P:protein secretion;  GO:0009303-P:rRNA transcription;  GO:0006363-P:termination of RNA polymerase I transcription;  GO:0006361-P:transcription initiation at RNA polymerase I promoter;  GO:0042802-F:identical protein binding;  GO:0003723-F:RNA binding;  GO:0042134-F:rRNA primary transcript binding;  GO:0005901-C:caveola;  GO:0005737-C:cytoplasm;  GO:0005829-C:cytosol;  GO:0005783-C:endoplasmic reticulum;  GO:0043231-C:intracellular membrane-bounded organelle;  GO:0045121-C:membrane raft;  GO:0005739-C:mitochondrion;  GO:0005654-C:nucleoplasm;  GO:0005634-C:nucleus;  GO:0005886-C:plasma membrane;  GO:0032991-C:protein-containing complex,RNFKVMIyQDEVKLP,Y156,1,"Phosphotyrosine (1367, 1381, 1386, 1395, 1412, 1546, 1723, 1777, 1886, 1888)",,,,,,ENSE00001402213,nonbinder,0.3955198123412991,,MIQDEV,MIQDEV,0.0,0.3955198123412991,confident nonbinder
EVDTPP,P56945,BCAR1,Y267,QDIYDVPPVRGLLPSQYGQEVyDTPPMAVKGPNGRDPLLEVYD,1.2242385117897745,1.5943352021103303,1.30640198016619,1.53166456870803,1.2649907929704676,1.1879929947140535,UniProtKB,P56945,QDIYDVPPVRGLLPSQYGQEVyDTPPMAVKGPNGRDPLLEVYD,Updated for maximal coverage,P56945,BCAR1,SH3_domain:3:65:IPR001452;SH3_domain:254:266:IPR001452;Serine_rich_dom:454:608:IPR014928;CAS_C:655:864:IPR021901,SH3_domain~SH3_domain~Serine_rich_dom~CAS_C,GO:0007015-P:actin filament organization;  GO:0050851-P:antigen receptor-mediated signaling pathway;  GO:0050853-P:B cell receptor signaling pathway;  GO:0007155-P:cell adhesion;  GO:0060326-P:cell chemotaxis;  GO:0051301-P:cell division;  GO:0016477-P:cell migration;  GO:0007169-P:cell surface receptor protein tyrosine kinase signaling pathway;  GO:0035729-P:cellular response to hepatocyte growth factor stimulus;  GO:0086100-P:endothelin receptor signaling pathway;  GO:0007173-P:epidermal growth factor receptor signaling pathway;  GO:0007186-P:G protein-coupled receptor signaling pathway;  GO:0048012-P:hepatocyte growth factor receptor signaling pathway;  GO:0008286-P:insulin receptor signaling pathway;  GO:0007229-P:integrin-mediated signaling pathway;  GO:0048011-P:neurotrophin TRK receptor signaling pathway;  GO:0048008-P:platelet-derived growth factor receptor signaling pathway;  GO:0030335-P:positive regulation of cell migration;  GO:0010595-P:positive regulation of endothelial cell migration;  GO:0042981-P:regulation of apoptotic process;  GO:0001558-P:regulation of cell growth;  GO:0050852-P:T cell receptor signaling pathway;  GO:0048010-P:vascular endothelial growth factor receptor signaling pathway;  GO:0019901-F:protein kinase binding;  GO:0017124-F:SH3 domain binding;  GO:0015629-C:actin cytoskeleton;  GO:0030424-C:axon;  GO:0005737-C:cytoplasm;  GO:0005829-C:cytosol;  GO:0005925-C:focal adhesion;  GO:0030027-C:lamellipodium;  GO:0016020-C:membrane;  GO:0001726-C:ruffle,SQYGQEVyDTPPMAV,Y267,1,"Phosphotyrosine (1367, 1381, 1386, 1395, 1412, 1521, 1546, 1787, 1888)",,,Substrate for kinases,,,ENSE00003678932,binder,0.848576596769832,,EVDTPP,EVDTPP,1.0,0.848576596769832,confident binder
GVAVPP,P56945,BCAR1,Y410,VPRERVLPPEVADGGVVDSGVyAVPPPAEREAPAEGKRLSASS,1.1234089280629391,1.37461712901088,1.3426856096233497,1.6019761773210035,1.4978389924146545,1.346129536915342,UniProtKB,P56945,VPRERVLPPEVADGGVVDSGVyAVPPPAEREAPAEGKRLSASS,Updated for maximal coverage,P56945,BCAR1,SH3_domain:3:65:IPR001452;SH3_domain:254:266:IPR001452;Serine_rich_dom:454:608:IPR014928;CAS_C:655:864:IPR021901,SH3_domain~SH3_domain~Serine_rich_dom~CAS_C,GO:0007015-P:actin filament organization;  GO:0050851-P:antigen receptor-mediated signaling pathway;  GO:0050853-P:B cell receptor signaling pathway;  GO:0007155-P:cell adhesion;  GO:0060326-P:cell chemotaxis;  GO:0051301-P:cell division;  GO:0016477-P:cell migration;  GO:0007169-P:cell surface receptor protein tyrosine kinase signaling pathway;  GO:0035729-P:cellular response to hepatocyte growth factor stimulus;  GO:0086100-P:endothelin receptor signaling pathway;  GO:0007173-P:epidermal growth factor receptor signaling pathway;  GO:0007186-P:G protein-coupled receptor signaling pathway;  GO:0048012-P:hepatocyte growth factor receptor signaling pathway;  GO:0008286-P:insulin receptor signaling pathway;  GO:0007229-P:integrin-mediated signaling pathway;  GO:0048011-P:neurotrophin TRK receptor signaling pathway;  GO:0048008-P:platelet-derived growth factor receptor signaling pathway;  GO:0030335-P:positive regulation of cell migration;  GO:0010595-P:positive regulation of endothelial cell migration;  GO:0042981-P:regulation of apoptotic process;  GO:0001558-P:regulation of cell growth;  GO:0050852-P:T cell receptor signaling pathway;  GO:0048010-P:vascular endothelial growth factor receptor signaling pathway;  GO:0019901-F:protein kinase binding;  GO:0017124-F:SH3 domain binding;  GO:0015629-C:actin cytoskeleton;  GO:0030424-C:axon;  GO:0005737-C:cytoplasm;  GO:0005829-C:cytosol;  GO:0005925-C:focal adhesion;  GO:0030027-C:lamellipodium;  GO:0016020-C:membrane;  GO:0001726-C:ruffle,GVVDSGVyAVPPPAE,Y410,1,"Phosphotyrosine (1323, 1367, 1381, 1386, 1395, 1412, 1787, 1886, 1888)",,,Substrate for kinases,,,ENSE00003470509,binder,0.90099095697889,,GVAVPP,GVAVPP,1.0,0.9009909569788901,confident binder
DEDIPR,P56945,BCAR1,Y234,VVPTRVGQGYVYEAAQPEQDEyDIPRHLLAPGPQDIYDVPPVR,0.3761884674398213,0.3007508791921613,0.5558354728775704,0.8193146411182902,0.6677214624482353,0.5534631755490376,UniProtKB,P56945,VVPTRVGQGYVYEAAQPEQDEyDIPRHLLAPGPQDIYDVPPVR,Updated for maximal coverage,P56945,BCAR1,SH3_domain:3:65:IPR001452;SH3_domain:254:266:IPR001452;Serine_rich_dom:454:608:IPR014928;CAS_C:655:864:IPR021901,SH3_domain~SH3_domain~Serine_rich_dom~CAS_C,GO:0007015-P:actin filament organization;  GO:0050851-P:antigen receptor-mediated signaling pathway;  GO:0050853-P:B cell receptor signaling pathway;  GO:0007155-P:cell adhesion;  GO:0060326-P:cell chemotaxis;  GO:0051301-P:cell division;  GO:0016477-P:cell migration;  GO:0007169-P:cell surface receptor protein tyrosine kinase signaling pathway;  GO:0035729-P:cellular response to hepatocyte growth factor stimulus;  GO:0086100-P:endothelin receptor signaling pathway;  GO:0007173-P:epidermal growth factor receptor signaling pathway;  GO:0007186-P:G protein-coupled receptor signaling pathway;  GO:0048012-P:hepatocyte growth factor receptor signaling pathway;  GO:0008286-P:insulin receptor signaling pathway;  GO:0007229-P:integrin-mediated signaling pathway;  GO:0048011-P:neurotrophin TRK receptor signaling pathway;  GO:0048008-P:platelet-derived growth factor receptor signaling pathway;  GO:0030335-P:positive regulation of cell migration;  GO:0010595-P:positive regulation of endothelial cell migration;  GO:0042981-P:regulation of apoptotic process;  GO:0001558-P:regulation of cell growth;  GO:0050852-P:T cell receptor signaling pathway;  GO:0048010-P:vascular endothelial growth factor receptor signaling pathway;  GO:0019901-F:protein kinase binding;  GO:0017124-F:SH3 domain binding;  GO:0015629-C:actin cytoskeleton;  GO:0030424-C:axon;  GO:0005737-C:cytoplasm;  GO:0005829-C:cytosol;  GO:0005925-C:focal adhesion;  GO:0030027-C:lamellipodium;  GO:0016020-C:membrane;  GO:0001726-C:ruffle,AQPEQDEyDIPRHLL,Y234,1,"Phosphotyrosine (1323, 1367, 1369, 1381, 1386, 1387, 1395, 1412, 1521, 1546, 1599, 1787, 1886, 1888)",,,Substrate for kinases,,,ENSE00003534663,binder,Training,,DEDIPR,DEDIPR,,,1
ETDVPP,P56945,BCAR1,Y327,YDVPPSVSKDVPDGPLLREETyDVPPAFAKAKPFDPARTPLVL,-0.667471148220842,-0.7418827965589984,-0.6081941923921647,-0.3373662768385005,-0.1993845248448929,0.0202434735067535,UniProtKB,P56945,YDVPPSVSKDVPDGPLLREETyDVPPAFAKAKPFDPARTPLVL,Updated for maximal coverage,P56945,BCAR1,SH3_domain:3:65:IPR001452;SH3_domain:254:266:IPR001452;Serine_rich_dom:454:608:IPR014928;CAS_C:655:864:IPR021901,SH3_domain~SH3_domain~Serine_rich_dom~CAS_C,GO:0007015-P:actin filament organization;  GO:0050851-P:antigen receptor-mediated signaling pathway;  GO:0050853-P:B cell receptor signaling pathway;  GO:0007155-P:cell adhesion;  GO:0060326-P:cell chemotaxis;  GO:0051301-P:cell division;  GO:0016477-P:cell migration;  GO:0007169-P:cell surface receptor protein tyrosine kinase signaling pathway;  GO:0035729-P:cellular response to hepatocyte growth factor stimulus;  GO:0086100-P:endothelin receptor signaling pathway;  GO:0007173-P:epidermal growth factor receptor signaling pathway;  GO:0007186-P:G protein-coupled receptor signaling pathway;  GO:0048012-P:hepatocyte growth factor receptor signaling pathway;  GO:0008286-P:insulin receptor signaling pathway;  GO:0007229-P:integrin-mediated signaling pathway;  GO:0048011-P:neurotrophin TRK receptor signaling pathway;  GO:0048008-P:platelet-derived growth factor receptor signaling pathway;  GO:0030335-P:positive regulation of cell migration;  GO:0010595-P:positive regulation of endothelial cell migration;  GO:0042981-P:regulation of apoptotic process;  GO:0001558-P:regulation of cell growth;  GO:0050852-P:T cell receptor signaling pathway;  GO:0048010-P:vascular endothelial growth factor receptor signaling pathway;  GO:0019901-F:protein kinase binding;  GO:0017124-F:SH3 domain binding;  GO:0015629-C:actin cytoskeleton;  GO:0030424-C:axon;  GO:0005737-C:cytoplasm;  GO:0005829-C:cytosol;  GO:0005925-C:focal adhesion;  GO:0030027-C:lamellipodium;  GO:0016020-C:membrane;  GO:0001726-C:ruffle,PLLREETyDVPPAFA,Y327,1,"Phosphotyrosine (1323, 1367, 1381, 1386, 1387, 1395, 1412, 1521, 1536, 1546, 1599, 1787, 1888)",,,Substrate for kinases,,,ENSE00003470509,binder,0.6861643169782566,,ETDVPP,ETDVPP,1.0,0.6861643169782566,confident binder
TLDVPR,P56945,BCAR1,Y387,PPAPDLYDVPPGLRRPGPGTLyDVPRERVLPPEVADGGVVDSG,0.367457560028296,0.4600330608938081,0.4276923763859508,0.7454479399557095,0.5189521425786291,0.3865083313707019,UniProtKB,P56945,PPAPDLYDVPPGLRRPGPGTLyDVPRERVLPPEVADGGVVDSG,Updated for maximal coverage,P56945,BCAR1,SH3_domain:3:65:IPR001452;SH3_domain:254:266:IPR001452;Serine_rich_dom:454:608:IPR014928;CAS_C:655:864:IPR021901,SH3_domain~SH3_domain~Serine_rich_dom~CAS_C,GO:0007015-P:actin filament organization;  GO:0050851-P:antigen receptor-mediated signaling pathway;  GO:0050853-P:B cell receptor signaling pathway;  GO:0007155-P:cell adhesion;  GO:0060326-P:cell chemotaxis;  GO:0051301-P:cell division;  GO:0016477-P:cell migration;  GO:0007169-P:cell surface receptor protein tyrosine kinase signaling pathway;  GO:0035729-P:cellular response to hepatocyte growth factor stimulus;  GO:0086100-P:endothelin receptor signaling pathway;  GO:0007173-P:epidermal growth factor receptor signaling pathway;  GO:0007186-P:G protein-coupled receptor signaling pathway;  GO:0048012-P:hepatocyte growth factor receptor signaling pathway;  GO:0008286-P:insulin receptor signaling pathway;  GO:0007229-P:integrin-mediated signaling pathway;  GO:0048011-P:neurotrophin TRK receptor signaling pathway;  GO:0048008-P:platelet-derived growth factor receptor signaling pathway;  GO:0030335-P:positive regulation of cell migration;  GO:0010595-P:positive regulation of endothelial cell migration;  GO:0042981-P:regulation of apoptotic process;  GO:0001558-P:regulation of cell growth;  GO:0050852-P:T cell receptor signaling pathway;  GO:0048010-P:vascular endothelial growth factor receptor signaling pathway;  GO:0019901-F:protein kinase binding;  GO:0017124-F:SH3 domain binding;  GO:0015629-C:actin cytoskeleton;  GO:0030424-C:axon;  GO:0005737-C:cytoplasm;  GO:0005829-C:cytosol;  GO:0005925-C:focal adhesion;  GO:0030027-C:lamellipodium;  GO:0016020-C:membrane;  GO:0001726-C:ruffle,RPGPGTLyDVPRERV,Y387,1,"Phosphotyrosine (1323, 1367, 1369, 1381, 1386, 1387, 1395, 1412, 1521, 1546, 1599, 1787, 1888)",,,Substrate for kinases,,,ENSE00003470509,binder,0.9727896842016256,,TLDVPR,TLDVPR,1.0,0.9727896842016257,confident binder
DVDVPP,P56945,BCAR1,Y362,PARTPLVLAAPPPDSPPAEDVyDVPPPAPDLYDVPPGLRRPGP,0.9962041230679932,0.7119981751165486,0.4564249313694995,0.7789876724629246,0.4340243191981395,0.0247489516392057,UniProtKB,P56945,PARTPLVLAAPPPDSPPAEDVyDVPPPAPDLYDVPPGLRRPGP,Updated for maximal coverage,P56945,BCAR1,SH3_domain:3:65:IPR001452;SH3_domain:254:266:IPR001452;Serine_rich_dom:454:608:IPR014928;CAS_C:655:864:IPR021901,SH3_domain~SH3_domain~Serine_rich_dom~CAS_C,GO:0007015-P:actin filament organization;  GO:0050851-P:antigen receptor-mediated signaling pathway;  GO:0050853-P:B cell receptor signaling pathway;  GO:0007155-P:cell adhesion;  GO:0060326-P:cell chemotaxis;  GO:0051301-P:cell division;  GO:0016477-P:cell migration;  GO:0007169-P:cell surface receptor protein tyrosine kinase signaling pathway;  GO:0035729-P:cellular response to hepatocyte growth factor stimulus;  GO:0086100-P:endothelin receptor signaling pathway;  GO:0007173-P:epidermal growth factor receptor signaling pathway;  GO:0007186-P:G protein-coupled receptor signaling pathway;  GO:0048012-P:hepatocyte growth factor receptor signaling pathway;  GO:0008286-P:insulin receptor signaling pathway;  GO:0007229-P:integrin-mediated signaling pathway;  GO:0048011-P:neurotrophin TRK receptor signaling pathway;  GO:0048008-P:platelet-derived growth factor receptor signaling pathway;  GO:0030335-P:positive regulation of cell migration;  GO:0010595-P:positive regulation of endothelial cell migration;  GO:0042981-P:regulation of apoptotic process;  GO:0001558-P:regulation of cell growth;  GO:0050852-P:T cell receptor signaling pathway;  GO:0048010-P:vascular endothelial growth factor receptor signaling pathway;  GO:0019901-F:protein kinase binding;  GO:0017124-F:SH3 domain binding;  GO:0015629-C:actin cytoskeleton;  GO:0030424-C:axon;  GO:0005737-C:cytoplasm;  GO:0005829-C:cytosol;  GO:0005925-C:focal adhesion;  GO:0030027-C:lamellipodium;  GO:0016020-C:membrane;  GO:0001726-C:ruffle,SPPAEDVyDVPPPAP,Y362,1,"Phosphotyrosine (1367, 1381, 1386, 1395, 1412, 1521, 1787, 1886, 1888)",,,Substrate for kinases,,,ENSE00003470509,binder,Training,,DVDVPP,DVDVPP,,,1
TVALKD,Q14155-1,ARHGEF7,Y595,VEETKSNGQTVIEEKSLVDTVyALKDEVQELRQDNKKMKKSLE,-0.2197389022443856,0.2392645951336943,0.2883095168060517,0.2902702490657329,0.3100734910977082,0.1307010974495363,UniProtKB,Q14155-1,VEETKSNGQTVIEEKSLVDTVyALKDEVQELRQDNKKMKKSLE,Updated for maximal coverage,Q14155-1,ARHGEF7,SH3_domain:6:65:IPR001452;DH_dom:93:273:IPR000219;PH_domain:295:402:IPR001849;GEF6/7_CC:562:645:IPR032409,SH3_domain~DH_dom~PH_domain~GEF6/7_CC,,KSLVDTVyALKDEVQ,Y595,1,"Phosphotyrosine (1367, 1381, 1386, 1395, 1412, 1888)",GEF6/7_CC,IPR032409,,,,,,,,TVALKD,TVALKD,1.0,0.8071337626394773,confident binder
EFA---,P31431,SDC4,Y197,DEGSYDLGKKPIYKKAPTNEFyA,0.3499083172938944,0.4453341298591727,0.3940316411585416,0.4120247915962961,0.3472700564139012,0.3449255222795207,UniProtKB,P31431,DEGSYDLGKKPIYKKAPTNEFyA,Updated for maximal coverage,P31431,SDC4,Neurexin-like:169:187:IPR003585,Neurexin-like,GO:0016477-P:cell migration;  GO:0060122-P:inner ear receptor cell stereocilium organization;  GO:0042130-P:negative regulation of T cell proliferation;  GO:0001843-P:neural tube closure;  GO:1903543-P:positive regulation of exosomal secretion;  GO:1903553-P:positive regulation of extracellular exosome assembly;  GO:0051894-P:positive regulation of focal adhesion assembly;  GO:0051496-P:positive regulation of stress fiber assembly;  GO:0010762-P:regulation of fibroblast migration;  GO:0001657-P:ureteric bud development;  GO:0042060-P:wound healing;  GO:0001968-F:fibronectin binding;  GO:0042802-F:identical protein binding;  GO:0005080-F:protein kinase C binding;  GO:0070053-F:thrombospondin receptor activity;  GO:0009986-C:cell surface;  GO:0043034-C:costamere;  GO:0070062-C:extracellular exosome;  GO:0005925-C:focal adhesion;  GO:0005796-C:Golgi lumen;  GO:0043202-C:lysosomal lumen;  GO:0005886-C:plasma membrane,KAPTNEFyA,Y197,1,"Phosphotyrosine (1323, 1367, 1369, 1381, 1386, 1395, 1412, 1521, 1546, 1718, 1723, 1777, 1787, 1888)",,,Cytoplasmic,STRAND,,ENSE00001458498,,,,EFA,EFA---,,,
KIIDPF,P29323,EPHB2,Y596,SEYTDKLQHYTSGHMTPGMKIyIDPFTYEDPNEAVREFAKEID,0.6997465353962332,0.8927609119497871,0.4353662421740685,0.8288263763517157,0.7154436098542147,0.2689105346740074,UniProtKB,P29323,SEYTDKLQHYTSGHMTPGMKIyIDPFTYEDPNEAVREFAKEID,Updated for maximal coverage,P29323,EPHB2,Ephrin_rcpt_lig-bd_dom:20:202:IPR001090;Tyr-kin_ephrin_A/B_rcpt-like:268:302:IPR011641;FN3_dom:324:434:IPR003961;FN3_dom:435:530:IPR003961;Eph_TM:544:617:IPR027936;Prot_kinase_dom:621:884:IPR000719;SAM:910:977:IPR001660,Ephrin_rcpt_lig-bd_dom~Tyr-kin_ephrin_A/B_rcpt-like~FN3_dom~FN3_dom~Eph_TM~Prot_kinase_dom~SAM,GO:0001525-P:angiogenesis;  GO:0007411-P:axon guidance;  GO:0007413-P:axonal fasciculation;  GO:0042113-P:B cell activation;  GO:0048593-P:camera-type eye morphogenesis;  GO:1904646-P:cellular response to amyloid-beta;  GO:0071222-P:cellular response to lipopolysaccharide;  GO:0021952-P:central nervous system projection neuron axonogenesis;  GO:0071679-P:commissural neuron axon guidance;  GO:0022038-P:corpus callosum development;  GO:0060996-P:dendritic spine development;  GO:0060997-P:dendritic spine morphogenesis;  GO:0048013-P:ephrin receptor signaling pathway;  GO:0021934-P:hindbrain tangential cell migration;  GO:0042472-P:inner ear morphogenesis;  GO:0007612-P:learning;  GO:0007611-P:learning or memory;  GO:0050771-P:negative regulation of axonogenesis;  GO:0007162-P:negative regulation of cell adhesion;  GO:1900016-P:negative regulation of cytokine production involved in inflammatory response;  GO:0070373-P:negative regulation of ERK1 and ERK2 cascade;  GO:1900450-P:negative regulation of glutamate receptor signaling pathway;  GO:0046580-P:negative regulation of Ras protein signal transduction;  GO:0007399-P:nervous system development;  GO:1990535-P:neuron projection maintenance;  GO:0106028-P:neuron projection retraction;  GO:0021631-P:optic nerve morphogenesis;  GO:0018108-P:peptidyl-tyrosine phosphorylation;  GO:0016310-P:phosphorylation;  GO:0030890-P:positive regulation of B cell proliferation;  GO:0030335-P:positive regulation of cell migration;  GO:0061003-P:positive regulation of dendritic spine morphogenesis;  GO:0010628-P:positive regulation of gene expression;  GO:1900451-P:positive regulation of glutamate receptor signaling pathway;  GO:0002639-P:positive regulation of immunoglobulin production;  GO:0048170-P:positive regulation of long-term neuronal synaptic plasticity;  GO:1900273-P:positive regulation of long-term synaptic potentiation;  GO:2000010-P:positive regulation of protein localization to cell surface;  GO:1903078-P:positive regulation of protein localization to plasma membrane;  GO:0051965-P:positive regulation of synapse assembly;  GO:0031915-P:positive regulation of synaptic plasticity;  GO:0032760-P:positive regulation of tumor necrosis factor production;  GO:0097104-P:postsynaptic membrane assembly;  GO:2000785-P:regulation of autophagosome assembly;  GO:2000822-P:regulation of behavioral fear response;  GO:0030193-P:regulation of blood coagulation;  GO:0050878-P:regulation of body fluid levels;  GO:0051489-P:regulation of filopodium assembly;  GO:0048168-P:regulation of neuronal synaptic plasticity;  GO:0046425-P:regulation of receptor signaling pathway via JAK-STAT;  GO:2000316-P:regulation of T-helper 17 type immune response;  GO:0031290-P:retinal ganglion cell axon guidance;  GO:0060021-P:roof of mouth development;  GO:0120192-P:tight junction assembly;  GO:0001655-P:urogenital system development;  GO:0110077-P:vesicle-mediated intercellular transport;  GO:0001540-F:amyloid-beta binding;  GO:0005524-F:ATP binding;  GO:0008046-F:axon guidance receptor activity;  GO:0042802-F:identical protein binding;  GO:0004713-F:protein tyrosine kinase activity;  GO:0044877-F:protein-containing complex binding;  GO:0005102-F:signaling receptor binding;  GO:0005005-F:transmembrane-ephrin receptor activity;  GO:0030424-C:axon;  GO:0009986-C:cell surface;  GO:0005829-C:cytosol;  GO:0030425-C:dendrite;  GO:0043197-C:dendritic spine;  GO:0005576-C:extracellular region;  GO:0098978-C:glutamatergic synapse;  GO:0098686-C:hippocampal mossy fiber to CA3 synapse;  GO:0043025-C:neuronal cell body;  GO:0005654-C:nucleoplasm;  GO:0005886-C:plasma membrane;  GO:0098794-C:postsynapse;  GO:0045211-C:postsynaptic membrane;  GO:0042734-C:presynaptic membrane,MTPGMKIyIDPFTYE,Y596,1,"Phosphotyrosine (1381, 1386, 1412, 1536, 1777, 1787, 1888)",Eph_TM,IPR027936,Cytoplasmic,,,ENSE00000908693,binder,0.9292292150378436,,KIIDPF,KIIDPF,1.0,0.9292292150378437,confident binder
PDWHSR,P21860,ERBB3,Y1328,YARLKTLRSLEATDSAFDNPDyWHSRLFPKANAQRT,1.777541850842277,2.1701626363751383,2.211952473360701,2.281792098429335,1.3324318218293512,1.2059180616633864,UniProtKB,P21860,YARLKTLRSLEATDSAFDNPDyWHSRLFPKANAQRT,Updated for maximal coverage,P21860,ERBB3,Rcpt_L-dom:56:166:IPR000494;Furin-like_Cys-rich_dom:182:332:IPR006211;Rcpt_L-dom:353:472:IPR000494;GF_recep_IV:499:629:IPR032778;Prot_kinase_dom:709:966:IPR000719,Rcpt_L-dom~Furin-like_Cys-rich_dom~Rcpt_L-dom~GF_recep_IV~Prot_kinase_dom,GO:0007169-P:cell surface receptor protein tyrosine kinase signaling pathway;  GO:0021545-P:cranial nerve development;  GO:0003197-P:endocardial cushion development;  GO:0007173-P:epidermal growth factor receptor signaling pathway;  GO:0038133-P:ERBB2-ERBB3 signaling pathway;  GO:0097192-P:extrinsic apoptotic signaling pathway in absence of ligand;  GO:0007507-P:heart development;  GO:0097049-P:motor neuron apoptotic process;  GO:0042552-P:myelination;  GO:0043066-P:negative regulation of apoptotic process;  GO:0007162-P:negative regulation of cell adhesion;  GO:2000672-P:negative regulation of motor neuron apoptotic process;  GO:0043524-P:negative regulation of neuron apoptotic process;  GO:0051048-P:negative regulation of secretion;  GO:0009968-P:negative regulation of signal transduction;  GO:0051402-P:neuron apoptotic process;  GO:0030182-P:neuron differentiation;  GO:0007422-P:peripheral nervous system development;  GO:0043491-P:phosphatidylinositol 3-kinase/protein kinase B signal transduction;  GO:0070886-P:positive regulation of calcineurin-NFAT signaling cascade;  GO:0055025-P:positive regulation of cardiac muscle tissue development;  GO:0050679-P:positive regulation of epithelial cell proliferation;  GO:0010628-P:positive regulation of gene expression;  GO:0043410-P:positive regulation of MAPK cascade;  GO:0051897-P:positive regulation of phosphatidylinositol 3-kinase/protein kinase B signal transduction;  GO:0042127-P:regulation of cell population proliferation;  GO:0014044-P:Schwann cell development;  GO:0014037-P:Schwann cell differentiation;  GO:0007165-P:signal transduction;  GO:0042060-P:wound healing;  GO:0005524-F:ATP binding;  GO:0043125-F:ErbB-3 class receptor binding;  GO:0019838-F:growth factor binding;  GO:0042802-F:identical protein binding;  GO:0038132-F:neuregulin binding;  GO:0038131-F:neuregulin receptor activity;  GO:0046982-F:protein heterodimerization activity;  GO:0004672-F:protein kinase activity;  GO:0030296-F:protein tyrosine kinase activator activity;  GO:0004888-F:transmembrane signaling receptor activity;  GO:0031625-F:ubiquitin protein ligase binding;  GO:0016324-C:apical plasma membrane;  GO:0009925-C:basal plasma membrane;  GO:0016323-C:basolateral plasma membrane;  GO:0038143-C:ERBB3:ERBB2 complex;  GO:0005615-C:extracellular space;  GO:0016328-C:lateral plasma membrane;  GO:0005886-C:plasma membrane;  GO:0043235-C:receptor complex,SAFDNPDyWHSRLFP,Y1328,1,"Phosphotyrosine (1323, 1367, 1381, 1386, 1395, 1412, 1521, 1546, 1718, 1723, 1787, 1888)",,,Cytoplasmic,,,ENSE00002347570,nonbinder,0.2746750455339087,,PDWHSR,PDWHSR,0.0,0.27467504553390876,confident nonbinder
YGGYGR,P98179,RBM3,Y127,GGGDQGYGSGRYYDSRPGGYGyGYGRSRDYNGRNQGGYDRYSG,1.3916406456467654,1.7783541235348923,2.003067543152139,2.218211824365033,2.023879069864557,1.3153632837271565,UniProtKB,P98179,GGGDQGYGSGRYYDSRPGGYGyGYGRSRDYNGRNQGGYDRYSG,Updated for maximal coverage,P98179,RBM3,RRM_dom:6:84:IPR000504,RRM_dom,"GO:0048026-P:positive regulation of mRNA splicing, via spliceosome;  GO:0045727-P:positive regulation of translation;  GO:0006417-P:regulation of translation;  GO:0006396-P:RNA processing;  GO:0043023-F:ribosomal large subunit binding;  GO:0003723-F:RNA binding;  GO:0005737-C:cytoplasm;  GO:0030425-C:dendrite;  GO:0005654-C:nucleoplasm;  GO:0005634-C:nucleus;  GO:0005681-C:spliceosomal complex",SRPGGYGyGYGRSRD,Y127,1,"Phosphotyrosine (1367, 1381, 1386, 1395, 1412, 1777, 1787, 1887, 1888)",,,Disordered,,,ENSE00003538077,nonbinder,0.0370174943208874,,YGGYGR,YGGYGR,0.0,0.03701749432088748,confident nonbinder
SSSSNS,Q96QD8,SLC38A2,Y20,MKKAEMGRFSISPDEDSSSySSNSDFNYSYPTKQAALKSHY,1.680624418672618,3.471368947327719,3.3626906112852697,3.8978178999093056,6.026536158528415,5.908809664982504,UniProtKB,Q96QD8,MKKAEMGRFSISPDEDSSSySSNSDFNYSYPTKQAALKSHY,Updated for maximal coverage,Q96QD8,SLC38A2,AA_transpt_TM:70:493:IPR013057,AA_transpt_TM,"GO:0032328-P:alanine transport;  GO:0043090-P:amino acid import;  GO:0003333-P:amino acid transmembrane transport;  GO:0006865-P:amino acid transport;  GO:0034198-P:cellular response to amino acid starvation;  GO:1903841-P:cellular response to arsenite(3-);  GO:0071260-P:cellular response to mechanical stimulus;  GO:0021987-P:cerebral cortex development;  GO:0007565-P:female pregnancy;  GO:0006868-P:glutamine transport;  GO:0031460-P:glycine betaine transport;  GO:1903803-P:L-glutamine import across plasma membrane;  GO:1904271-P:L-proline import across plasma membrane;  GO:1903812-P:L-serine import across plasma membrane;  GO:0015825-P:L-serine transport;  GO:0006836-P:neurotransmitter transport;  GO:0015804-P:neutral amino acid transport;  GO:0010628-P:positive regulation of gene expression;  GO:0033120-P:positive regulation of RNA splicing;  GO:0015824-P:proline transport;  GO:0080135-P:regulation of cellular response to stress;  GO:1903294-P:regulation of glutamate secretion, neurotransmission;  GO:0014850-P:response to muscle activity;  GO:0150104-P:transport across blood-brain barrier;  GO:0015172-F:acidic amino acid transmembrane transporter activity;  GO:0015655-F:alanine:sodium symporter activity;  GO:0015171-F:amino acid transmembrane transporter activity;  GO:0005283-F:amino acid:sodium symporter activity;  GO:0015186-F:L-glutamine transmembrane transporter activity;  GO:0015194-F:L-serine transmembrane transporter activity;  GO:0005295-F:neutral L-amino acid:sodium symporter activity;  GO:0005298-F:proline:sodium symporter activity;  GO:0030424-C:axon;  GO:0005903-C:brush border;  GO:0005737-C:cytoplasm;  GO:0030425-C:dendrite;  GO:0043025-C:neuronal cell body;  GO:0005886-C:plasma membrane;  GO:0042383-C:sarcolemma",PDEDSSSySSNSDFN,Y20,1,"Phosphotyrosine (1367, 1381, 1386, 1387, 1395, 1402, 1412, 1536, 1599, 1617, 1718, 1777, 1887, 1888)",,,Cytoplasmic;Regulates protein turnover upon amino acid deprivation;Disordered,,,ENSE00003459885,nonbinder,0.0102299150475761,,SSSSNS,SSSSNS,0.0,0.010229915047576133,confident nonbinder
SHADVD,Q96QD8,SLC38A2,Y41,YSSNSDFNYSYPTKQAALKSHyADVDPENQNFLLESNLGKKKY,0.1343668923348508,0.4756942487795461,0.621606016676528,0.6177401899609474,0.8669799792946905,0.9510511330479424,UniProtKB,Q96QD8,YSSNSDFNYSYPTKQAALKSHyADVDPENQNFLLESNLGKKKY,Updated for maximal coverage,Q96QD8,SLC38A2,AA_transpt_TM:70:493:IPR013057,AA_transpt_TM,"GO:0032328-P:alanine transport;  GO:0043090-P:amino acid import;  GO:0003333-P:amino acid transmembrane transport;  GO:0006865-P:amino acid transport;  GO:0034198-P:cellular response to amino acid starvation;  GO:1903841-P:cellular response to arsenite(3-);  GO:0071260-P:cellular response to mechanical stimulus;  GO:0021987-P:cerebral cortex development;  GO:0007565-P:female pregnancy;  GO:0006868-P:glutamine transport;  GO:0031460-P:glycine betaine transport;  GO:1903803-P:L-glutamine import across plasma membrane;  GO:1904271-P:L-proline import across plasma membrane;  GO:1903812-P:L-serine import across plasma membrane;  GO:0015825-P:L-serine transport;  GO:0006836-P:neurotransmitter transport;  GO:0015804-P:neutral amino acid transport;  GO:0010628-P:positive regulation of gene expression;  GO:0033120-P:positive regulation of RNA splicing;  GO:0015824-P:proline transport;  GO:0080135-P:regulation of cellular response to stress;  GO:1903294-P:regulation of glutamate secretion, neurotransmission;  GO:0014850-P:response to muscle activity;  GO:0150104-P:transport across blood-brain barrier;  GO:0015172-F:acidic amino acid transmembrane transporter activity;  GO:0015655-F:alanine:sodium symporter activity;  GO:0015171-F:amino acid transmembrane transporter activity;  GO:0005283-F:amino acid:sodium symporter activity;  GO:0015186-F:L-glutamine transmembrane transporter activity;  GO:0015194-F:L-serine transmembrane transporter activity;  GO:0005295-F:neutral L-amino acid:sodium symporter activity;  GO:0005298-F:proline:sodium symporter activity;  GO:0030424-C:axon;  GO:0005903-C:brush border;  GO:0005737-C:cytoplasm;  GO:0030425-C:dendrite;  GO:0043025-C:neuronal cell body;  GO:0005886-C:plasma membrane;  GO:0042383-C:sarcolemma",QAALKSHyADVDPEN,Y41,1,"Phosphotyrosine (1367, 1381, 1386, 1395, 1412, 1777, 1887, 1888)",,,Cytoplasmic;Regulates protein turnover upon amino acid deprivation,,,ENSE00003525024,binder,0.8460169317648083,,SHADVD,SHADVD,1.0,0.8460169317648083,confident binder
VVTGDR,P05023,ATP1A1,Y260,TRNIAFFSTNCVEGTARGIVVyTGDRTVMGRIATLASGLEGGQ,0.6483753674776398,0.5722699863002034,0.5094298695537987,0.783470822594954,0.8545877632450622,0.3838711825339396,UniProtKB,P05023,TRNIAFFSTNCVEGTARGIVVyTGDRTVMGRIATLASGLEGGQ,Updated for maximal coverage,P05023,ATP1A1,ATPase_P-typ_cation-transptr_N:42:116:IPR004014;ATPase_P-type_domA:164:274:IPR059000;P_typ_ATPase_HD_dom:355:767:IPR044492;ATPase_P-typ_cation-transptr_C:799:1008:IPR006068,ATPase_P-typ_cation-transptr_N~ATPase_P-type_domA~P_typ_ATPase_HD_dom~ATPase_P-typ_cation-transptr_C,GO:0086002-P:cardiac muscle cell action potential involved in contraction;  GO:0086064-P:cell communication by electrical coupling involved in cardiac conduction;  GO:0071383-P:cellular response to steroid hormone stimulus;  GO:0010248-P:establishment or maintenance of transmembrane electrochemical gradient;  GO:0030007-P:intracellular potassium ion homeostasis;  GO:0006883-P:intracellular sodium ion homeostasis;  GO:0086009-P:membrane repolarization;  GO:0086013-P:membrane repolarization during cardiac muscle cell action potential;  GO:0031947-P:negative regulation of glucocorticoid biosynthetic process;  GO:0045822-P:negative regulation of heart contraction;  GO:0007231-P:osmosensory signaling pathway;  GO:0045823-P:positive regulation of heart contraction;  GO:0045989-P:positive regulation of striated muscle contraction;  GO:1990573-P:potassium ion import across plasma membrane;  GO:0071805-P:potassium ion transmembrane transport;  GO:1902600-P:proton transmembrane transport;  GO:0008217-P:regulation of blood pressure;  GO:0002028-P:regulation of sodium ion transport;  GO:0002026-P:regulation of the force of heart contraction;  GO:0055119-P:relaxation of cardiac muscle;  GO:1903416-P:response to glycoside;  GO:0009410-P:response to xenobiotic stimulus;  GO:0036376-P:sodium ion export across plasma membrane;  GO:0035725-P:sodium ion transmembrane transport;  GO:0005524-F:ATP binding;  GO:0016887-F:ATP hydrolysis activity;  GO:0005391-F:P-type sodium:potassium-exchanging transporter activity;  GO:0016791-F:phosphatase activity;  GO:0030955-F:potassium ion binding;  GO:0046982-F:protein heterodimerization activity;  GO:0051087-F:protein-folding chaperone binding;  GO:0031402-F:sodium ion binding;  GO:1990239-F:steroid hormone binding;  GO:0044325-F:transmembrane transporter binding;  GO:0016324-C:apical plasma membrane;  GO:0030424-C:axon;  GO:0016323-C:basolateral plasma membrane;  GO:0005783-C:endoplasmic reticulum;  GO:0070062-C:extracellular exosome;  GO:1903561-C:extracellular vesicle;  GO:0005794-C:Golgi apparatus;  GO:0016328-C:lateral plasma membrane;  GO:0042470-C:melanosome;  GO:0016020-C:membrane;  GO:0045121-C:membrane raft;  GO:0031090-C:organelle membrane;  GO:0060342-C:photoreceptor inner segment membrane;  GO:0005886-C:plasma membrane;  GO:0014069-C:postsynaptic density;  GO:0032991-C:protein-containing complex;  GO:0042383-C:sarcolemma;  GO:0005890-C:sodium:potassium-exchanging ATPase complex;  GO:0036126-C:sperm flagellum;  GO:0030315-C:T-tubule,TARGIVVyTGDRTVM,Y260,1,"Phosphotyrosine (1323, 1343, 1367, 1369, 1381, 1386, 1395, 1412, 1521, 1546, 1564, 1618, 1704, 1777, 1787, 1886, 1887, 1888)",ATPase_P-type_domA,IPR059000,Cytoplasmic,STRAND,,ENSE00001633629,nonbinder,0.1562791273129928,,VVTGDR,VVTGDR,0.0,0.15627912731299284,confident nonbinder
PHEKVS,P98172,EFNB1,Y317,GTEPSDIIIPLRTTENNYCPHyEKVSGDYGHPVYIVQEMPPQS,0.3143583837581409,0.5030091877663471,0.3794886585601925,0.7237035957190677,0.5538055850340119,0.6925951688865637,UniProtKB,P98172,GTEPSDIIIPLRTTENNYCPHyEKVSGDYGHPVYIVQEMPPQS,Updated for maximal coverage,P98172,EFNB1,Ephrin_RBD:29:164:IPR001799,Ephrin_RBD,GO:0007411-P:axon guidance;  GO:0007155-P:cell adhesion;  GO:0007267-P:cell-cell signaling;  GO:0009880-P:embryonic pattern specification;  GO:0048013-P:ephrin receptor signaling pathway;  GO:0001755-P:neural crest cell migration;  GO:0042102-P:positive regulation of T cell proliferation;  GO:2000785-P:regulation of autophagosome assembly;  GO:0031295-P:T cell costimulation;  GO:0042098-P:T cell proliferation;  GO:0046875-F:ephrin receptor binding;  GO:0009986-C:cell surface;  GO:0005737-C:cytoplasm;  GO:0070062-C:extracellular exosome;  GO:0098978-C:glutamatergic synapse;  GO:0045121-C:membrane raft;  GO:0005634-C:nucleus;  GO:0005886-C:plasma membrane;  GO:0042734-C:presynaptic membrane;  GO:0045202-C:synapse,ENNYCPHyEKVSGDY,Y317,1,"Phosphotyrosine (1367, 1381, 1386, 1395, 1412, 1521, 1546, 1777, 1787, 1888)",,,Cytoplasmic,,,ENSE00001041114,binder,0.8501193550847232,,PHEKVS,PHEKVS,1.0,0.8501193550847232,confident binder
GRVLCP,P30530,AXL,Y866,QPDPKDSCSCLTAAEVHPAGRyVLCPSTTPSPAQPADRGSPAA,0.3200870289687901,0.4083458508053595,0.2749796077011436,0.2298965271480603,0.0255895424168571,-0.0193379140529959,UniProtKB,P30530,QPDPKDSCSCLTAAEVHPAGRyVLCPSTTPSPAQPADRGSPAA,Updated for maximal coverage,P30530,AXL,Ig_sub:41:136:IPR003599;Ig_sub:145:224:IPR003599;FN3_dom:225:331:IPR003961;FN3_dom:334:428:IPR003961;Prot_kinase_dom:536:807:IPR000719,Ig_sub~Ig_sub~FN3_dom~FN3_dom~Prot_kinase_dom,GO:0001974-P:blood vessel remodeling;  GO:0048469-P:cell maturation;  GO:0016477-P:cell migration;  GO:0007169-P:cell surface receptor protein tyrosine kinase signaling pathway;  GO:0035457-P:cellular response to interferon-alpha;  GO:0071222-P:cellular response to lipopolysaccharide;  GO:0097028-P:dendritic cell differentiation;  GO:0034101-P:erythrocyte homeostasis;  GO:0051649-P:establishment of localization in cell;  GO:0021885-P:forebrain cell migration;  GO:0006954-P:inflammatory response;  GO:0045087-P:innate immune response;  GO:0001779-P:natural killer cell differentiation;  GO:0043066-P:negative regulation of apoptotic process;  GO:2000669-P:negative regulation of dendritic cell apoptotic process;  GO:0051250-P:negative regulation of lymphocyte activation;  GO:0010936-P:negative regulation of macrophage cytokine production;  GO:0043524-P:negative regulation of neuron apoptotic process;  GO:0032720-P:negative regulation of tumor necrosis factor production;  GO:0032689-P:negative regulation of type II interferon production;  GO:0007399-P:nervous system development;  GO:0051402-P:neuron apoptotic process;  GO:0001764-P:neuron migration;  GO:0097350-P:neutrophil clearance;  GO:0042698-P:ovulation cycle;  GO:0006909-P:phagocytosis;  GO:0030168-P:platelet activation;  GO:0001961-P:positive regulation of cytokine-mediated signaling pathway;  GO:0032825-P:positive regulation of natural killer cell differentiation;  GO:0051897-P:positive regulation of phosphatidylinositol 3-kinase/protein kinase B signal transduction;  GO:0048549-P:positive regulation of pinocytosis;  GO:1903902-P:positive regulation of viral life cycle;  GO:0032940-P:secretion by cell;  GO:0007165-P:signal transduction;  GO:0007283-P:spermatogenesis;  GO:0034446-P:substrate adhesion-dependent cell spreading;  GO:0046718-P:symbiont entry into host cell;  GO:0060068-P:vagina development;  GO:0048010-P:vascular endothelial growth factor receptor signaling pathway;  GO:0005524-F:ATP binding;  GO:0001786-F:phosphatidylserine binding;  GO:0004713-F:protein tyrosine kinase activity;  GO:0004714-F:transmembrane receptor protein tyrosine kinase activity;  GO:0001618-F:virus receptor activity;  GO:0015629-C:actin cytoskeleton;  GO:0009986-C:cell surface;  GO:0070062-C:extracellular exosome;  GO:0005615-C:extracellular space;  GO:0043231-C:intracellular membrane-bounded organelle;  GO:0005886-C:plasma membrane;  GO:0043235-C:receptor complex,EVHPAGRyVLCPSTT,Y866,1,"Phosphotyrosine (1323, 1367, 1381, 1386, 1395, 1412, 1777, 1886, 1887, 1888)",,,Cytoplasmic;Disordered,,,ENSE00001361520,binder,0.633326771363811,,GRVLCP,GRVLCP,1.0,0.633326771363811,confident binder
PHDDFR,Q86X29,LSR,Y551,SRDDLYDQDDSRDFPRSRDPHyDDFRSRERPPADPRSHHHRTR,1.9422400372916144,1.819732324745992,1.59617385277345,1.6336685338313095,1.2185270102308814,0.6506389490324438,UniProtKB,Q86X29,SRDDLYDQDDSRDFPRSRDPHyDDFRSRERPPADPRSHHHRTR,Updated for maximal coverage,Q86X29,LSR,Ig_sub:96:239:IPR003599;LISCH7:259:306:IPR008664,Ig_sub~LISCH7,GO:0010669-P:epithelial structure maintenance;  GO:0060856-P:establishment of blood-brain barrier;  GO:0061436-P:establishment of skin barrier;  GO:0001889-P:liver development;  GO:0035633-P:maintenance of blood-brain barrier;  GO:0061833-P:protein localization to tricellular tight junction;  GO:1904274-P:tricellular tight junction assembly;  GO:0005923-C:bicellular tight junction;  GO:0030054-C:cell junction;  GO:0042627-C:chylomicron;  GO:0070062-C:extracellular exosome;  GO:0034362-C:low-density lipoprotein particle;  GO:0005886-C:plasma membrane;  GO:0070160-C:tight junction;  GO:0061689-C:tricellular tight junction;  GO:0034361-C:very-low-density lipoprotein particle,PRSRDPHyDDFRSRE,Y551,1,"Phosphotyrosine (1323, 1367, 1369, 1381, 1386, 1395, 1412, 1521, 1546, 1718, 1787, 1887, 1888)",,,Cytoplasmic;Disordered;Basic and acidic residues,,,ENSE00000862773,binder,0.81647246435305,,PHDDFR,PHDDFR,1.0,0.81647246435305,confident binder
LPDGRL,Q86X29,LSR,Y586,RSHHHRTRDPRDNGSRSGDLPyDGRLLEEAVRKKGSEERRRPH,1.5861899820441174,1.807170827765544,1.5173953697268756,1.5376237451073065,1.0712434068534875,0.81073053660728,UniProtKB,Q86X29,RSHHHRTRDPRDNGSRSGDLPyDGRLLEEAVRKKGSEERRRPH,Updated for maximal coverage,Q86X29,LSR,Ig_sub:96:239:IPR003599;LISCH7:259:306:IPR008664,Ig_sub~LISCH7,GO:0010669-P:epithelial structure maintenance;  GO:0060856-P:establishment of blood-brain barrier;  GO:0061436-P:establishment of skin barrier;  GO:0001889-P:liver development;  GO:0035633-P:maintenance of blood-brain barrier;  GO:0061833-P:protein localization to tricellular tight junction;  GO:1904274-P:tricellular tight junction assembly;  GO:0005923-C:bicellular tight junction;  GO:0030054-C:cell junction;  GO:0042627-C:chylomicron;  GO:0070062-C:extracellular exosome;  GO:0034362-C:low-density lipoprotein particle;  GO:0005886-C:plasma membrane;  GO:0070160-C:tight junction;  GO:0061689-C:tricellular tight junction;  GO:0034361-C:very-low-density lipoprotein particle,SRSGDLPyDGRLLEE,Y586,1,"Phosphotyrosine (1323, 1367, 1369, 1381, 1386, 1395, 1412, 1546, 1787, 1887, 1888)",,,Cytoplasmic;Disordered,,,,nonbinder,0.3063888926414574,,LPDGRL,LPDGRL,0.0,0.30638889264145747,confident nonbinder
NDESIS,Q9NWQ8,PAG1,Y417,EEEKATLGTNGHHGLVPKENDyESISDLQQGRDITRL,1.57681984445608,1.7570602584819468,1.6308406539354685,1.2858406968710092,0.93151967259839,0.7870845141153567,UniProtKB,Q9NWQ8,EEEKATLGTNGHHGLVPKENDyESISDLQQGRDITRL,Updated for maximal coverage,Q9NWQ8,PAG1,,,GO:0002250-P:adaptive immune response;  GO:0035556-P:intracellular signal transduction;  GO:0050868-P:negative regulation of T cell activation;  GO:0050863-P:regulation of T cell activation;  GO:0007165-P:signal transduction;  GO:0042169-F:SH2 domain binding;  GO:0035591-F:signaling adaptor activity;  GO:0045121-C:membrane raft;  GO:0005886-C:plasma membrane,LVPKENDyESISDLQ,Y417,1,"Phosphotyrosine (1323, 1367, 1369, 1381, 1386, 1395, 1412, 1521, 1546, 1682, 1723, 1777, 1787, 1885, 1886, 1888)",,,Cytoplasmic;Disordered,,,ENSE00001206828,binder,Training,,NDESIS,NDESIS,,,1
FDVHDQ,Q9H329-2,EPB41L4B,Y493,SFQDDRSHWKASASGDDSHFDyVHDQNQKNLGGMQSMMYRDKL,3.210765999439212,3.399859256881726,3.2035417879716066,3.397981904060382,2.366806063260195,1.520702274401501,UniProtKB,Q9H329-2,SFQDDRSHWKASASGDDSHFDyVHDQNQKNLGGMQSMMYRDKL,Updated for maximal coverage,Q9H329-2,EPB41L4B,Band_41_domain:81:277:IPR019749;FERM_PH-like_C:281:373:IPR018980;FA:378:422:IPR014847,Band_41_domain~FERM_PH-like_C~FA,,GDDSHFDyVHDQNQK,Y493,1,"Phosphotyrosine (1381, 1386, 1395, 1412, 1521, 1777, 1787, 1888)",,,,,,,,,,FDVHDQ,FDVHDQ,0.0,0.01052220084462628,confident nonbinder
PELGLD,P04626,ERBB2,Y1248,PPERGAPPSTFKGTPTAENPEyLGLDVPV,3.978677606970192,4.075945773758813,3.824729629444552,3.731701783107362,3.365530626628451,3.3530408897230988,UniProtKB,P04626,PPERGAPPSTFKGTPTAENPEyLGLDVPV,Updated for maximal coverage,P04626,ERBB2,Rcpt_L-dom:52:172:IPR000494;Furin-like_Cys-rich_dom:190:343:IPR006211;Rcpt_L-dom:366:484:IPR000494;GF_recep_IV:511:642:IPR032778;TM_ErbB1:654:688:IPR049328;Prot_kinase_dom:720:987:IPR000719,Rcpt_L-dom~Furin-like_Cys-rich_dom~Rcpt_L-dom~GF_recep_IV~TM_ErbB1~Prot_kinase_dom,GO:0008283-P:cell population proliferation;  GO:0007169-P:cell surface receptor protein tyrosine kinase signaling pathway;  GO:0007166-P:cell surface receptor signaling pathway;  GO:0071364-P:cellular response to epidermal growth factor stimulus;  GO:0071363-P:cellular response to growth factor stimulus;  GO:0007167-P:enzyme-linked receptor protein signaling pathway;  GO:0007173-P:epidermal growth factor receptor signaling pathway;  GO:0038134-P:ERBB2-EGFR signaling pathway;  GO:0038133-P:ERBB2-ERBB3 signaling pathway;  GO:0038135-P:ERBB2-ERBB4 signaling pathway;  GO:0007507-P:heart development;  GO:0033080-P:immature T cell proliferation in thymus;  GO:0035556-P:intracellular signal transduction;  GO:0008045-P:motor neuron axon guidance;  GO:0042552-P:myelination;  GO:0043066-P:negative regulation of apoptotic process;  GO:0033088-P:negative regulation of immature T cell proliferation in thymus;  GO:0007528-P:neuromuscular junction development;  GO:0030182-P:neuron differentiation;  GO:0099645-P:neurotransmitter receptor localization to postsynaptic specialization membrane;  GO:0048709-P:oligodendrocyte differentiation;  GO:0018108-P:peptidyl-tyrosine phosphorylation;  GO:0043491-P:phosphatidylinositol 3-kinase/protein kinase B signal transduction;  GO:0045785-P:positive regulation of cell adhesion;  GO:0030307-P:positive regulation of cell growth;  GO:0050679-P:positive regulation of epithelial cell proliferation;  GO:0043406-P:positive regulation of MAP kinase activity;  GO:0043410-P:positive regulation of MAPK cascade;  GO:0090314-P:positive regulation of protein targeting to membrane;  GO:0035025-P:positive regulation of Rho protein signal transduction;  GO:0045943-P:positive regulation of transcription by RNA polymerase I;  GO:0045727-P:positive regulation of translation;  GO:0006468-P:protein phosphorylation;  GO:0045765-P:regulation of angiogenesis;  GO:0070372-P:regulation of ERK1 and ERK2 cascade;  GO:0032886-P:regulation of microtubule-based process;  GO:0014044-P:Schwann cell development;  GO:0071526-P:semaphorin-plexin signaling pathway;  GO:0007165-P:signal transduction;  GO:0042060-P:wound healing;  GO:0005524-F:ATP binding;  GO:0015026-F:coreceptor activity;  GO:0043125-F:ErbB-3 class receptor binding;  GO:0042802-F:identical protein binding;  GO:0046982-F:protein heterodimerization activity;  GO:0004713-F:protein tyrosine kinase activity;  GO:0030971-F:receptor tyrosine kinase binding;  GO:0001042-F:RNA polymerase I core binding;  GO:0005102-F:signaling receptor binding;  GO:0004714-F:transmembrane receptor protein tyrosine kinase activity;  GO:0004888-F:transmembrane signaling receptor activity;  GO:0016324-C:apical plasma membrane;  GO:0009925-C:basal plasma membrane;  GO:0016323-C:basolateral plasma membrane;  GO:0005829-C:cytosol;  GO:0005769-C:early endosome;  GO:0010008-C:endosome membrane;  GO:0038143-C:ERBB3:ERBB2 complex;  GO:0016020-C:membrane;  GO:0043209-C:myelin sheath;  GO:0031594-C:neuromuscular junction;  GO:0005654-C:nucleoplasm;  GO:0005634-C:nucleus;  GO:0048471-C:perinuclear region of cytoplasm;  GO:0005886-C:plasma membrane;  GO:0042734-C:presynaptic membrane;  GO:0043235-C:receptor complex;  GO:0032587-C:ruffle membrane;  GO:0002116-C:semaphorin receptor complex,PTAENPEyLGLDVPV,Y1248,1,"Phosphotyrosine (1323, 1367, 1381, 1386, 1395, 1402, 1412, 1521, 1536, 1546, 1599, 1718, 1723, 1777, 1787, 1886, 1888)",,,Cytoplasmic;Disordered,,,ENSE00003907546,binder,0.849792126643703,,PELGLD,PELGLD,1.0,0.849792126643703,confident binder
HNSEAE,Q9Y6I3,EPN1,Y17,MSTSSLRRQMKNIVHNySEAEIKVREATSNDPWGPSSS,1.831093231481832,2.0417477271757454,3.740445721496956,4.505258939942474,5.055020446651606,4.036062964111119,UniProtKB,Q9Y6I3,MSTSSLRRQMKNIVHNySEAEIKVREATSNDPWGPSSS,Updated for maximal coverage,Q9Y6I3,EPN1,ENTH:12:144:IPR013809,ENTH,GO:0048568-P:embryonic organ development;  GO:0006897-P:endocytosis;  GO:0007565-P:female pregnancy;  GO:0001701-P:in utero embryonic development;  GO:1903671-P:negative regulation of sprouting angiogenesis;  GO:0007219-P:Notch signaling pathway;  GO:0030276-F:clathrin binding;  GO:0140313-F:molecular sequestering activity;  GO:0005543-F:phospholipid binding;  GO:0030125-C:clathrin vesicle coat;  GO:0005905-C:clathrin-coated pit;  GO:0005829-C:cytosol;  GO:0005768-C:endosome;  GO:0005634-C:nucleus;  GO:0005886-C:plasma membrane,MKNIVHNySEAEIKV,Y17,1,"Phosphotyrosine (1381, 1386, 1412, 1887, 1888)",ENTH,IPR013809,,,,ENSE00003578844,nonbinder,0.1482192743584795,,HNSEAE,HNSEAE,0.0,0.14821927435847954,confident nonbinder
KVIDPF,P54760,EPHB4,Y590,GREAEYSDKHGQYLIGHGTKVyIDPFTYEDPNEAVREFAKEID,0.7229364082324331,0.7961315928765081,0.5864037513836811,0.758648023622716,0.5646726124574901,0.352890362392853,UniProtKB,P54760,GREAEYSDKHGQYLIGHGTKVyIDPFTYEDPNEAVREFAKEID,Updated for maximal coverage,P54760,EPHB4,Ephrin_rcpt_lig-bd_dom:17:202:IPR001090;Tyr-kin_ephrin_A/B_rcpt-like:261:299:IPR011641;FN3_dom:323:432:IPR003961;FN3_dom:434:529:IPR003961;Eph_TM:541:612:IPR027936;Prot_kinase_dom:615:899:IPR000719;SAM:904:971:IPR001660,Ephrin_rcpt_lig-bd_dom~Tyr-kin_ephrin_A/B_rcpt-like~FN3_dom~FN3_dom~Eph_TM~Prot_kinase_dom~SAM,GO:0001525-P:angiogenesis;  GO:0007155-P:cell adhesion;  GO:0002042-P:cell migration involved in sprouting angiogenesis;  GO:0048013-P:ephrin receptor signaling pathway;  GO:0003007-P:heart morphogenesis;  GO:0046777-P:protein autophosphorylation;  GO:0005524-F:ATP binding;  GO:0005003-F:ephrin receptor activity;  GO:0004714-F:transmembrane receptor protein tyrosine kinase activity;  GO:0005829-C:cytosol;  GO:0070062-C:extracellular exosome;  GO:0005576-C:extracellular region;  GO:0005886-C:plasma membrane;  GO:0043235-C:receptor complex,IGHGTKVyIDPFTYE,Y590,1,"Phosphotyrosine (1381, 1386, 1395, 1412, 1521, 1536, 1777, 1787, 1888)",Eph_TM,IPR027936,Cytoplasmic,,,ENSE00003550897,binder,0.942272327123402,,KVIDPF,KVIDPF,1.0,0.9422723271234021,confident binder
PTTSSL,P54760,EPHB4,Y774,VCKVSDFGLSRFLEENSSDPTyTSSLGGKIPIRWTAPEAIAFR,0.3685379807714596,0.3858174889023818,0.3411715756563461,0.4631020514781814,0.4735641627241731,0.4274797989651933,UniProtKB,P54760,VCKVSDFGLSRFLEENSSDPTyTSSLGGKIPIRWTAPEAIAFR,Updated for maximal coverage,P54760,EPHB4,Ephrin_rcpt_lig-bd_dom:17:202:IPR001090;Tyr-kin_ephrin_A/B_rcpt-like:261:299:IPR011641;FN3_dom:323:432:IPR003961;FN3_dom:434:529:IPR003961;Eph_TM:541:612:IPR027936;Prot_kinase_dom:615:899:IPR000719;SAM:904:971:IPR001660,Ephrin_rcpt_lig-bd_dom~Tyr-kin_ephrin_A/B_rcpt-like~FN3_dom~FN3_dom~Eph_TM~Prot_kinase_dom~SAM,GO:0001525-P:angiogenesis;  GO:0007155-P:cell adhesion;  GO:0002042-P:cell migration involved in sprouting angiogenesis;  GO:0048013-P:ephrin receptor signaling pathway;  GO:0003007-P:heart morphogenesis;  GO:0046777-P:protein autophosphorylation;  GO:0005524-F:ATP binding;  GO:0005003-F:ephrin receptor activity;  GO:0004714-F:transmembrane receptor protein tyrosine kinase activity;  GO:0005829-C:cytosol;  GO:0070062-C:extracellular exosome;  GO:0005576-C:extracellular region;  GO:0005886-C:plasma membrane;  GO:0043235-C:receptor complex,ENSSDPTyTSSLGGK,Y774,1,"Phosphotyrosine (1367, 1381, 1386, 1395, 1412, 1521, 1546, 1777, 1787, 1888)",Prot_kinase_dom,IPR000719,Cytoplasmic,,HIGH,ENSE00003536241,nonbinder,0.1958555993550232,,PTTSSL,PTTSSL,0.0,0.19585559935502325,confident nonbinder
LREVTS,P15924,DSP,Y28,SHPRINTLGRMIRAESGPDLRyEVTSGGGGTSRMYYSRRGVIT,0.8747714674694741,1.389338614016744,1.3523078830717767,1.5067096259415522,1.1034647793200532,0.7053194506724925,UniProtKB,P15924,SHPRINTLGRMIRAESGPDLRyEVTSGGGGTSRMYYSRRGVIT,Updated for maximal coverage,P15924,DSP,SH3_domain:458:515:IPR001452;Desmoplakin_Spectrin-like:548:625:IPR041573,SH3_domain~Desmoplakin_Spectrin-like,GO:0034332-P:adherens junction organization;  GO:0086073-P:bundle of His cell-Purkinje myocyte adhesion involved in cell communication;  GO:0098609-P:cell-cell adhesion;  GO:0002934-P:desmosome organization;  GO:0008544-P:epidermis development;  GO:0090136-P:epithelial cell-cell adhesion;  GO:0045104-P:intermediate filament cytoskeleton organization;  GO:0045109-P:intermediate filament organization;  GO:0030216-P:keratinocyte differentiation;  GO:0018149-P:peptide cross-linking;  GO:0150105-P:protein localization to cell-cell junction;  GO:0086091-P:regulation of heart rate by cardiac conduction;  GO:0098911-P:regulation of ventricular cardiac muscle cell action potential;  GO:0043588-P:skin development;  GO:0003223-P:ventricular compact myocardium morphogenesis;  GO:0042060-P:wound healing;  GO:0086083-F:cell adhesive protein binding involved in bundle of His cell-Purkinje myocyte communication;  GO:0005080-F:protein kinase C binding;  GO:0003723-F:RNA binding;  GO:0097110-F:scaffold protein binding;  GO:0005200-F:structural constituent of cytoskeleton;  GO:0005198-F:structural molecule activity;  GO:0005912-C:adherens junction;  GO:0016323-C:basolateral plasma membrane;  GO:0001533-C:cornified envelope;  GO:0005737-C:cytoplasm;  GO:0030057-C:desmosome;  GO:0070062-C:extracellular exosome;  GO:0005916-C:fascia adherens;  GO:0101003-C:ficolin-1-rich granule membrane;  GO:0014704-C:intercalated disc;  GO:0005882-C:intermediate filament;  GO:0005634-C:nucleus;  GO:0005886-C:plasma membrane,ESGPDLRyEVTSGGG,Y28,1,"Phosphotyrosine (1323, 1367, 1369, 1381, 1386, 1395, 1412, 1546, 1777, 1787, 1887, 1888)",,,"Globular 1;Interaction with PKP1, JUP, PKP2",,,ENSE00003916050,low-confidence,0.4553355527636165,,LREVTS,LREVTS,0.0,0.45533555276361654,low-confidence
DGCQTG,P15924,DSP,Y56,GGTSRMYYSRRGVITDQNSDGyCQTGTMSRHQNQNTIQELLQN,1.4098864997263836,2.18161338072113,1.2115180766238642,1.4041162662154911,0.8636419879050229,-0.1217107910161632,UniProtKB,P15924,GGTSRMYYSRRGVITDQNSDGyCQTGTMSRHQNQNTIQELLQN,Updated for maximal coverage,P15924,DSP,SH3_domain:458:515:IPR001452;Desmoplakin_Spectrin-like:548:625:IPR041573,SH3_domain~Desmoplakin_Spectrin-like,GO:0034332-P:adherens junction organization;  GO:0086073-P:bundle of His cell-Purkinje myocyte adhesion involved in cell communication;  GO:0098609-P:cell-cell adhesion;  GO:0002934-P:desmosome organization;  GO:0008544-P:epidermis development;  GO:0090136-P:epithelial cell-cell adhesion;  GO:0045104-P:intermediate filament cytoskeleton organization;  GO:0045109-P:intermediate filament organization;  GO:0030216-P:keratinocyte differentiation;  GO:0018149-P:peptide cross-linking;  GO:0150105-P:protein localization to cell-cell junction;  GO:0086091-P:regulation of heart rate by cardiac conduction;  GO:0098911-P:regulation of ventricular cardiac muscle cell action potential;  GO:0043588-P:skin development;  GO:0003223-P:ventricular compact myocardium morphogenesis;  GO:0042060-P:wound healing;  GO:0086083-F:cell adhesive protein binding involved in bundle of His cell-Purkinje myocyte communication;  GO:0005080-F:protein kinase C binding;  GO:0003723-F:RNA binding;  GO:0097110-F:scaffold protein binding;  GO:0005200-F:structural constituent of cytoskeleton;  GO:0005198-F:structural molecule activity;  GO:0005912-C:adherens junction;  GO:0016323-C:basolateral plasma membrane;  GO:0001533-C:cornified envelope;  GO:0005737-C:cytoplasm;  GO:0030057-C:desmosome;  GO:0070062-C:extracellular exosome;  GO:0005916-C:fascia adherens;  GO:0101003-C:ficolin-1-rich granule membrane;  GO:0014704-C:intercalated disc;  GO:0005882-C:intermediate filament;  GO:0005634-C:nucleus;  GO:0005886-C:plasma membrane,TDQNSDGyCQTGTMS,Y56,1,"Phosphotyrosine (1323, 1367, 1369, 1381, 1386, 1395, 1412, 1521, 1546, 1718, 1777, 1787, 1886, 1887, 1888)",,,"Globular 1;Interaction with PKP1, JUP, PKP2",,,ENSE00003916050,nonbinder,0.1087891309290679,,DGCQTG,DGCQTG,0.0,0.10878913092906796,confident nonbinder
DSYYED,Q8IVM0,CCDC50,Y144,EEKKRKKHFPEFPATRAYADSyYYEDGGMKPRVMKEAVSTPSR,2.1271047481004373,2.627643886066223,2.805559883911225,2.988633460126077,2.570838316976083,1.426570360915386,UniProtKB,Q8IVM0,EEKKRKKHFPEFPATRAYADSyYYEDGGMKPRVMKEAVSTPSR,Updated for maximal coverage,Q8IVM0,CCDC50,CCDC50_N:5:128:IPR029311,CCDC50_N,GO:0007605-P:sensory perception of sound;  GO:0031625-F:ubiquitin protein ligase binding;  GO:0036064-C:ciliary basal body;  GO:0005737-C:cytoplasm;  GO:0005829-C:cytosol,TRAYADSyYYEDGGM,Y144,1,"Phosphotyrosine (1367, 1381, 1386, 1395, 1412, 1777, 1888)",,,,,,ENSE00001073638,nonbinder,0.0401771174329865,,DSYYED,DSYYED,0.0,0.04017711743298655,confident nonbinder
RPSVGA,P22681,CBL,Y552,KPLPVPPTLRDLPPPPPPDRPySVGAESRPQRRPLPCTPGDCP,3.916409463355142,3.948336001278301,3.580651826499728,3.445526931888065,2.9448790912379006,1.8685732316467007,UniProtKB,P22681,KPLPVPPTLRDLPPPPPPDRPySVGAESRPQRRPLPCTPGDCP,Updated for maximal coverage,P22681,CBL,Adaptor_Cbl_N_hlx:51:175:IPR003153;Adaptor_Cbl_EF_hand-like:179:262:IPR014741;Adaptor_Cbl_SH2-like:256:352:IPR014742;Znf_RING:381:420:IPR001841;UBA:856:895:IPR015940,Adaptor_Cbl_N_hlx~Adaptor_Cbl_EF_hand-like~Adaptor_Cbl_SH2-like~Znf_RING~UBA,GO:0071456-P:cellular response to hypoxia;  GO:1990090-P:cellular response to nerve growth factor stimulus;  GO:0036120-P:cellular response to platelet-derived growth factor stimulus;  GO:0019221-P:cytokine-mediated signaling pathway;  GO:0006974-P:DNA damage response;  GO:0008584-P:male gonad development;  GO:0043303-P:mast cell degranulation;  GO:0043066-P:negative regulation of apoptotic process;  GO:0042059-P:negative regulation of epidermal growth factor receptor signaling pathway;  GO:0045742-P:positive regulation of epidermal growth factor receptor signaling pathway;  GO:0051897-P:positive regulation of phosphatidylinositol 3-kinase/protein kinase B signal transduction;  GO:0048260-P:positive regulation of receptor-mediated endocytosis;  GO:0051865-P:protein autoubiquitination;  GO:0006513-P:protein monoubiquitination;  GO:0000209-P:protein polyubiquitination;  GO:0016567-P:protein ubiquitination;  GO:2000583-P:regulation of platelet-derived growth factor receptor-alpha signaling pathway;  GO:0032487-P:regulation of Rap protein signal transduction;  GO:0014823-P:response to activity;  GO:0045471-P:response to ethanol;  GO:0010332-P:response to gamma radiation;  GO:0042594-P:response to starvation;  GO:0033574-P:response to testosterone;  GO:0007165-P:signal transduction;  GO:0046718-P:symbiont entry into host cell;  GO:0070086-P:ubiquitin-dependent endocytosis;  GO:0006511-P:ubiquitin-dependent protein catabolic process;  GO:0045296-F:cadherin binding;  GO:0005509-F:calcium ion binding;  GO:0046875-F:ephrin receptor binding;  GO:0036312-F:phosphatidylinositol 3-kinase regulatory subunit binding;  GO:0001784-F:phosphotyrosine residue binding;  GO:0030971-F:receptor tyrosine kinase binding;  GO:0017124-F:SH3 domain binding;  GO:0061630-F:ubiquitin protein ligase activity;  GO:0004842-F:ubiquitin-protein transferase activity;  GO:0008270-F:zinc ion binding;  GO:0005929-C:cilium;  GO:0005829-C:cytosol;  GO:0016600-C:flotillin complex;  GO:0005925-C:focal adhesion;  GO:0005794-C:Golgi apparatus;  GO:0030426-C:growth cone;  GO:0045121-C:membrane raft;  GO:0048471-C:perinuclear region of cytoplasm;  GO:0005886-C:plasma membrane,PPPPDRPySVGAESR,Y552,1,"Phosphotyrosine (1323, 1367, 1381, 1386, 1395, 1412, 1536, 1888)",,,Required for ubiquitination of SPRED2;Disordered,,,ENSE00001206751,nonbinder,0.0755970454763926,,RPSVGA,RPSVGA,0.0,0.0755970454763926,confident nonbinder
PNDDDD,P22681,CBL,Y455,FDPRGSGSLLRQGAEGAPSPNyDDDDDERADDTLFMMKELAGA,2.78395451447072,3.033202214811264,2.68418802817779,2.7703331721385926,2.356086435648221,1.858589333025314,UniProtKB,P22681,FDPRGSGSLLRQGAEGAPSPNyDDDDDERADDTLFMMKELAGA,Updated for maximal coverage,P22681,CBL,Adaptor_Cbl_N_hlx:51:175:IPR003153;Adaptor_Cbl_EF_hand-like:179:262:IPR014741;Adaptor_Cbl_SH2-like:256:352:IPR014742;Znf_RING:381:420:IPR001841;UBA:856:895:IPR015940,Adaptor_Cbl_N_hlx~Adaptor_Cbl_EF_hand-like~Adaptor_Cbl_SH2-like~Znf_RING~UBA,GO:0071456-P:cellular response to hypoxia;  GO:1990090-P:cellular response to nerve growth factor stimulus;  GO:0036120-P:cellular response to platelet-derived growth factor stimulus;  GO:0019221-P:cytokine-mediated signaling pathway;  GO:0006974-P:DNA damage response;  GO:0008584-P:male gonad development;  GO:0043303-P:mast cell degranulation;  GO:0043066-P:negative regulation of apoptotic process;  GO:0042059-P:negative regulation of epidermal growth factor receptor signaling pathway;  GO:0045742-P:positive regulation of epidermal growth factor receptor signaling pathway;  GO:0051897-P:positive regulation of phosphatidylinositol 3-kinase/protein kinase B signal transduction;  GO:0048260-P:positive regulation of receptor-mediated endocytosis;  GO:0051865-P:protein autoubiquitination;  GO:0006513-P:protein monoubiquitination;  GO:0000209-P:protein polyubiquitination;  GO:0016567-P:protein ubiquitination;  GO:2000583-P:regulation of platelet-derived growth factor receptor-alpha signaling pathway;  GO:0032487-P:regulation of Rap protein signal transduction;  GO:0014823-P:response to activity;  GO:0045471-P:response to ethanol;  GO:0010332-P:response to gamma radiation;  GO:0042594-P:response to starvation;  GO:0033574-P:response to testosterone;  GO:0007165-P:signal transduction;  GO:0046718-P:symbiont entry into host cell;  GO:0070086-P:ubiquitin-dependent endocytosis;  GO:0006511-P:ubiquitin-dependent protein catabolic process;  GO:0045296-F:cadherin binding;  GO:0005509-F:calcium ion binding;  GO:0046875-F:ephrin receptor binding;  GO:0036312-F:phosphatidylinositol 3-kinase regulatory subunit binding;  GO:0001784-F:phosphotyrosine residue binding;  GO:0030971-F:receptor tyrosine kinase binding;  GO:0017124-F:SH3 domain binding;  GO:0061630-F:ubiquitin protein ligase activity;  GO:0004842-F:ubiquitin-protein transferase activity;  GO:0008270-F:zinc ion binding;  GO:0005929-C:cilium;  GO:0005829-C:cytosol;  GO:0016600-C:flotillin complex;  GO:0005925-C:focal adhesion;  GO:0005794-C:Golgi apparatus;  GO:0030426-C:growth cone;  GO:0045121-C:membrane raft;  GO:0048471-C:perinuclear region of cytoplasm;  GO:0005886-C:plasma membrane,EGAPSPNyDDDDDER,Y455,1,"Phosphotyrosine (1367, 1381, 1386, 1395, 1412, 1777, 1888)",,,Required for ubiquitination of SPRED2;Disordered,,,ENSE00001128273,nonbinder,0.0055883413698843,,PNDDDD,PNDDDD,0.0,0.005588341369884399,confident nonbinder
TEMTPS,P22681,CBL,Y700,RPLPVPKLPPGEQCEGEEDTEyMTPSSRPLRPLDTSQSSRACD,4.275100436514633,4.131929757796685,3.957472203441571,3.998364634088472,3.613049349683783,2.976140557512333,UniProtKB,P22681,RPLPVPKLPPGEQCEGEEDTEyMTPSSRPLRPLDTSQSSRACD,Updated for maximal coverage,P22681,CBL,Adaptor_Cbl_N_hlx:51:175:IPR003153;Adaptor_Cbl_EF_hand-like:179:262:IPR014741;Adaptor_Cbl_SH2-like:256:352:IPR014742;Znf_RING:381:420:IPR001841;UBA:856:895:IPR015940,Adaptor_Cbl_N_hlx~Adaptor_Cbl_EF_hand-like~Adaptor_Cbl_SH2-like~Znf_RING~UBA,GO:0071456-P:cellular response to hypoxia;  GO:1990090-P:cellular response to nerve growth factor stimulus;  GO:0036120-P:cellular response to platelet-derived growth factor stimulus;  GO:0019221-P:cytokine-mediated signaling pathway;  GO:0006974-P:DNA damage response;  GO:0008584-P:male gonad development;  GO:0043303-P:mast cell degranulation;  GO:0043066-P:negative regulation of apoptotic process;  GO:0042059-P:negative regulation of epidermal growth factor receptor signaling pathway;  GO:0045742-P:positive regulation of epidermal growth factor receptor signaling pathway;  GO:0051897-P:positive regulation of phosphatidylinositol 3-kinase/protein kinase B signal transduction;  GO:0048260-P:positive regulation of receptor-mediated endocytosis;  GO:0051865-P:protein autoubiquitination;  GO:0006513-P:protein monoubiquitination;  GO:0000209-P:protein polyubiquitination;  GO:0016567-P:protein ubiquitination;  GO:2000583-P:regulation of platelet-derived growth factor receptor-alpha signaling pathway;  GO:0032487-P:regulation of Rap protein signal transduction;  GO:0014823-P:response to activity;  GO:0045471-P:response to ethanol;  GO:0010332-P:response to gamma radiation;  GO:0042594-P:response to starvation;  GO:0033574-P:response to testosterone;  GO:0007165-P:signal transduction;  GO:0046718-P:symbiont entry into host cell;  GO:0070086-P:ubiquitin-dependent endocytosis;  GO:0006511-P:ubiquitin-dependent protein catabolic process;  GO:0045296-F:cadherin binding;  GO:0005509-F:calcium ion binding;  GO:0046875-F:ephrin receptor binding;  GO:0036312-F:phosphatidylinositol 3-kinase regulatory subunit binding;  GO:0001784-F:phosphotyrosine residue binding;  GO:0030971-F:receptor tyrosine kinase binding;  GO:0017124-F:SH3 domain binding;  GO:0061630-F:ubiquitin protein ligase activity;  GO:0004842-F:ubiquitin-protein transferase activity;  GO:0008270-F:zinc ion binding;  GO:0005929-C:cilium;  GO:0005829-C:cytosol;  GO:0016600-C:flotillin complex;  GO:0005925-C:focal adhesion;  GO:0005794-C:Golgi apparatus;  GO:0030426-C:growth cone;  GO:0045121-C:membrane raft;  GO:0048471-C:perinuclear region of cytoplasm;  GO:0005886-C:plasma membrane,EGEEDTEyMTPSSRP,Y700,1,"Phosphotyrosine (1323, 1367, 1381, 1386, 1395, 1412, 1521, 1777, 1787, 1886, 1888)",,,Required for ubiquitination of SPRED2;Interaction with CD2AP;Disordered,,,ENSE00000796212,binder,0.754350752600217,,TEMTPS,TEMTPS,1.0,0.754350752600217,confident binder
DVRSLE,P52735,VAV2,Y142,AQNKGIRPFPSEETTENDDDVyRSLEELADEHDLGEDIYDCVP,1.3872192756723511,1.4226376359118849,1.1302328031920812,0.945088344382568,0.7126230914824213,0.3604677940993009,UniProtKB,P52735,AQNKGIRPFPSEETTENDDDVyRSLEELADEHDLGEDIYDCVP,Updated for maximal coverage,P52735,VAV2,CH_dom:1:120:IPR001715;DH_dom:198:376:IPR000219;PH_domain:405:514:IPR001849;PKC_DAG/PE:523:572:IPR002219;SH3_domain:586:652:IPR001452;SH2:671:767:IPR000980;SH3_domain:816:877:IPR001452,CH_dom~DH_dom~PH_domain~PKC_DAG/PE~SH3_domain~SH2~SH3_domain,GO:0001525-P:angiogenesis;  GO:0016477-P:cell migration;  GO:0071466-P:cellular response to xenobiotic stimulus;  GO:0038095-P:Fc-epsilon receptor signaling pathway;  GO:0038096-P:Fc-gamma receptor signaling pathway involved in phagocytosis;  GO:0002768-P:immune response-regulating cell surface receptor signaling pathway;  GO:0030032-P:lamellipodium assembly;  GO:0030168-P:platelet activation;  GO:0051897-P:positive regulation of phosphatidylinositol 3-kinase/protein kinase B signal transduction;  GO:0008361-P:regulation of cell size;  GO:0043087-P:regulation of GTPase activity;  GO:0051056-P:regulation of small GTPase mediated signal transduction;  GO:0007165-P:signal transduction;  GO:0007264-P:small GTPase-mediated signal transduction;  GO:0048010-P:vascular endothelial growth factor receptor signaling pathway;  GO:0005154-F:epidermal growth factor receptor binding;  GO:0005085-F:guanyl-nucleotide exchange factor activity;  GO:0001784-F:phosphotyrosine residue binding;  GO:0008270-F:zinc ion binding;  GO:0005737-C:cytoplasm;  GO:0005829-C:cytosol;  GO:0005886-C:plasma membrane,TENDDDVyRSLEELA,Y142,1,"Phosphotyrosine (1323, 1381, 1386, 1412, 1521, 1787, 1886, 1887, 1888)",,,,,,ENSE00001096267,nonbinder,0.0223849481414035,,DVRSLE,DVRSLE,0.0,0.022384948141403568,confident nonbinder
AIELLF,P46783,RPS10,Y12,MLMPKKNRIAIyELLFKEGVMVAKKDVHMPKHP,-0.1643411415848746,-0.0975267624346017,-0.1267746702500509,-0.0493402363360055,-0.059452610126847,-0.0229883525693385,UniProtKB,P46783,MLMPKKNRIAIyELLFKEGVMVAKKDVHMPKHP,Updated for maximal coverage,P46783,RPS10,Plectin_eS10_N:3:97:IPR005326,Plectin_eS10_N,GO:0002181-P:cytoplasmic translation;  GO:0006412-P:translation;  GO:0003723-F:RNA binding;  GO:0003735-F:structural constituent of ribosome;  GO:0005737-C:cytoplasm;  GO:0005829-C:cytosol;  GO:0022626-C:cytosolic ribosome;  GO:0022627-C:cytosolic small ribosomal subunit;  GO:0005925-C:focal adhesion;  GO:0016020-C:membrane;  GO:0005730-C:nucleolus;  GO:0005654-C:nucleoplasm;  GO:0005840-C:ribosome;  GO:0045202-C:synapse,KKNRIAIyELLFKEG,Y12,1,"Phosphotyrosine (1323, 1369, 1381, 1386, 1395, 1412, 1521, 1546, 1718, 1787, 1886, 1887, 1888)",Plectin_eS10_N,IPR005326,,HELIX,,ENSE00003757260,binder,0.9588904585902264,,AIELLF,AIELLF,1.0,0.9588904585902265,confident binder
GTETQG,P21709,EPHA1,Y781,NLCCKVSDFGLTRLLDDFDGTyETQGGKIPIRWTAPEAIAHRI,0.3045672053558634,0.2394349804112058,0.342828317935216,0.6638905360090167,0.8552271543468069,1.1536168868537495,UniProtKB,P21709,NLCCKVSDFGLTRLLDDFDGTyETQGGKIPIRWTAPEAIAHRI,Updated for maximal coverage,P21709,EPHA1,Ephrin_rcpt_lig-bd_dom:27:209:IPR001090;Tyr-kin_ephrin_A/B_rcpt-like:275:309:IPR011641;FN3_dom:332:445:IPR003961;FN3_dom:447:538:IPR003961;Eph_TM:548:621:IPR027936;Prot_kinase_dom:624:884:IPR000719;SAM:910:976:IPR001660,Ephrin_rcpt_lig-bd_dom~Tyr-kin_ephrin_A/B_rcpt-like~FN3_dom~FN3_dom~Eph_TM~Prot_kinase_dom~SAM,GO:0001525-P:angiogenesis;  GO:0007169-P:cell surface receptor protein tyrosine kinase signaling pathway;  GO:0030336-P:negative regulation of cell migration;  GO:0045766-P:positive regulation of angiogenesis;  GO:0030335-P:positive regulation of cell migration;  GO:0001954-P:positive regulation of cell-matrix adhesion;  GO:0051496-P:positive regulation of stress fiber assembly;  GO:0034446-P:substrate adhesion-dependent cell spreading;  GO:0005524-F:ATP binding;  GO:0001968-F:fibronectin binding;  GO:0004672-F:protein kinase activity;  GO:0019901-F:protein kinase binding;  GO:0004714-F:transmembrane receptor protein tyrosine kinase activity;  GO:0005005-F:transmembrane-ephrin receptor activity;  GO:0005886-C:plasma membrane;  GO:0043235-C:receptor complex,LDDFDGTyETQGGKI,Y781,1,"Phosphotyrosine (1323, 1381, 1386, 1395, 1412, 1521, 1777, 1787, 1886, 1888)",Prot_kinase_dom,IPR000719,Cytoplasmic,,HIGH,ENSE00003647550,nonbinder,0.0788917423495372,,GTETQG,GTETQG,0.0,0.0788917423495372,confident nonbinder
SSGVPA,O75369,FLNB,Y1530,VKVLPTYDASKVTASGPGLSSyGVPASLPVDFAIDARDAGEGL,1.0789409020498502,0.7733327964405625,1.0176623905023052,1.36008059686497,1.2382152338350074,0.8526615503396758,UniProtKB,O75369,VKVLPTYDASKVTASGPGLSSyGVPASLPVDFAIDARDAGEGL,Updated for maximal coverage,O75369,FLNB,CH_dom:16:122:IPR001715;CH_dom:139:242:IPR001715,CH_dom~CH_dom,GO:0030036-P:actin cytoskeleton organization;  GO:0071346-P:cellular response to type II interferon;  GO:0003382-P:epithelial cell morphogenesis;  GO:0003334-P:keratinocyte development;  GO:0007165-P:signal transduction;  GO:0007519-P:skeletal muscle tissue development;  GO:0003779-F:actin binding;  GO:0051015-F:actin filament binding;  GO:0045296-F:cadherin binding;  GO:0042802-F:identical protein binding;  GO:0003723-F:RNA binding;  GO:0015629-C:actin cytoskeleton;  GO:0005903-C:brush border;  GO:0005938-C:cell cortex;  GO:0005737-C:cytoplasm;  GO:0005829-C:cytosol;  GO:0070062-C:extracellular exosome;  GO:0005925-C:focal adhesion;  GO:0016020-C:membrane;  GO:0043025-C:neuronal cell body;  GO:0045335-C:phagocytic vesicle;  GO:0005886-C:plasma membrane;  GO:0001725-C:stress fiber;  GO:0030018-C:Z disc,SGPGLSSyGVPASLP,Y1530,1,"Phosphotyrosine (1381, 1386, 1395, 1412, 1521, 1787, 1888)",,,,,,ENSE00003475600,nonbinder,0.2758684842524279,,SSGVPA,SSGVPA,0.0,0.27586848425242794,confident nonbinder
SLGLGA,P08729,KRT7,S37; Y40,GRGAQVRLSSARPGGLGSSSLyGLGASRPRVAVRSAYGGPVGA,0.5521534545906127,0.681659608420553,0.8365991682022706,1.1991307752062546,1.065990206544072,0.9953756591765828,UniProtKB,P08729,GRGAQVRLSSARPGGLGSSSLyGLGASRPRVAVRSAYGGPVGA,Updated for maximal coverage,P08729,KRT7,Keratin_2_head:56:87:IPR032444;IF_rod_dom:90:403:IPR039008,Keratin_2_head~IF_rod_dom,GO:0045109-P:intermediate filament organization;  GO:0031424-P:keratinization;  GO:0030280-F:structural constituent of skin epidermis;  GO:0005737-C:cytoplasm;  GO:0005829-C:cytosol;  GO:0070062-C:extracellular exosome;  GO:0005882-C:intermediate filament;  GO:0045111-C:intermediate filament cytoskeleton;  GO:0045095-C:keratin filament;  GO:0005634-C:nucleus,GLGSSSLyGLGASRP,Y40,1,"Phosphotyrosine (1367, 1381, 1386, 1395, 1412, 1521, 1546, 1718, 1719, 1723, 1787, 1888)",,,Head,,,ENSE00002373298,nonbinder,0.2611426053550768,,SLGLGA,SLGLGA,0.0,0.26114260535507683,confident nonbinder
TEVATR,P27361,MAPK3,T202; Y204,CDFGLARIADPEHDHTGFLTEyVATRWYRAPEIMLNSKGYTKS,1.807942853813403,3.124266736608186,3.8844361346984537,4.324580409876957,3.910060316801155,3.815450443120839,UniProtKB,P27361,CDFGLARIADPEHDHTGFLTEyVATRWYRAPEIMLNSKGYTKS,Updated for maximal coverage,P27361,MAPK3,Prot_kinase_dom:42:330:IPR000719,Prot_kinase_dom,GO:0006915-P:apoptotic process;  GO:0060020-P:Bergmann glial cell differentiation;  GO:0030509-P:BMP signaling pathway;  GO:0061308-P:cardiac neural crest cell development involved in heart development;  GO:0051216-P:cartilage development;  GO:0072584-P:caveolin-mediated endocytosis;  GO:0007166-P:cell surface receptor signaling pathway;  GO:0034198-P:cellular response to amino acid starvation;  GO:0071260-P:cellular response to mechanical stimulus;  GO:0071356-P:cellular response to tumor necrosis factor;  GO:0006351-P:DNA-templated transcription;  GO:0007173-P:epidermal growth factor receptor signaling pathway;  GO:0038133-P:ERBB2-ERBB3 signaling pathway;  GO:0070371-P:ERK1 and ERK2 cascade;  GO:0060324-P:face development;  GO:0008286-P:insulin receptor signaling pathway;  GO:0048009-P:insulin-like growth factor receptor signaling pathway;  GO:0070498-P:interleukin-1-mediated signaling pathway;  GO:0061514-P:interleukin-34-mediated signaling pathway;  GO:0035556-P:intracellular signal transduction;  GO:0031663-P:lipopolysaccharide-mediated signaling pathway;  GO:0060425-P:lung morphogenesis;  GO:0000165-P:MAPK cascade;  GO:0050804-P:modulation of chemical synaptic transmission;  GO:0042552-P:myelination;  GO:0090370-P:negative regulation of cholesterol efflux;  GO:0002841-P:negative regulation of T cell mediated immune response to tumor cell;  GO:1904262-P:negative regulation of TORC1 signaling;  GO:0042473-P:outer ear morphogenesis;  GO:0038083-P:peptidyl-tyrosine autophosphorylation;  GO:0016310-P:phosphorylation;  GO:0031281-P:positive regulation of cyclase activity;  GO:0070374-P:positive regulation of ERK1 and ERK2 cascade;  GO:0010759-P:positive regulation of macrophage chemotaxis;  GO:0120041-P:positive regulation of macrophage proliferation;  GO:0032206-P:positive regulation of telomere maintenance;  GO:0045944-P:positive regulation of transcription by RNA polymerase II;  GO:1904417-P:positive regulation of xenophagy;  GO:0006468-P:protein phosphorylation;  GO:0030641-P:regulation of cellular pH;  GO:0051493-P:regulation of cytoskeleton organization;  GO:2000641-P:regulation of early endosome to late endosome transport;  GO:0090170-P:regulation of Golgi inheritance;  GO:0030278-P:regulation of ossification;  GO:0032872-P:regulation of stress-activated MAPK cascade;  GO:0070849-P:response to epidermal growth factor;  GO:0043330-P:response to exogenous dsRNA;  GO:0014044-P:Schwann cell development;  GO:0019233-P:sensory perception of pain;  GO:0042770-P:signal transduction in response to DNA damage;  GO:0051403-P:stress-activated MAPK cascade;  GO:0048538-P:thymus development;  GO:0030878-P:thyroid gland development;  GO:0060440-P:trachea formation;  GO:0098792-P:xenophagy;  GO:0005524-F:ATP binding;  GO:0140297-F:DNA-binding transcription factor binding;  GO:0042802-F:identical protein binding;  GO:0004707-F:MAP kinase activity;  GO:0019902-F:phosphatase binding;  GO:0001784-F:phosphotyrosine residue binding;  GO:0106310-F:protein serine kinase activity;  GO:0004674-F:protein serine/threonine kinase activity;  GO:0005901-C:caveola;  GO:0036064-C:ciliary basal body;  GO:0005929-C:cilium;  GO:0005737-C:cytoplasm;  GO:0005856-C:cytoskeleton;  GO:0005829-C:cytosol;  GO:0005769-C:early endosome;  GO:0005788-C:endoplasmic reticulum lumen;  GO:0005925-C:focal adhesion;  GO:0098978-C:glutamatergic synapse;  GO:0005794-C:Golgi apparatus;  GO:0005770-C:late endosome;  GO:0015630-C:microtubule cytoskeleton;  GO:0005739-C:mitochondrion;  GO:0005635-C:nuclear envelope;  GO:0005654-C:nucleoplasm;  GO:0005634-C:nucleus;  GO:0005886-C:plasma membrane;  GO:0031143-C:pseudopodium,HTGFLTEyVATRWYR,Y204,1,"Phosphotyrosine (1323, 1343, 1369, 1381, 1386, 1395, 1412, 1546, 1599, 1618, 1704, 1718, 1719, 1723, 1777, 1787, 1886, 1888)",Prot_kinase_dom,IPR000719,TXY,,HIGH,ENSE00000678746,binder,0.6012650928969234,,TEVATR,TEVATR,1.0,0.6012650928969234,confident binder
TEVATR,P27361,MAPK3,Y204,CDFGLARIADPEHDHTGFLTEyVATRWYRAPEIMLNSKGYTKS,2.107614547413713,4.094052728243574,4.613491858166766,4.513097525590123,4.007654749749636,3.741336409567898,UniProtKB,P27361,CDFGLARIADPEHDHTGFLTEyVATRWYRAPEIMLNSKGYTKS,Updated for maximal coverage,P27361,MAPK3,Prot_kinase_dom:42:330:IPR000719,Prot_kinase_dom,GO:0006915-P:apoptotic process;  GO:0060020-P:Bergmann glial cell differentiation;  GO:0030509-P:BMP signaling pathway;  GO:0061308-P:cardiac neural crest cell development involved in heart development;  GO:0051216-P:cartilage development;  GO:0072584-P:caveolin-mediated endocytosis;  GO:0007166-P:cell surface receptor signaling pathway;  GO:0034198-P:cellular response to amino acid starvation;  GO:0071260-P:cellular response to mechanical stimulus;  GO:0071356-P:cellular response to tumor necrosis factor;  GO:0006351-P:DNA-templated transcription;  GO:0007173-P:epidermal growth factor receptor signaling pathway;  GO:0038133-P:ERBB2-ERBB3 signaling pathway;  GO:0070371-P:ERK1 and ERK2 cascade;  GO:0060324-P:face development;  GO:0008286-P:insulin receptor signaling pathway;  GO:0048009-P:insulin-like growth factor receptor signaling pathway;  GO:0070498-P:interleukin-1-mediated signaling pathway;  GO:0061514-P:interleukin-34-mediated signaling pathway;  GO:0035556-P:intracellular signal transduction;  GO:0031663-P:lipopolysaccharide-mediated signaling pathway;  GO:0060425-P:lung morphogenesis;  GO:0000165-P:MAPK cascade;  GO:0050804-P:modulation of chemical synaptic transmission;  GO:0042552-P:myelination;  GO:0090370-P:negative regulation of cholesterol efflux;  GO:0002841-P:negative regulation of T cell mediated immune response to tumor cell;  GO:1904262-P:negative regulation of TORC1 signaling;  GO:0042473-P:outer ear morphogenesis;  GO:0038083-P:peptidyl-tyrosine autophosphorylation;  GO:0016310-P:phosphorylation;  GO:0031281-P:positive regulation of cyclase activity;  GO:0070374-P:positive regulation of ERK1 and ERK2 cascade;  GO:0010759-P:positive regulation of macrophage chemotaxis;  GO:0120041-P:positive regulation of macrophage proliferation;  GO:0032206-P:positive regulation of telomere maintenance;  GO:0045944-P:positive regulation of transcription by RNA polymerase II;  GO:1904417-P:positive regulation of xenophagy;  GO:0006468-P:protein phosphorylation;  GO:0030641-P:regulation of cellular pH;  GO:0051493-P:regulation of cytoskeleton organization;  GO:2000641-P:regulation of early endosome to late endosome transport;  GO:0090170-P:regulation of Golgi inheritance;  GO:0030278-P:regulation of ossification;  GO:0032872-P:regulation of stress-activated MAPK cascade;  GO:0070849-P:response to epidermal growth factor;  GO:0043330-P:response to exogenous dsRNA;  GO:0014044-P:Schwann cell development;  GO:0019233-P:sensory perception of pain;  GO:0042770-P:signal transduction in response to DNA damage;  GO:0051403-P:stress-activated MAPK cascade;  GO:0048538-P:thymus development;  GO:0030878-P:thyroid gland development;  GO:0060440-P:trachea formation;  GO:0098792-P:xenophagy;  GO:0005524-F:ATP binding;  GO:0140297-F:DNA-binding transcription factor binding;  GO:0042802-F:identical protein binding;  GO:0004707-F:MAP kinase activity;  GO:0019902-F:phosphatase binding;  GO:0001784-F:phosphotyrosine residue binding;  GO:0106310-F:protein serine kinase activity;  GO:0004674-F:protein serine/threonine kinase activity;  GO:0005901-C:caveola;  GO:0036064-C:ciliary basal body;  GO:0005929-C:cilium;  GO:0005737-C:cytoplasm;  GO:0005856-C:cytoskeleton;  GO:0005829-C:cytosol;  GO:0005769-C:early endosome;  GO:0005788-C:endoplasmic reticulum lumen;  GO:0005925-C:focal adhesion;  GO:0098978-C:glutamatergic synapse;  GO:0005794-C:Golgi apparatus;  GO:0005770-C:late endosome;  GO:0015630-C:microtubule cytoskeleton;  GO:0005739-C:mitochondrion;  GO:0005635-C:nuclear envelope;  GO:0005654-C:nucleoplasm;  GO:0005634-C:nucleus;  GO:0005886-C:plasma membrane;  GO:0031143-C:pseudopodium,HTGFLTEyVATRWYR,Y204,1,"Phosphotyrosine (1323, 1343, 1369, 1381, 1386, 1395, 1412, 1546, 1599, 1618, 1704, 1718, 1719, 1723, 1777, 1787, 1886, 1888)",Prot_kinase_dom,IPR000719,TXY,,HIGH,ENSE00000678746,binder,0.6012650928969234,,TEVATR,TEVATR,1.0,0.6012650928969234,confident binder
DSVGDE,P60709,ACTB,Y53,PSIVGRPRHQGVMVGMGQKDSyVGDEAQSKRGILTLKYPIEHG,0.449136477581694,0.6273962690823061,0.3989900559683571,0.3612784633562752,0.5539102131025374,0.4183646140540037,UniProtKB,P60709,PSIVGRPRHQGVMVGMGQKDSyVGDEAQSKRGILTLKYPIEHG,Updated for maximal coverage,P60709,ACTB,,,GO:0034333-P:adherens junction assembly;  GO:0045176-P:apical protein localization;  GO:0007409-P:axonogenesis;  GO:0048870-P:cell motility;  GO:0072749-P:cellular response to cytochalasin B;  GO:0006338-P:chromatin remodeling;  GO:0007010-P:cytoskeleton organization;  GO:0007163-P:establishment or maintenance of cell polarity;  GO:0035633-P:maintenance of blood-brain barrier;  GO:0001738-P:morphogenesis of a polarized epithelium;  GO:0045596-P:negative regulation of cell differentiation;  GO:0070527-P:platelet aggregation;  GO:0045597-P:positive regulation of cell differentiation;  GO:0008284-P:positive regulation of cell population proliferation;  GO:0045893-P:positive regulation of DNA-templated transcription;  GO:2000781-P:positive regulation of double-strand break repair;  GO:1905168-P:positive regulation of double-strand break repair via homologous recombination;  GO:0045663-P:positive regulation of myoblast differentiation;  GO:0051623-P:positive regulation of norepinephrine uptake;  GO:1902459-P:positive regulation of stem cell population maintenance;  GO:0045582-P:positive regulation of T cell differentiation;  GO:0071896-P:protein localization to adherens junction;  GO:0042981-P:regulation of apoptotic process;  GO:0051726-P:regulation of cell cycle;  GO:2000779-P:regulation of double-strand break repair;  GO:0070316-P:regulation of G0 to G1 transition;  GO:2000045-P:regulation of G1/S transition of mitotic cell cycle;  GO:0030071-P:regulation of mitotic metaphase/anaphase transition;  GO:0051621-P:regulation of norepinephrine uptake;  GO:2000819-P:regulation of nucleotide-excision repair;  GO:1903076-P:regulation of protein localization to plasma membrane;  GO:1900242-P:regulation of synaptic vesicle endocytosis;  GO:0006357-P:regulation of transcription by RNA polymerase II;  GO:0150111-P:regulation of transepithelial transport;  GO:0021762-P:substantia nigra development;  GO:0005524-F:ATP binding;  GO:0016887-F:ATP hydrolysis activity;  GO:0042802-F:identical protein binding;  GO:0019894-F:kinesin binding;  GO:0050998-F:nitric-oxide synthase binding;  GO:0030235-F:nitric-oxide synthase regulator activity;  GO:0019901-F:protein kinase binding;  GO:0005200-F:structural constituent of cytoskeleton;  GO:0098973-F:structural constituent of postsynaptic actin cytoskeleton;  GO:0030957-F:Tat protein binding;  GO:0048156-F:tau protein binding;  GO:0141108-F:transporter regulator activity;  GO:0015629-C:actin cytoskeleton;  GO:0005884-C:actin filament;  GO:0005912-C:adherens junction;  GO:0043296-C:apical junction complex;  GO:0030424-C:axon;  GO:0140092-C:bBAF complex;  GO:0072562-C:blood microparticle;  GO:0035060-C:brahma complex;  GO:0005903-C:brush border;  GO:0044305-C:calyx of Held;  GO:0005911-C:cell-cell junction;  GO:0000785-C:chromatin;  GO:0030863-C:cortical cytoskeleton;  GO:0005737-C:cytoplasm;  GO:0036464-C:cytoplasmic ribonucleoprotein granule;  GO:0005856-C:cytoskeleton;  GO:0005829-C:cytosol;  GO:0097433-C:dense body;  GO:0070062-C:extracellular exosome;  GO:0005615-C:extracellular space;  GO:0005925-C:focal adhesion;  GO:0140288-C:GBAF complex;  GO:0098978-C:glutamatergic synapse;  GO:0000776-C:kinetochore;  GO:0030027-C:lamellipodium;  GO:0016020-C:membrane;  GO:0071565-C:nBAF complex;  GO:0071564-C:npBAF complex;  GO:0035267-C:NuA4 histone acetyltransferase complex;  GO:0016363-C:nuclear matrix;  GO:0005654-C:nucleoplasm;  GO:0000786-C:nucleosome;  GO:0005634-C:nucleus;  GO:0005886-C:plasma membrane;  GO:0098871-C:postsynaptic actin cytoskeleton;  GO:0098793-C:presynapse;  GO:0032991-C:protein-containing complex;  GO:1990904-C:ribonucleoprotein complex;  GO:0016586-C:RSC-type complex;  GO:0098685-C:Schaffer collateral - CA1 synapse;  GO:0016514-C:SWI/SNF complex;  GO:0045202-C:synapse;  GO:0070160-C:tight junction;  GO:0031982-C:vesicle,GMGQKDSyVGDEAQS,Y53,1,"Phosphotyrosine (1323, 1369, 1381, 1386, 1412, 1718, 1787, 1888)",,,,STRAND,,ENSE00003549974,nonbinder,0.0110059073293102,,DSVGDE,DSVGDE,0.0,0.0110059073293102,confident nonbinder
RLEWIS,O15357,INPPL1,Y886,NIRGSMKVRVPTERLGTRERLyEWISIDKDEAGAKSKAPSVSR,0.4048467755427222,0.5851643625688517,0.7827841761921012,0.7937358393578962,0.9779805671103818,1.3945231336910469,UniProtKB,O15357,NIRGSMKVRVPTERLGTRERLyEWISIDKDEAGAKSKAPSVSR,Updated for maximal coverage,O15357,INPPL1,SH2:19:117:IPR000980;C2_SHIP1-2_first:307:395:IPR057510;IPPc:422:735:IPR000300;C2_SHIP1-2_2nd:762:869:IPR057509;SAM:1193:1258:IPR001660,SH2~C2_SHIP1-2_first~IPPc~C2_SHIP1-2_2nd~SAM,"GO:0007015-P:actin filament organization;  GO:0006915-P:apoptotic process;  GO:0007155-P:cell adhesion;  GO:0001958-P:endochondral ossification;  GO:0006897-P:endocytosis;  GO:0070371-P:ERK1 and ERK2 cascade;  GO:0000132-P:establishment of mitotic spindle orientation;  GO:0010467-P:gene expression;  GO:0006006-P:glucose metabolic process;  GO:0002376-P:immune system process;  GO:0008285-P:negative regulation of cell population proliferation;  GO:0010629-P:negative regulation of gene expression;  GO:0043569-P:negative regulation of insulin-like growth factor receptor signaling pathway;  GO:0043491-P:phosphatidylinositol 3-kinase/protein kinase B signal transduction;  GO:0006661-P:phosphatidylinositol biosynthetic process;  GO:0046856-P:phosphatidylinositol dephosphorylation;  GO:0009791-P:post-embryonic development;  GO:0110053-P:regulation of actin filament organization;  GO:0050776-P:regulation of immune response;  GO:0032880-P:regulation of protein localization;  GO:0032868-P:response to insulin;  GO:0097178-P:ruffle assembly;  GO:0003779-F:actin binding;  GO:0004445-F:inositol-polyphosphate 5-phosphatase activity;  GO:0034485-F:phosphatidylinositol-3,4,5-trisphosphate 5-phosphatase activity;  GO:0042169-F:SH2 domain binding;  GO:0017124-F:SH3 domain binding;  GO:0009925-C:basal plasma membrane;  GO:0005829-C:cytosol;  GO:0030175-C:filopodium;  GO:0005794-C:Golgi apparatus;  GO:0030027-C:lamellipodium;  GO:0016607-C:nuclear speck;  GO:0005634-C:nucleus;  GO:0000922-C:spindle pole",LGTRERLyEWISIDK,Y886,1,"Phosphotyrosine (1323, 1381, 1386, 1395, 1412, 1546, 1723, 1777, 1787, 1886, 1887, 1888)",,,,,,ENSE00003484968,binder,0.992069925065344,,RLEWIS,RLEWIS,1.0,0.9920699250653441,confident binder
PAYVLE,O15357,INPPL1,Y986,GAPEPEGVAAPPPKNSFNNPAyYVLEGVPHQLLPPEPPSPARA,2.653305960489062,2.9819644172251483,2.733891123016756,2.529061256680255,1.86360144416596,1.610692896995027,UniProtKB,O15357,GAPEPEGVAAPPPKNSFNNPAyYVLEGVPHQLLPPEPPSPARA,Updated for maximal coverage,O15357,INPPL1,SH2:19:117:IPR000980;C2_SHIP1-2_first:307:395:IPR057510;IPPc:422:735:IPR000300;C2_SHIP1-2_2nd:762:869:IPR057509;SAM:1193:1258:IPR001660,SH2~C2_SHIP1-2_first~IPPc~C2_SHIP1-2_2nd~SAM,"GO:0007015-P:actin filament organization;  GO:0006915-P:apoptotic process;  GO:0007155-P:cell adhesion;  GO:0001958-P:endochondral ossification;  GO:0006897-P:endocytosis;  GO:0070371-P:ERK1 and ERK2 cascade;  GO:0000132-P:establishment of mitotic spindle orientation;  GO:0010467-P:gene expression;  GO:0006006-P:glucose metabolic process;  GO:0002376-P:immune system process;  GO:0008285-P:negative regulation of cell population proliferation;  GO:0010629-P:negative regulation of gene expression;  GO:0043569-P:negative regulation of insulin-like growth factor receptor signaling pathway;  GO:0043491-P:phosphatidylinositol 3-kinase/protein kinase B signal transduction;  GO:0006661-P:phosphatidylinositol biosynthetic process;  GO:0046856-P:phosphatidylinositol dephosphorylation;  GO:0009791-P:post-embryonic development;  GO:0110053-P:regulation of actin filament organization;  GO:0050776-P:regulation of immune response;  GO:0032880-P:regulation of protein localization;  GO:0032868-P:response to insulin;  GO:0097178-P:ruffle assembly;  GO:0003779-F:actin binding;  GO:0004445-F:inositol-polyphosphate 5-phosphatase activity;  GO:0034485-F:phosphatidylinositol-3,4,5-trisphosphate 5-phosphatase activity;  GO:0042169-F:SH2 domain binding;  GO:0017124-F:SH3 domain binding;  GO:0009925-C:basal plasma membrane;  GO:0005829-C:cytosol;  GO:0030175-C:filopodium;  GO:0005794-C:Golgi apparatus;  GO:0030027-C:lamellipodium;  GO:0016607-C:nuclear speck;  GO:0005634-C:nucleus;  GO:0000922-C:spindle pole",NSFNNPAyYVLEGVP,Y986,1,"Phosphotyrosine (1323, 1369, 1381, 1386, 1395, 1412, 1521, 1536, 1546, 1564, 1599, 1618, 1704, 1777, 1787, 1886, 1887, 1888)",,,Disordered;NPXY motif,,,ENSE00001093215,binder,0.9237370927395806,,PAYVLE,PAYVLE,1.0,0.9237370927395806,confident binder
VDAPAG,O15357,INPPL1,Y1135,ASGDDRSCSVLQMAKTLSEVDyAPAGPARSALLPGPLELQPPR,2.561355041137141,2.503859158812875,2.3295294474197568,2.204228853545364,1.910028083522632,1.6059641755967389,UniProtKB,O15357,ASGDDRSCSVLQMAKTLSEVDyAPAGPARSALLPGPLELQPPR,Updated for maximal coverage,O15357,INPPL1,SH2:19:117:IPR000980;C2_SHIP1-2_first:307:395:IPR057510;IPPc:422:735:IPR000300;C2_SHIP1-2_2nd:762:869:IPR057509;SAM:1193:1258:IPR001660,SH2~C2_SHIP1-2_first~IPPc~C2_SHIP1-2_2nd~SAM,"GO:0007015-P:actin filament organization;  GO:0006915-P:apoptotic process;  GO:0007155-P:cell adhesion;  GO:0001958-P:endochondral ossification;  GO:0006897-P:endocytosis;  GO:0070371-P:ERK1 and ERK2 cascade;  GO:0000132-P:establishment of mitotic spindle orientation;  GO:0010467-P:gene expression;  GO:0006006-P:glucose metabolic process;  GO:0002376-P:immune system process;  GO:0008285-P:negative regulation of cell population proliferation;  GO:0010629-P:negative regulation of gene expression;  GO:0043569-P:negative regulation of insulin-like growth factor receptor signaling pathway;  GO:0043491-P:phosphatidylinositol 3-kinase/protein kinase B signal transduction;  GO:0006661-P:phosphatidylinositol biosynthetic process;  GO:0046856-P:phosphatidylinositol dephosphorylation;  GO:0009791-P:post-embryonic development;  GO:0110053-P:regulation of actin filament organization;  GO:0050776-P:regulation of immune response;  GO:0032880-P:regulation of protein localization;  GO:0032868-P:response to insulin;  GO:0097178-P:ruffle assembly;  GO:0003779-F:actin binding;  GO:0004445-F:inositol-polyphosphate 5-phosphatase activity;  GO:0034485-F:phosphatidylinositol-3,4,5-trisphosphate 5-phosphatase activity;  GO:0042169-F:SH2 domain binding;  GO:0017124-F:SH3 domain binding;  GO:0009925-C:basal plasma membrane;  GO:0005829-C:cytosol;  GO:0030175-C:filopodium;  GO:0005794-C:Golgi apparatus;  GO:0030027-C:lamellipodium;  GO:0016607-C:nuclear speck;  GO:0005634-C:nucleus;  GO:0000922-C:spindle pole",KTLSEVDyAPAGPAR,Y1135,1,"Phosphotyrosine (1323, 1381, 1386, 1395, 1412, 1521, 1546, 1564, 1618, 1704, 1777, 1787, 1886, 1887, 1888)",,,,,,ENSE00001093215,nonbinder,0.0611815553105762,,VDAPAG,VDAPAG,0.0,0.06118155531057628,confident nonbinder
NQAVLE,Q9UKY7,CDV3,Y244,KNRGRDEVSKNQALKLQLDNQyAVLENQKSSHSQYN,2.356129603832142,2.334176141569531,2.4231779868180583,2.5055263299117385,2.2853111467133784,2.0385302465874093,UniProtKB,Q9UKY7,KNRGRDEVSKNQALKLQLDNQyAVLENQKSSHSQYN,Updated for maximal coverage,Q9UKY7,CDV3,,,GO:0005737-C:cytoplasm;  GO:0005829-C:cytosol;  GO:0005886-C:plasma membrane,KLQLDNQyAVLENQK,Y244,1,"Phosphotyrosine (1323, 1367, 1381, 1386, 1395, 1412, 1521, 1546, 1618, 1682, 1704, 1777, 1787, 1886, 1887, 1888)",,,,,,ENSE00001164188,binder,Training,,NQAVLE,NQAVLE,,,1
APLKTK,P40763,STAT3,Y705,GKYCRPESQEHPEADPGSAAPyLKTKFICVTPTTCSNTIDLPM,0.8941753074396759,1.0895215693887348,1.230617544772934,1.2112366231185507,0.7046807625139148,-0.0113795331948534,UniProtKB,P40763,GKYCRPESQEHPEADPGSAAPyLKTKFICVTPTTCSNTIDLPM,Updated for maximal coverage,P40763,STAT3,STAT_TF_prot_interaction:2:122:IPR013799;STAT_TF_alpha:145:313:IPR013800;STAT_TF_DNA-bd:326:464:IPR013801;STAT_linker:488:565:IPR048988;SH2:580:670:IPR000980,STAT_TF_prot_interaction~STAT_TF_alpha~STAT_TF_DNA-bd~STAT_linker~SH2,"GO:0006953-P:acute-phase response;  GO:0048708-P:astrocyte differentiation;  GO:0030154-P:cell differentiation;  GO:0008283-P:cell population proliferation;  GO:0007259-P:cell surface receptor signaling pathway via JAK-STAT;  GO:0097696-P:cell surface receptor signaling pathway via STAT;  GO:0032870-P:cellular response to hormone stimulus;  GO:0097398-P:cellular response to interleukin-17;  GO:0044320-P:cellular response to leptin stimulus;  GO:0019221-P:cytokine-mediated signaling pathway;  GO:0006952-P:defense response;  GO:0042755-P:eating behavior;  GO:0097009-P:energy homeostasis;  GO:0001754-P:eye photoreceptor cell differentiation;  GO:0042593-P:glucose homeostasis;  GO:0060396-P:growth hormone receptor signaling pathway;  GO:0060397-P:growth hormone receptor signaling pathway via JAK-STAT;  GO:0006954-P:inflammatory response;  GO:0140105-P:interleukin-10-mediated signaling pathway;  GO:0038154-P:interleukin-11-mediated signaling pathway;  GO:0035723-P:interleukin-15-mediated signaling pathway;  GO:0038110-P:interleukin-2-mediated signaling pathway;  GO:0038155-P:interleukin-23-mediated signaling pathway;  GO:0070102-P:interleukin-6-mediated signaling pathway;  GO:0038113-P:interleukin-9-mediated signaling pathway;  GO:0030522-P:intracellular receptor signaling pathway;  GO:0033210-P:leptin-mediated signaling pathway;  GO:0050804-P:modulation of chemical synaptic transmission;  GO:0042789-P:mRNA transcription by RNA polymerase II;  GO:0010507-P:negative regulation of autophagy;  GO:0043124-P:negative regulation of canonical NF-kappaB signal transduction;  GO:0008285-P:negative regulation of cell population proliferation;  GO:1900016-P:negative regulation of cytokine production involved in inflammatory response;  GO:0010629-P:negative regulation of gene expression;  GO:0045820-P:negative regulation of glycolytic process;  GO:0010730-P:negative regulation of hydrogen peroxide biosynthetic process;  GO:0050728-P:negative regulation of inflammatory response;  GO:0106015-P:negative regulation of inflammatory response to wounding;  GO:2001223-P:negative regulation of neuron migration;  GO:2000635-P:negative regulation of primary miRNA processing;  GO:2000737-P:negative regulation of stem cell differentiation;  GO:0000122-P:negative regulation of transcription by RNA polymerase II;  GO:0007399-P:nervous system development;  GO:0043491-P:phosphatidylinositol 3-kinase/protein kinase B signal transduction;  GO:0016310-P:phosphorylation;  GO:0045766-P:positive regulation of angiogenesis;  GO:2001171-P:positive regulation of ATP biosynthetic process;  GO:0043123-P:positive regulation of canonical NF-kappaB signal transduction;  GO:0030335-P:positive regulation of cell migration;  GO:1900017-P:positive regulation of cytokine production involved in inflammatory response;  GO:0045893-P:positive regulation of DNA-templated transcription;  GO:0045648-P:positive regulation of erythrocyte differentiation;  GO:0090091-P:positive regulation of extracellular matrix disassembly;  GO:0010628-P:positive regulation of gene expression;  GO:1902728-P:positive regulation of growth factor dependent skeletal muscle satellite cell proliferation;  GO:0032731-P:positive regulation of interleukin-1 beta production;  GO:0032733-P:positive regulation of interleukin-10 production;  GO:0032755-P:positive regulation of interleukin-6 production;  GO:0032757-P:positive regulation of interleukin-8 production;  GO:1902895-P:positive regulation of miRNA transcription;  GO:0045747-P:positive regulation of Notch signaling pathway;  GO:0050766-P:positive regulation of phagocytosis;  GO:0045944-P:positive regulation of transcription by RNA polymerase II;  GO:0032760-P:positive regulation of tumor necrosis factor production;  GO:1905564-P:positive regulation of vascular endothelial cell proliferation;  GO:0010575-P:positive regulation of vascular endothelial growth factor production;  GO:0099527-P:postsynapse to nucleus signaling pathway;  GO:0006606-P:protein import into nucleus;  GO:0060019-P:radial glial cell differentiation;  GO:0051726-P:regulation of cell cycle;  GO:0042127-P:regulation of cell population proliferation;  GO:1900037-P:regulation of cellular response to hypoxia;  GO:0006355-P:regulation of DNA-templated transcription;  GO:0060259-P:regulation of feeding behavior;  GO:0046902-P:regulation of mitochondrial membrane permeability;  GO:0040014-P:regulation of multicellular organism growth;  GO:0006357-P:regulation of transcription by RNA polymerase II;  GO:0032355-P:response to estradiol;  GO:0045471-P:response to ethanol;  GO:0001666-P:response to hypoxia;  GO:0002931-P:response to ischemia;  GO:0044321-P:response to leptin;  GO:0043434-P:response to peptide hormone;  GO:0009410-P:response to xenobiotic stimulus;  GO:0060221-P:retinal rod cell differentiation;  GO:0019953-P:sexual reproduction;  GO:0007165-P:signal transduction;  GO:0035019-P:somatic stem cell population maintenance;  GO:0072540-P:T-helper 17 cell lineage commitment;  GO:0072538-P:T-helper 17 type immune response;  GO:0001659-P:temperature homeostasis;  GO:0007179-P:transforming growth factor beta receptor signaling pathway;  GO:0031730-F:CCR5 chemokine receptor binding;  GO:0031490-F:chromatin DNA binding;  GO:0003677-F:DNA binding;  GO:0001228-F:DNA-binding transcription activator activity, RNA polymerase II-specific;  GO:0003700-F:DNA-binding transcription factor activity;  GO:0000981-F:DNA-binding transcription factor activity, RNA polymerase II-specific;  GO:0140297-F:DNA-binding transcription factor binding;  GO:0042802-F:identical protein binding;  GO:0106222-F:lncRNA binding;  GO:0035259-F:nuclear glucocorticoid receptor binding;  GO:0004879-F:nuclear receptor activity;  GO:0070878-F:primary miRNA binding;  GO:0046983-F:protein dimerization activity;  GO:0042803-F:protein homodimerization activity;  GO:0019901-F:protein kinase binding;  GO:0019903-F:protein phosphatase binding;  GO:0140311-F:protein sequestering activity;  GO:0003723-F:RNA binding;  GO:0000978-F:RNA polymerase II cis-regulatory region sequence-specific DNA binding;  GO:0061629-F:RNA polymerase II-specific DNA-binding transcription factor binding;  GO:0140610-F:RNA sequestering activity;  GO:0035591-F:signaling adaptor activity;  GO:0005102-F:signaling receptor binding;  GO:0000976-F:transcription cis-regulatory region binding;  GO:0000785-C:chromatin;  GO:0005737-C:cytoplasm;  GO:0005829-C:cytosol;  GO:0098978-C:glutamatergic synapse;  GO:0005743-C:mitochondrial inner membrane;  GO:0005654-C:nucleoplasm;  GO:0005634-C:nucleus;  GO:0005886-C:plasma membrane;  GO:0014069-C:postsynaptic density;  GO:0090575-C:RNA polymerase II transcription regulator complex;  GO:0098685-C:Schaffer collateral - CA1 synapse;  GO:0005667-C:transcription regulator complex",DPGSAAPyLKTKFIC,Y705,1,"Phosphotyrosine (1323, 1367, 1369, 1381, 1386, 1387, 1395, 1402, 1412, 1521, 1536, 1546, 1599, 1718, 1723, 1777, 1787, 1886, 1887, 1888)",,,,,,ENSE00002832033,low-confidence,0.5696287855261996,,APLKTK,APLKTK,1.0,0.5696287855261996,low-confidence
DSSSSA,Q96NE9,FRMD6,Y412,SSHTSGIEADTKPRDTGPEDSySSSAIHRKLKTCSSMTSHGSS,1.6143993203875384,1.898179430148765,1.4480952146019457,1.562528875199365,0.947289525948704,0.7214630973864563,UniProtKB,Q96NE9,SSHTSGIEADTKPRDTGPEDSySSSAIHRKLKTCSSMTSHGSS,Updated for maximal coverage,Q96NE9,FRMD6,FERM_domain:16:328:IPR000299,FERM_domain,GO:0003383-P:apical constriction;  GO:0035332-P:positive regulation of hippo signaling;  GO:0008104-P:protein localization;  GO:0032970-P:regulation of actin filament-based process;  GO:0043296-C:apical junction complex;  GO:0005737-C:cytoplasm;  GO:0098592-C:cytoplasmic side of apical plasma membrane;  GO:0005856-C:cytoskeleton;  GO:0005886-C:plasma membrane,DTGPEDSySSSAIHR,Y412,1,"Phosphotyrosine (1381, 1386, 1412, 1521, 1777, 1787, 1888)",,,Disordered,,,ENSE00003685614,nonbinder,0.0455315433402724,,DSSSSA,DSSSSA,0.0,0.04553154334027241,confident nonbinder
VTEDPQ,Q6ZVM7,TOM1L2,Y404,GFDMFAQTRGNSLAEQRKTVTyEDPQAVGGLASALDNRKQSSE,1.9644483304349485,2.219962937899334,2.398071530113824,2.488410104279444,2.2597712744737324,1.3926483580756406,UniProtKB,Q6ZVM7,GFDMFAQTRGNSLAEQRKTVTyEDPQAVGGLASALDNRKQSSE,Updated for maximal coverage,Q6ZVM7,TOM1L2,VHS_dom:8:152:IPR002014;GAT_dom:219:307:IPR004152,VHS_dom~GAT_dom,GO:0045839-P:negative regulation of mitotic nuclear division;  GO:0015031-P:protein transport;  GO:0007165-P:signal transduction;  GO:0030276-F:clathrin binding;  GO:0035091-F:phosphatidylinositol binding;  GO:0019901-F:protein kinase binding;  GO:0043130-F:ubiquitin binding;  GO:0005768-C:endosome;  GO:0070062-C:extracellular exosome;  GO:0016020-C:membrane,EQRKTVTyEDPQAVG,Y404,1,"Phosphotyrosine (1367, 1381, 1386, 1395, 1412, 1546, 1777, 1888)",,,,,,ENSE00002374152,binder,0.7609520802343279,,VTEDPQ,VTEDPQ,1.0,0.7609520802343279,confident binder
SQHDLQ,Q9H788,SH2D4A,Y131,AEEPRKTHSEEFTNSLKTKSQyHDLQAPDNQQTKDIWKKVAEK,2.507461139816135,2.758520061087282,2.5370388863433626,2.4927787059850086,1.7345721806358203,0.5450093589899326,UniProtKB,Q9H788,AEEPRKTHSEEFTNSLKTKSQyHDLQAPDNQQTKDIWKKVAEK,Updated for maximal coverage,Q9H788,SH2D4A,SH2:345:440:IPR000980,SH2,GO:0019902-F:phosphatase binding;  GO:0005737-C:cytoplasm;  GO:0005829-C:cytosol,SLKTKSQyHDLQAPD,Y131,1,"Phosphotyrosine (1367, 1381, 1386, 1395, 1412, 1521, 1777, 1787, 1888)",,,Disordered,,,ENSE00001040659,binder,0.6726747991147002,,SQHDLQ,SQHDLQ,1.0,0.6726747991147002,confident binder
NNIQTL,O60716,CTNND1,Y174,VQPVAMGPDGLPVDASSVSNNyIQTLGRDFRKNGNGGPGPYVG,2.457395494974096,2.7309027107820687,2.1054732297426058,2.05614618227312,1.3687937417215872,0.9016855491773336,UniProtKB,O60716,VQPVAMGPDGLPVDASSVSNNyIQTLGRDFRKNGNGGPGPYVG,Updated for maximal coverage,O60716,CTNND1,,,GO:0002042-P:cell migration involved in sprouting angiogenesis;  GO:0098609-P:cell-cell adhesion;  GO:0044331-P:cell-cell adhesion mediated by cadherin;  GO:1905554-P:negative regulation of blood vessel branching;  GO:0010829-P:negative regulation of D-glucose transmembrane transport;  GO:1902532-P:negative regulation of intracellular signal transduction;  GO:0000122-P:negative regulation of transcription by RNA polymerase II;  GO:0150107-P:positive regulation of protein localization to cell-cell junction;  GO:0050821-P:protein stabilization;  GO:0099072-P:regulation of postsynaptic membrane neurotransmitter receptor levels;  GO:0016055-P:Wnt signaling pathway;  GO:0045296-F:cadherin binding;  GO:0098632-F:cell-cell adhesion mediator activity;  GO:0019902-F:phosphatase binding;  GO:0019212-F:phosphatase inhibitor activity;  GO:0140311-F:protein sequestering activity;  GO:0005102-F:signaling receptor binding;  GO:0005912-C:adherens junction;  GO:0016342-C:catenin complex;  GO:0005911-C:cell-cell junction;  GO:0036064-C:ciliary basal body;  GO:0005737-C:cytoplasm;  GO:0005829-C:cytosol;  GO:0070062-C:extracellular exosome;  GO:0030496-C:midbody;  GO:0005634-C:nucleus;  GO:0005886-C:plasma membrane,ASSVSNNyIQTLGRD,Y174,1,"Phosphotyrosine (1323, 1367, 1381, 1386, 1395, 1412, 1521, 1546, 1787, 1887, 1888)",,,Necessary and sufficient for interaction with CCDC85B,,,ENSE00001605293,low-confidence,0.531952661039287,,NNIQTL,NNIQTL,0.0,0.531952661039287,low-confidence
RHEDGY,O60716,CTNND1,Y217,QAGTATLPRNFHYPPDGYSRHyEDGYPGGSDNYGSLSRVTRIE,2.08327315848896,2.470945141769078,2.14524788457235,1.919203712412236,1.269816889830385,0.6139125219345345,UniProtKB,O60716,QAGTATLPRNFHYPPDGYSRHyEDGYPGGSDNYGSLSRVTRIE,Updated for maximal coverage,O60716,CTNND1,,,GO:0002042-P:cell migration involved in sprouting angiogenesis;  GO:0098609-P:cell-cell adhesion;  GO:0044331-P:cell-cell adhesion mediated by cadherin;  GO:1905554-P:negative regulation of blood vessel branching;  GO:0010829-P:negative regulation of D-glucose transmembrane transport;  GO:1902532-P:negative regulation of intracellular signal transduction;  GO:0000122-P:negative regulation of transcription by RNA polymerase II;  GO:0150107-P:positive regulation of protein localization to cell-cell junction;  GO:0050821-P:protein stabilization;  GO:0099072-P:regulation of postsynaptic membrane neurotransmitter receptor levels;  GO:0016055-P:Wnt signaling pathway;  GO:0045296-F:cadherin binding;  GO:0098632-F:cell-cell adhesion mediator activity;  GO:0019902-F:phosphatase binding;  GO:0019212-F:phosphatase inhibitor activity;  GO:0140311-F:protein sequestering activity;  GO:0005102-F:signaling receptor binding;  GO:0005912-C:adherens junction;  GO:0016342-C:catenin complex;  GO:0005911-C:cell-cell junction;  GO:0036064-C:ciliary basal body;  GO:0005737-C:cytoplasm;  GO:0005829-C:cytosol;  GO:0070062-C:extracellular exosome;  GO:0030496-C:midbody;  GO:0005634-C:nucleus;  GO:0005886-C:plasma membrane,PDGYSRHyEDGYPGG,Y217,1,"Phosphotyrosine (1323, 1367, 1381, 1386, 1395, 1412, 1521, 1787, 1886, 1887, 1888)",,,Necessary and sufficient for interaction with CCDC85B,,,ENSE00001605293,nonbinder,0.0749513445509462,,RHEDGY,RHEDGY,0.0,0.07495134455094621,confident nonbinder
DNGSLS,O60716,CTNND1,Y228,HYPPDGYSRHYEDGYPGGSDNyGSLSRVTRIEERYRPSMEGYR,0.3995096063516798,0.8207057775379717,0.6216459720426364,0.5382617199713345,0.3012715441739625,0.1061285555212784,UniProtKB,O60716,HYPPDGYSRHYEDGYPGGSDNyGSLSRVTRIEERYRPSMEGYR,Updated for maximal coverage,O60716,CTNND1,,,GO:0002042-P:cell migration involved in sprouting angiogenesis;  GO:0098609-P:cell-cell adhesion;  GO:0044331-P:cell-cell adhesion mediated by cadherin;  GO:1905554-P:negative regulation of blood vessel branching;  GO:0010829-P:negative regulation of D-glucose transmembrane transport;  GO:1902532-P:negative regulation of intracellular signal transduction;  GO:0000122-P:negative regulation of transcription by RNA polymerase II;  GO:0150107-P:positive regulation of protein localization to cell-cell junction;  GO:0050821-P:protein stabilization;  GO:0099072-P:regulation of postsynaptic membrane neurotransmitter receptor levels;  GO:0016055-P:Wnt signaling pathway;  GO:0045296-F:cadherin binding;  GO:0098632-F:cell-cell adhesion mediator activity;  GO:0019902-F:phosphatase binding;  GO:0019212-F:phosphatase inhibitor activity;  GO:0140311-F:protein sequestering activity;  GO:0005102-F:signaling receptor binding;  GO:0005912-C:adherens junction;  GO:0016342-C:catenin complex;  GO:0005911-C:cell-cell junction;  GO:0036064-C:ciliary basal body;  GO:0005737-C:cytoplasm;  GO:0005829-C:cytosol;  GO:0070062-C:extracellular exosome;  GO:0030496-C:midbody;  GO:0005634-C:nucleus;  GO:0005886-C:plasma membrane,YPGGSDNyGSLSRVT,Y228,1,"Phosphotyrosine (1323, 1367, 1381, 1386, 1387, 1395, 1412, 1521, 1546, 1599, 1723, 1787, 1886, 1887, 1888)",,,Necessary and sufficient for interaction with CCDC85B,,,ENSE00001605293,nonbinder,0.2579462866591329,,DNGSLS,DNGSLS,0.0,0.25794628665913294,confident nonbinder
DVGPQP,O60716,CTNND1,Y257,RIEERYRPSMEGYRAPSRQDVyGPQPQVRVGGSSVDLHRFHPE,1.0745035442120112,1.1260785668214772,1.1209373172054005,1.311463685191352,1.2021951259833914,0.6730644897128686,UniProtKB,O60716,RIEERYRPSMEGYRAPSRQDVyGPQPQVRVGGSSVDLHRFHPE,Updated for maximal coverage,O60716,CTNND1,,,GO:0002042-P:cell migration involved in sprouting angiogenesis;  GO:0098609-P:cell-cell adhesion;  GO:0044331-P:cell-cell adhesion mediated by cadherin;  GO:1905554-P:negative regulation of blood vessel branching;  GO:0010829-P:negative regulation of D-glucose transmembrane transport;  GO:1902532-P:negative regulation of intracellular signal transduction;  GO:0000122-P:negative regulation of transcription by RNA polymerase II;  GO:0150107-P:positive regulation of protein localization to cell-cell junction;  GO:0050821-P:protein stabilization;  GO:0099072-P:regulation of postsynaptic membrane neurotransmitter receptor levels;  GO:0016055-P:Wnt signaling pathway;  GO:0045296-F:cadherin binding;  GO:0098632-F:cell-cell adhesion mediator activity;  GO:0019902-F:phosphatase binding;  GO:0019212-F:phosphatase inhibitor activity;  GO:0140311-F:protein sequestering activity;  GO:0005102-F:signaling receptor binding;  GO:0005912-C:adherens junction;  GO:0016342-C:catenin complex;  GO:0005911-C:cell-cell junction;  GO:0036064-C:ciliary basal body;  GO:0005737-C:cytoplasm;  GO:0005829-C:cytosol;  GO:0070062-C:extracellular exosome;  GO:0030496-C:midbody;  GO:0005634-C:nucleus;  GO:0005886-C:plasma membrane,APSRQDVyGPQPQVR,Y257,1,"Phosphotyrosine (1323, 1367, 1369, 1381, 1386, 1395, 1412, 1521, 1546, 1787, 1886, 1887, 1888)",,,Necessary and sufficient for interaction with CCDC85B,,,ENSE00001605293,nonbinder,0.0105362359948552,,DVGPQP,DVGPQP,0.0,0.01053623599485529,confident nonbinder
DGSRHY,O60716,CTNND1,Y213,PYVGQAGTATLPRNFHYPPDGySRHYEDGYPGGSDNYGSLSRV,2.3662889175694723,2.798844867010883,2.402992366988975,2.351908629382401,1.2564164101282809,0.788089820048146,UniProtKB,O60716,PYVGQAGTATLPRNFHYPPDGySRHYEDGYPGGSDNYGSLSRV,Updated for maximal coverage,O60716,CTNND1,,,GO:0002042-P:cell migration involved in sprouting angiogenesis;  GO:0098609-P:cell-cell adhesion;  GO:0044331-P:cell-cell adhesion mediated by cadherin;  GO:1905554-P:negative regulation of blood vessel branching;  GO:0010829-P:negative regulation of D-glucose transmembrane transport;  GO:1902532-P:negative regulation of intracellular signal transduction;  GO:0000122-P:negative regulation of transcription by RNA polymerase II;  GO:0150107-P:positive regulation of protein localization to cell-cell junction;  GO:0050821-P:protein stabilization;  GO:0099072-P:regulation of postsynaptic membrane neurotransmitter receptor levels;  GO:0016055-P:Wnt signaling pathway;  GO:0045296-F:cadherin binding;  GO:0098632-F:cell-cell adhesion mediator activity;  GO:0019902-F:phosphatase binding;  GO:0019212-F:phosphatase inhibitor activity;  GO:0140311-F:protein sequestering activity;  GO:0005102-F:signaling receptor binding;  GO:0005912-C:adherens junction;  GO:0016342-C:catenin complex;  GO:0005911-C:cell-cell junction;  GO:0036064-C:ciliary basal body;  GO:0005737-C:cytoplasm;  GO:0005829-C:cytosol;  GO:0070062-C:extracellular exosome;  GO:0030496-C:midbody;  GO:0005634-C:nucleus;  GO:0005886-C:plasma membrane,FHYPPDGySRHYEDG,Y213,1,"Phosphotyrosine (1367, 1381, 1386, 1395, 1412, 1521, 1787, 1887, 1888)",,,Necessary and sufficient for interaction with CCDC85B,,,ENSE00001605293,binder,0.6499679998748773,,DGSRHY,DGSRHY,1.0,0.6499679998748773,confident binder
EPGLED,O60716,CTNND1,Y280,PQPQVRVGGSSVDLHRFHPEPyGLEDDQRSMGYDDLDYGMMSD,2.884065636426385,3.278815854742648,2.861122635682201,2.603956702995074,1.5976946089489212,0.9178781674342156,UniProtKB,O60716,PQPQVRVGGSSVDLHRFHPEPyGLEDDQRSMGYDDLDYGMMSD,Updated for maximal coverage,O60716,CTNND1,,,GO:0002042-P:cell migration involved in sprouting angiogenesis;  GO:0098609-P:cell-cell adhesion;  GO:0044331-P:cell-cell adhesion mediated by cadherin;  GO:1905554-P:negative regulation of blood vessel branching;  GO:0010829-P:negative regulation of D-glucose transmembrane transport;  GO:1902532-P:negative regulation of intracellular signal transduction;  GO:0000122-P:negative regulation of transcription by RNA polymerase II;  GO:0150107-P:positive regulation of protein localization to cell-cell junction;  GO:0050821-P:protein stabilization;  GO:0099072-P:regulation of postsynaptic membrane neurotransmitter receptor levels;  GO:0016055-P:Wnt signaling pathway;  GO:0045296-F:cadherin binding;  GO:0098632-F:cell-cell adhesion mediator activity;  GO:0019902-F:phosphatase binding;  GO:0019212-F:phosphatase inhibitor activity;  GO:0140311-F:protein sequestering activity;  GO:0005102-F:signaling receptor binding;  GO:0005912-C:adherens junction;  GO:0016342-C:catenin complex;  GO:0005911-C:cell-cell junction;  GO:0036064-C:ciliary basal body;  GO:0005737-C:cytoplasm;  GO:0005829-C:cytosol;  GO:0070062-C:extracellular exosome;  GO:0030496-C:midbody;  GO:0005634-C:nucleus;  GO:0005886-C:plasma membrane,HRFHPEPyGLEDDQR,Y280,1,"Phosphotyrosine (1367, 1381, 1386, 1395, 1412, 1521, 1546, 1787, 1886, 1887, 1888)",,,Necessary and sufficient for interaction with CCDC85B,,,ENSE00001605293,nonbinder,0.0061210545152988,,EPGLED,EPGLED,0.0,0.0061210545152988365,confident nonbinder
FHPPDG,O60716,CTNND1,Y208,NGGPGPYVGQAGTATLPRNFHyPPDGYSRHYEDGYPGGSDNYG,2.0448223831905032,2.538036523655139,2.21585453678242,2.177658607323476,1.4313070054457862,0.8381739550111849,UniProtKB,O60716,NGGPGPYVGQAGTATLPRNFHyPPDGYSRHYEDGYPGGSDNYG,Updated for maximal coverage,O60716,CTNND1,,,GO:0002042-P:cell migration involved in sprouting angiogenesis;  GO:0098609-P:cell-cell adhesion;  GO:0044331-P:cell-cell adhesion mediated by cadherin;  GO:1905554-P:negative regulation of blood vessel branching;  GO:0010829-P:negative regulation of D-glucose transmembrane transport;  GO:1902532-P:negative regulation of intracellular signal transduction;  GO:0000122-P:negative regulation of transcription by RNA polymerase II;  GO:0150107-P:positive regulation of protein localization to cell-cell junction;  GO:0050821-P:protein stabilization;  GO:0099072-P:regulation of postsynaptic membrane neurotransmitter receptor levels;  GO:0016055-P:Wnt signaling pathway;  GO:0045296-F:cadherin binding;  GO:0098632-F:cell-cell adhesion mediator activity;  GO:0019902-F:phosphatase binding;  GO:0019212-F:phosphatase inhibitor activity;  GO:0140311-F:protein sequestering activity;  GO:0005102-F:signaling receptor binding;  GO:0005912-C:adherens junction;  GO:0016342-C:catenin complex;  GO:0005911-C:cell-cell junction;  GO:0036064-C:ciliary basal body;  GO:0005737-C:cytoplasm;  GO:0005829-C:cytosol;  GO:0070062-C:extracellular exosome;  GO:0030496-C:midbody;  GO:0005634-C:nucleus;  GO:0005886-C:plasma membrane,TLPRNFHyPPDGYSR,Y208,1,"Phosphotyrosine (1367, 1381, 1386, 1395, 1412, 1887, 1888)",,,Necessary and sufficient for interaction with CCDC85B,,,ENSE00001605293,nonbinder,0.0349443150782278,,FHPPDG,FHPPDG,0.0,0.03494431507822788,confident nonbinder
GKVDSE,Q03135,CAV1,Y6,MSGGKyVDSEGHLYTVPIREQGNIYKP,1.4793539739196084,1.517604087587473,1.3917282021946693,1.4000860044093202,1.0957041784311778,0.8657519508716011,UniProtKB,Q03135,MSGGKyVDSEGHLYTVPIREQGNIYKP,Updated for maximal coverage,Q03135,CAV1,,,GO:0001525-P:angiogenesis;  GO:0038166-P:angiotensin-activated signaling pathway;  GO:0097190-P:apoptotic signaling pathway;  GO:0071711-P:basement membrane organization;  GO:0055074-P:calcium ion homeostasis;  GO:0006816-P:calcium ion transport;  GO:0060070-P:canonical Wnt signaling pathway;  GO:0070836-P:caveola assembly;  GO:0072584-P:caveolin-mediated endocytosis;  GO:0030154-P:cell differentiation;  GO:0071360-P:cellular response to exogenous dsRNA;  GO:0071455-P:cellular response to hyperoxia;  GO:0071218-P:cellular response to misfolded protein;  GO:0071375-P:cellular response to peptide hormone stimulus;  GO:0009267-P:cellular response to starvation;  GO:0071560-P:cellular response to transforming growth factor beta stimulus;  GO:0042632-P:cholesterol homeostasis;  GO:0030301-P:cholesterol transport;  GO:0019221-P:cytokine-mediated signaling pathway;  GO:0001935-P:endothelial cell proliferation;  GO:0051649-P:establishment of localization in cell;  GO:0048144-P:fibroblast proliferation;  GO:0002067-P:glandular epithelial cell differentiation;  GO:0038016-P:insulin receptor internalization;  GO:0006874-P:intracellular calcium ion homeostasis;  GO:0033484-P:intracellular nitric oxide homeostasis;  GO:0007595-P:lactation;  GO:0019915-P:lipid storage;  GO:0032507-P:maintenance of protein location in cell;  GO:0030879-P:mammary gland development;  GO:0060056-P:mammary gland involution;  GO:0000165-P:MAPK cascade;  GO:0051899-P:membrane depolarization;  GO:0046716-P:muscle cell cellular homeostasis;  GO:2000811-P:negative regulation of anoikis;  GO:0030514-P:negative regulation of BMP signaling pathway;  GO:0090090-P:negative regulation of canonical Wnt signaling pathway;  GO:0001960-P:negative regulation of cytokine-mediated signaling pathway;  GO:0001937-P:negative regulation of endothelial cell proliferation;  GO:0030857-P:negative regulation of epithelial cell differentiation;  GO:0048147-P:negative regulation of fibroblast proliferation;  GO:0043409-P:negative regulation of MAPK cascade;  GO:0060546-P:negative regulation of necroptotic process;  GO:0045019-P:negative regulation of nitric oxide biosynthetic process;  GO:0048550-P:negative regulation of pinocytosis;  GO:1901380-P:negative regulation of potassium ion transmembrane transport;  GO:0031397-P:negative regulation of protein ubiquitination;  GO:0046426-P:negative regulation of receptor signaling pathway via JAK-STAT;  GO:0000122-P:negative regulation of transcription by RNA polymerase II;  GO:0006809-P:nitric oxide biosynthetic process;  GO:0046209-P:nitric oxide metabolic process;  GO:0010524-P:positive regulation of calcium ion transport into cytosol;  GO:0043123-P:positive regulation of canonical NF-kappaB signal transduction;  GO:0060355-P:positive regulation of cell adhesion molecule production;  GO:0030335-P:positive regulation of cell migration;  GO:0010875-P:positive regulation of cholesterol efflux;  GO:0120162-P:positive regulation of cold-induced thermogenesis;  GO:1904294-P:positive regulation of ERAD pathway;  GO:2001238-P:positive regulation of extrinsic apoptotic signaling pathway;  GO:1903598-P:positive regulation of gap junction assembly;  GO:0010628-P:positive regulation of gene expression;  GO:2001244-P:positive regulation of intrinsic apoptotic signaling pathway;  GO:0031398-P:positive regulation of protein ubiquitination;  GO:0034141-P:positive regulation of toll-like receptor 3 signaling pathway;  GO:0045907-P:positive regulation of vasoconstriction;  GO:0010608-P:post-transcriptional regulation of gene expression;  GO:0008104-P:protein localization;  GO:1903361-P:protein localization to basolateral plasma membrane;  GO:0044860-P:protein localization to plasma membrane raft;  GO:0015031-P:protein transport;  GO:0031623-P:receptor internalization;  GO:0019065-P:receptor-mediated endocytosis of virus by host cell;  GO:0030193-P:regulation of blood coagulation;  GO:0098909-P:regulation of cardiac muscle cell action potential involved in regulation of contraction;  GO:1901844-P:regulation of cell communication by electrical coupling involved in cardiac conduction;  GO:0051480-P:regulation of cytosolic calcium ion concentration;  GO:2000535-P:regulation of entry of bacterium into host cell;  GO:0019217-P:regulation of fatty acid metabolic process;  GO:0086091-P:regulation of heart rate by cardiac conduction;  GO:0098903-P:regulation of membrane repolarization during action potential;  GO:1900027-P:regulation of ruffle assembly;  GO:0006940-P:regulation of smooth muscle contraction;  GO:0003057-P:regulation of the force of heart contraction by chemical signal;  GO:0098911-P:regulation of ventricular cardiac muscle cell action potential;  GO:0009617-P:response to bacterium;  GO:0051592-P:response to calcium ion;  GO:0043627-P:response to estrogen;  GO:0001666-P:response to hypoxia;  GO:0002931-P:response to ischemia;  GO:0032570-P:response to progesterone;  GO:0007519-P:skeletal muscle tissue development;  GO:0031295-P:T cell costimulation;  GO:0006641-P:triglyceride metabolic process;  GO:0001570-P:vasculogenesis;  GO:0042310-P:vasoconstriction;  GO:0016050-P:vesicle organization;  GO:0051117-F:ATPase binding;  GO:0015485-F:cholesterol binding;  GO:0019899-F:enzyme binding;  GO:0042802-F:identical protein binding;  GO:0070320-F:inward rectifier potassium channel inhibitor activity;  GO:0060090-F:molecular adaptor activity;  GO:0050998-F:nitric-oxide synthase binding;  GO:0036487-F:nitric-oxide synthase inhibitor activity;  GO:0008142-F:oxysterol binding;  GO:0005113-F:patched binding;  GO:0016504-F:peptidase activator activity;  GO:0046982-F:protein heterodimerization activity;  GO:0019901-F:protein kinase binding;  GO:0140311-F:protein sequestering activity;  GO:0030292-F:protein tyrosine kinase inhibitor activity;  GO:0044877-F:protein-containing complex binding;  GO:0030674-F:protein-macromolecule adaptor activity;  GO:0005102-F:signaling receptor binding;  GO:0031267-F:small GTPase binding;  GO:0044325-F:transmembrane transporter binding;  GO:0002080-C:acrosomal membrane;  GO:0016324-C:apical plasma membrane;  GO:0016323-C:basolateral plasma membrane;  GO:0005901-C:caveola;  GO:0002095-C:caveolar macromolecular signaling complex;  GO:0005938-C:cell cortex;  GO:0005929-C:cilium;  GO:0031410-C:cytoplasmic vesicle;  GO:0031901-C:early endosome membrane;  GO:0030666-C:endocytic vesicle membrane;  GO:0005783-C:endoplasmic reticulum;  GO:0005789-C:endoplasmic reticulum membrane;  GO:0005768-C:endosome;  GO:0005925-C:focal adhesion;  GO:0005794-C:Golgi apparatus;  GO:0000139-C:Golgi membrane;  GO:0005811-C:lipid droplet;  GO:0016020-C:membrane;  GO:0045121-C:membrane raft;  GO:0048471-C:perinuclear region of cytoplasm;  GO:0005886-C:plasma membrane;  GO:0032991-C:protein-containing complex,yVDSEGHL,Y6,1,"Phosphotyrosine (1323, 1367, 1381, 1386, 1395, 1402, 1412, 1536, 1777, 1787, 1886, 1888)",,,Cytoplasmic;Required for homooligomerization,,,ENSE00001085899,nonbinder,0.0663241860643191,,VDSE,GKVDSE,0.0,0.06632418606431917,confident nonbinder
GKVDSE,Q03135,CAV1,Y6; Y14,MSGGKyVDSEGHLYTVPIREQGNIYKP,1.367764559677633,1.4587245744277748,1.4483314154414209,1.6032774883994685,1.5201901696986255,1.0144685260929722,UniProtKB,Q03135,MSGGKyVDSEGHLYTVPIREQGNIYKP,Updated for maximal coverage,Q03135,CAV1,,,GO:0001525-P:angiogenesis;  GO:0038166-P:angiotensin-activated signaling pathway;  GO:0097190-P:apoptotic signaling pathway;  GO:0071711-P:basement membrane organization;  GO:0055074-P:calcium ion homeostasis;  GO:0006816-P:calcium ion transport;  GO:0060070-P:canonical Wnt signaling pathway;  GO:0070836-P:caveola assembly;  GO:0072584-P:caveolin-mediated endocytosis;  GO:0030154-P:cell differentiation;  GO:0071360-P:cellular response to exogenous dsRNA;  GO:0071455-P:cellular response to hyperoxia;  GO:0071218-P:cellular response to misfolded protein;  GO:0071375-P:cellular response to peptide hormone stimulus;  GO:0009267-P:cellular response to starvation;  GO:0071560-P:cellular response to transforming growth factor beta stimulus;  GO:0042632-P:cholesterol homeostasis;  GO:0030301-P:cholesterol transport;  GO:0019221-P:cytokine-mediated signaling pathway;  GO:0001935-P:endothelial cell proliferation;  GO:0051649-P:establishment of localization in cell;  GO:0048144-P:fibroblast proliferation;  GO:0002067-P:glandular epithelial cell differentiation;  GO:0038016-P:insulin receptor internalization;  GO:0006874-P:intracellular calcium ion homeostasis;  GO:0033484-P:intracellular nitric oxide homeostasis;  GO:0007595-P:lactation;  GO:0019915-P:lipid storage;  GO:0032507-P:maintenance of protein location in cell;  GO:0030879-P:mammary gland development;  GO:0060056-P:mammary gland involution;  GO:0000165-P:MAPK cascade;  GO:0051899-P:membrane depolarization;  GO:0046716-P:muscle cell cellular homeostasis;  GO:2000811-P:negative regulation of anoikis;  GO:0030514-P:negative regulation of BMP signaling pathway;  GO:0090090-P:negative regulation of canonical Wnt signaling pathway;  GO:0001960-P:negative regulation of cytokine-mediated signaling pathway;  GO:0001937-P:negative regulation of endothelial cell proliferation;  GO:0030857-P:negative regulation of epithelial cell differentiation;  GO:0048147-P:negative regulation of fibroblast proliferation;  GO:0043409-P:negative regulation of MAPK cascade;  GO:0060546-P:negative regulation of necroptotic process;  GO:0045019-P:negative regulation of nitric oxide biosynthetic process;  GO:0048550-P:negative regulation of pinocytosis;  GO:1901380-P:negative regulation of potassium ion transmembrane transport;  GO:0031397-P:negative regulation of protein ubiquitination;  GO:0046426-P:negative regulation of receptor signaling pathway via JAK-STAT;  GO:0000122-P:negative regulation of transcription by RNA polymerase II;  GO:0006809-P:nitric oxide biosynthetic process;  GO:0046209-P:nitric oxide metabolic process;  GO:0010524-P:positive regulation of calcium ion transport into cytosol;  GO:0043123-P:positive regulation of canonical NF-kappaB signal transduction;  GO:0060355-P:positive regulation of cell adhesion molecule production;  GO:0030335-P:positive regulation of cell migration;  GO:0010875-P:positive regulation of cholesterol efflux;  GO:0120162-P:positive regulation of cold-induced thermogenesis;  GO:1904294-P:positive regulation of ERAD pathway;  GO:2001238-P:positive regulation of extrinsic apoptotic signaling pathway;  GO:1903598-P:positive regulation of gap junction assembly;  GO:0010628-P:positive regulation of gene expression;  GO:2001244-P:positive regulation of intrinsic apoptotic signaling pathway;  GO:0031398-P:positive regulation of protein ubiquitination;  GO:0034141-P:positive regulation of toll-like receptor 3 signaling pathway;  GO:0045907-P:positive regulation of vasoconstriction;  GO:0010608-P:post-transcriptional regulation of gene expression;  GO:0008104-P:protein localization;  GO:1903361-P:protein localization to basolateral plasma membrane;  GO:0044860-P:protein localization to plasma membrane raft;  GO:0015031-P:protein transport;  GO:0031623-P:receptor internalization;  GO:0019065-P:receptor-mediated endocytosis of virus by host cell;  GO:0030193-P:regulation of blood coagulation;  GO:0098909-P:regulation of cardiac muscle cell action potential involved in regulation of contraction;  GO:1901844-P:regulation of cell communication by electrical coupling involved in cardiac conduction;  GO:0051480-P:regulation of cytosolic calcium ion concentration;  GO:2000535-P:regulation of entry of bacterium into host cell;  GO:0019217-P:regulation of fatty acid metabolic process;  GO:0086091-P:regulation of heart rate by cardiac conduction;  GO:0098903-P:regulation of membrane repolarization during action potential;  GO:1900027-P:regulation of ruffle assembly;  GO:0006940-P:regulation of smooth muscle contraction;  GO:0003057-P:regulation of the force of heart contraction by chemical signal;  GO:0098911-P:regulation of ventricular cardiac muscle cell action potential;  GO:0009617-P:response to bacterium;  GO:0051592-P:response to calcium ion;  GO:0043627-P:response to estrogen;  GO:0001666-P:response to hypoxia;  GO:0002931-P:response to ischemia;  GO:0032570-P:response to progesterone;  GO:0007519-P:skeletal muscle tissue development;  GO:0031295-P:T cell costimulation;  GO:0006641-P:triglyceride metabolic process;  GO:0001570-P:vasculogenesis;  GO:0042310-P:vasoconstriction;  GO:0016050-P:vesicle organization;  GO:0051117-F:ATPase binding;  GO:0015485-F:cholesterol binding;  GO:0019899-F:enzyme binding;  GO:0042802-F:identical protein binding;  GO:0070320-F:inward rectifier potassium channel inhibitor activity;  GO:0060090-F:molecular adaptor activity;  GO:0050998-F:nitric-oxide synthase binding;  GO:0036487-F:nitric-oxide synthase inhibitor activity;  GO:0008142-F:oxysterol binding;  GO:0005113-F:patched binding;  GO:0016504-F:peptidase activator activity;  GO:0046982-F:protein heterodimerization activity;  GO:0019901-F:protein kinase binding;  GO:0140311-F:protein sequestering activity;  GO:0030292-F:protein tyrosine kinase inhibitor activity;  GO:0044877-F:protein-containing complex binding;  GO:0030674-F:protein-macromolecule adaptor activity;  GO:0005102-F:signaling receptor binding;  GO:0031267-F:small GTPase binding;  GO:0044325-F:transmembrane transporter binding;  GO:0002080-C:acrosomal membrane;  GO:0016324-C:apical plasma membrane;  GO:0016323-C:basolateral plasma membrane;  GO:0005901-C:caveola;  GO:0002095-C:caveolar macromolecular signaling complex;  GO:0005938-C:cell cortex;  GO:0005929-C:cilium;  GO:0031410-C:cytoplasmic vesicle;  GO:0031901-C:early endosome membrane;  GO:0030666-C:endocytic vesicle membrane;  GO:0005783-C:endoplasmic reticulum;  GO:0005789-C:endoplasmic reticulum membrane;  GO:0005768-C:endosome;  GO:0005925-C:focal adhesion;  GO:0005794-C:Golgi apparatus;  GO:0000139-C:Golgi membrane;  GO:0005811-C:lipid droplet;  GO:0016020-C:membrane;  GO:0045121-C:membrane raft;  GO:0048471-C:perinuclear region of cytoplasm;  GO:0005886-C:plasma membrane;  GO:0032991-C:protein-containing complex,yVDSEGHL,Y6,1,"Phosphotyrosine (1323, 1367, 1381, 1386, 1395, 1402, 1412, 1536, 1777, 1787, 1886, 1888)",,,Cytoplasmic;Required for homooligomerization,,,ENSE00001085899,nonbinder,0.0663241860643191,,VDSE,GKVDSE,0.0,0.06632418606431917,confident nonbinder
HLTVPI,Q03135,CAV1,Y14,MSGGKYVDSEGHLyTVPIREQGNIYKPNNKAMADE,1.1941683210573664,1.4037142593236638,1.498272472047827,1.6023541213653725,1.027811597111829,1.1424480968458657,UniProtKB,Q03135,MSGGKYVDSEGHLyTVPIREQGNIYKPNNKAMADE,Updated for maximal coverage,Q03135,CAV1,,,GO:0001525-P:angiogenesis;  GO:0038166-P:angiotensin-activated signaling pathway;  GO:0097190-P:apoptotic signaling pathway;  GO:0071711-P:basement membrane organization;  GO:0055074-P:calcium ion homeostasis;  GO:0006816-P:calcium ion transport;  GO:0060070-P:canonical Wnt signaling pathway;  GO:0070836-P:caveola assembly;  GO:0072584-P:caveolin-mediated endocytosis;  GO:0030154-P:cell differentiation;  GO:0071360-P:cellular response to exogenous dsRNA;  GO:0071455-P:cellular response to hyperoxia;  GO:0071218-P:cellular response to misfolded protein;  GO:0071375-P:cellular response to peptide hormone stimulus;  GO:0009267-P:cellular response to starvation;  GO:0071560-P:cellular response to transforming growth factor beta stimulus;  GO:0042632-P:cholesterol homeostasis;  GO:0030301-P:cholesterol transport;  GO:0019221-P:cytokine-mediated signaling pathway;  GO:0001935-P:endothelial cell proliferation;  GO:0051649-P:establishment of localization in cell;  GO:0048144-P:fibroblast proliferation;  GO:0002067-P:glandular epithelial cell differentiation;  GO:0038016-P:insulin receptor internalization;  GO:0006874-P:intracellular calcium ion homeostasis;  GO:0033484-P:intracellular nitric oxide homeostasis;  GO:0007595-P:lactation;  GO:0019915-P:lipid storage;  GO:0032507-P:maintenance of protein location in cell;  GO:0030879-P:mammary gland development;  GO:0060056-P:mammary gland involution;  GO:0000165-P:MAPK cascade;  GO:0051899-P:membrane depolarization;  GO:0046716-P:muscle cell cellular homeostasis;  GO:2000811-P:negative regulation of anoikis;  GO:0030514-P:negative regulation of BMP signaling pathway;  GO:0090090-P:negative regulation of canonical Wnt signaling pathway;  GO:0001960-P:negative regulation of cytokine-mediated signaling pathway;  GO:0001937-P:negative regulation of endothelial cell proliferation;  GO:0030857-P:negative regulation of epithelial cell differentiation;  GO:0048147-P:negative regulation of fibroblast proliferation;  GO:0043409-P:negative regulation of MAPK cascade;  GO:0060546-P:negative regulation of necroptotic process;  GO:0045019-P:negative regulation of nitric oxide biosynthetic process;  GO:0048550-P:negative regulation of pinocytosis;  GO:1901380-P:negative regulation of potassium ion transmembrane transport;  GO:0031397-P:negative regulation of protein ubiquitination;  GO:0046426-P:negative regulation of receptor signaling pathway via JAK-STAT;  GO:0000122-P:negative regulation of transcription by RNA polymerase II;  GO:0006809-P:nitric oxide biosynthetic process;  GO:0046209-P:nitric oxide metabolic process;  GO:0010524-P:positive regulation of calcium ion transport into cytosol;  GO:0043123-P:positive regulation of canonical NF-kappaB signal transduction;  GO:0060355-P:positive regulation of cell adhesion molecule production;  GO:0030335-P:positive regulation of cell migration;  GO:0010875-P:positive regulation of cholesterol efflux;  GO:0120162-P:positive regulation of cold-induced thermogenesis;  GO:1904294-P:positive regulation of ERAD pathway;  GO:2001238-P:positive regulation of extrinsic apoptotic signaling pathway;  GO:1903598-P:positive regulation of gap junction assembly;  GO:0010628-P:positive regulation of gene expression;  GO:2001244-P:positive regulation of intrinsic apoptotic signaling pathway;  GO:0031398-P:positive regulation of protein ubiquitination;  GO:0034141-P:positive regulation of toll-like receptor 3 signaling pathway;  GO:0045907-P:positive regulation of vasoconstriction;  GO:0010608-P:post-transcriptional regulation of gene expression;  GO:0008104-P:protein localization;  GO:1903361-P:protein localization to basolateral plasma membrane;  GO:0044860-P:protein localization to plasma membrane raft;  GO:0015031-P:protein transport;  GO:0031623-P:receptor internalization;  GO:0019065-P:receptor-mediated endocytosis of virus by host cell;  GO:0030193-P:regulation of blood coagulation;  GO:0098909-P:regulation of cardiac muscle cell action potential involved in regulation of contraction;  GO:1901844-P:regulation of cell communication by electrical coupling involved in cardiac conduction;  GO:0051480-P:regulation of cytosolic calcium ion concentration;  GO:2000535-P:regulation of entry of bacterium into host cell;  GO:0019217-P:regulation of fatty acid metabolic process;  GO:0086091-P:regulation of heart rate by cardiac conduction;  GO:0098903-P:regulation of membrane repolarization during action potential;  GO:1900027-P:regulation of ruffle assembly;  GO:0006940-P:regulation of smooth muscle contraction;  GO:0003057-P:regulation of the force of heart contraction by chemical signal;  GO:0098911-P:regulation of ventricular cardiac muscle cell action potential;  GO:0009617-P:response to bacterium;  GO:0051592-P:response to calcium ion;  GO:0043627-P:response to estrogen;  GO:0001666-P:response to hypoxia;  GO:0002931-P:response to ischemia;  GO:0032570-P:response to progesterone;  GO:0007519-P:skeletal muscle tissue development;  GO:0031295-P:T cell costimulation;  GO:0006641-P:triglyceride metabolic process;  GO:0001570-P:vasculogenesis;  GO:0042310-P:vasoconstriction;  GO:0016050-P:vesicle organization;  GO:0051117-F:ATPase binding;  GO:0015485-F:cholesterol binding;  GO:0019899-F:enzyme binding;  GO:0042802-F:identical protein binding;  GO:0070320-F:inward rectifier potassium channel inhibitor activity;  GO:0060090-F:molecular adaptor activity;  GO:0050998-F:nitric-oxide synthase binding;  GO:0036487-F:nitric-oxide synthase inhibitor activity;  GO:0008142-F:oxysterol binding;  GO:0005113-F:patched binding;  GO:0016504-F:peptidase activator activity;  GO:0046982-F:protein heterodimerization activity;  GO:0019901-F:protein kinase binding;  GO:0140311-F:protein sequestering activity;  GO:0030292-F:protein tyrosine kinase inhibitor activity;  GO:0044877-F:protein-containing complex binding;  GO:0030674-F:protein-macromolecule adaptor activity;  GO:0005102-F:signaling receptor binding;  GO:0031267-F:small GTPase binding;  GO:0044325-F:transmembrane transporter binding;  GO:0002080-C:acrosomal membrane;  GO:0016324-C:apical plasma membrane;  GO:0016323-C:basolateral plasma membrane;  GO:0005901-C:caveola;  GO:0002095-C:caveolar macromolecular signaling complex;  GO:0005938-C:cell cortex;  GO:0005929-C:cilium;  GO:0031410-C:cytoplasmic vesicle;  GO:0031901-C:early endosome membrane;  GO:0030666-C:endocytic vesicle membrane;  GO:0005783-C:endoplasmic reticulum;  GO:0005789-C:endoplasmic reticulum membrane;  GO:0005768-C:endosome;  GO:0005925-C:focal adhesion;  GO:0005794-C:Golgi apparatus;  GO:0000139-C:Golgi membrane;  GO:0005811-C:lipid droplet;  GO:0016020-C:membrane;  GO:0045121-C:membrane raft;  GO:0048471-C:perinuclear region of cytoplasm;  GO:0005886-C:plasma membrane;  GO:0032991-C:protein-containing complex,VDSEGHLyTVPIREQ,Y14,1,"Phosphotyrosine (1323, 1367, 1369, 1381, 1386, 1387, 1395, 1402, 1412, 1521, 1536, 1546, 1599, 1723, 1777, 1787, 1886, 1888)",,,Cytoplasmic;Required for homooligomerization,,,ENSE00003640071,binder,0.9320906895432908,,HLTVPI,HLTVPI,1.0,0.9320906895432909,confident binder
DDPPRR,P23588,EIF4B,Y211,RDSDKTDTDWRARPATDSFDDyPPRRGDDSFGDKYRDRYDSDR,1.1508945492020692,2.090794254915489,2.143015903256677,1.9614313000244288,1.535836670088498,1.1580738032959348,UniProtKB,P23588,RDSDKTDTDWRARPATDSFDDyPPRRGDDSFGDKYRDRYDSDR,Updated for maximal coverage,P23588,EIF4B,RRM_dom:96:173:IPR000504,RRM_dom,GO:0097010-P:eukaryotic translation initiation factor 4F complex assembly;  GO:0001731-P:formation of translation preinitiation complex;  GO:0006446-P:regulation of translational initiation;  GO:0043024-F:ribosomal small subunit binding;  GO:0003723-F:RNA binding;  GO:0033592-F:RNA strand annealing activity;  GO:0034057-F:RNA strand-exchange activity;  GO:0003743-F:translation initiation factor activity;  GO:0005829-C:cytosol;  GO:0016281-C:eukaryotic translation initiation factor 4F complex,ATDSFDDyPPRRGDD,Y211,1,"Phosphotyrosine (1367, 1381, 1386, 1395, 1412, 1521, 1787, 1888)",,,Disordered;Basic and acidic residues,,,ENSE00003527494,nonbinder,0.0053173928257637,,DDPPRR,DDPPRR,0.0,0.005317392825763768,confident nonbinder
RDHFVT,Q12959,DLG1,Y760,FGSCVPHTTRPKRDYEVDGRDyHFVTSREQMEKDIQEHKFIEA,0.5345649181379705,0.8728862985473866,0.6231739849753836,1.0778973665431462,1.0671412651345134,1.0563150535226509,UniProtKB,Q12959,FGSCVPHTTRPKRDYEVDGRDyHFVTSREQMEKDIQEHKFIEA,Updated for maximal coverage,Q12959,DLG1,L27_dom:4:67:IPR004172;DLG1_PEST_dom:106:223:IPR019590;PDZ:224:311:IPR001478;PDZ:319:406:IPR001478;DLG1-4_PDZ_assoc:404:465:IPR019583;PDZ:466:547:IPR001478;SH3_domain:581:651:IPR001452;Guanylate_kin-like_dom:714:889:IPR008144,L27_dom~DLG1_PEST_dom~PDZ~PDZ~DLG1-4_PDZ_assoc~PDZ~SH3_domain~Guanylate_kin-like_dom,GO:0007015-P:actin filament organization;  GO:0030041-P:actin filament polymerization;  GO:0042982-P:amyloid precursor protein metabolic process;  GO:0030953-P:astral microtubule organization;  GO:0070830-P:bicellular tight junction assembly;  GO:0001658-P:branching involved in ureteric bud morphogenesis;  GO:0098609-P:cell-cell adhesion;  GO:0007268-P:chemical synaptic transmission;  GO:0030866-P:cortical actin cytoskeleton organization;  GO:0043622-P:cortical microtubule organization;  GO:0048704-P:embryonic skeletal system morphogenesis;  GO:0001935-P:endothelial cell proliferation;  GO:0051660-P:establishment of centrosome localization;  GO:0007163-P:establishment or maintenance of cell polarity;  GO:0045197-P:establishment or maintenance of epithelial cell apical/basal polarity;  GO:0060022-P:hard palate development;  GO:0001771-P:immunological synapse formation;  GO:0002088-P:lens development in camera-type eye;  GO:0031579-P:membrane raft organization;  GO:0098915-P:membrane repolarization during ventricular cardiac muscle cell action potential;  GO:0050680-P:negative regulation of epithelial cell proliferation;  GO:0070373-P:negative regulation of ERK1 and ERK2 cascade;  GO:2000134-P:negative regulation of G1/S transition of mitotic cell cycle;  GO:1903753-P:negative regulation of p38MAPK cascade;  GO:0051898-P:negative regulation of phosphatidylinositol 3-kinase/protein kinase B signal transduction;  GO:0042130-P:negative regulation of T cell proliferation;  GO:0000122-P:negative regulation of transcription by RNA polymerase II;  GO:0007399-P:nervous system development;  GO:0099645-P:neurotransmitter receptor localization to postsynaptic specialization membrane;  GO:0030432-P:peristalsis;  GO:0043491-P:phosphatidylinositol 3-kinase/protein kinase B signal transduction;  GO:0030838-P:positive regulation of actin filament polymerization;  GO:0008284-P:positive regulation of cell population proliferation;  GO:0043268-P:positive regulation of potassium ion transport;  GO:1903078-P:positive regulation of protein localization to plasma membrane;  GO:0072659-P:protein localization to plasma membrane;  GO:0035418-P:protein localization to synapse;  GO:0031503-P:protein-containing complex localization;  GO:0043113-P:receptor clustering;  GO:0097120-P:receptor localization to synapse;  GO:0008360-P:regulation of cell shape;  GO:0042391-P:regulation of membrane potential;  GO:0031641-P:regulation of myelination;  GO:0099072-P:regulation of postsynaptic membrane neurotransmitter receptor levels;  GO:1903764-P:regulation of potassium ion export across plasma membrane;  GO:1903286-P:regulation of potassium ion import;  GO:1902473-P:regulation of protein localization to synapse;  GO:1902305-P:regulation of sodium ion transmembrane transport;  GO:0098911-P:regulation of ventricular cardiac muscle cell action potential;  GO:0048608-P:reproductive structure development;  GO:0048745-P:smooth muscle tissue development;  GO:0042098-P:T cell proliferation;  GO:0045296-F:cadherin binding;  GO:0008092-F:cytoskeletal protein binding;  GO:0004385-F:guanylate kinase activity;  GO:0035255-F:ionotropic glutamate receptor binding;  GO:0019900-F:kinase binding;  GO:0097016-F:L27 domain binding;  GO:0060090-F:molecular adaptor activity;  GO:0019902-F:phosphatase binding;  GO:0004721-F:phosphoprotein phosphatase activity;  GO:0015459-F:potassium channel regulator activity;  GO:0019901-F:protein kinase binding;  GO:0098919-F:structural constituent of postsynaptic density;  GO:0044325-F:transmembrane transporter binding;  GO:0005912-C:adherens junction;  GO:0016324-C:apical plasma membrane;  GO:0005604-C:basement membrane;  GO:0016323-C:basolateral plasma membrane;  GO:0005923-C:bicellular tight junction;  GO:0030054-C:cell junction;  GO:0031253-C:cell projection membrane;  GO:0005911-C:cell-cell junction;  GO:0005737-C:cytoplasm;  GO:0009898-C:cytoplasmic side of plasma membrane;  GO:0005829-C:cytosol;  GO:0005783-C:endoplasmic reticulum;  GO:0005789-C:endoplasmic reticulum membrane;  GO:0070062-C:extracellular exosome;  GO:0098978-C:glutamatergic synapse;  GO:0005794-C:Golgi apparatus;  GO:0001772-C:immunological synapse;  GO:0014704-C:intercalated disc;  GO:0043219-C:lateral loop;  GO:0016328-C:lateral plasma membrane;  GO:0045121-C:membrane raft;  GO:0005874-C:microtubule;  GO:0097025-C:MPP7-DLG1-LIN7 complex;  GO:0035748-C:myelin sheath abaxonal region;  GO:0031594-C:neuromuscular junction;  GO:0043005-C:neuron projection;  GO:0033268-C:node of Ranvier;  GO:0005634-C:nucleus;  GO:0048471-C:perinuclear region of cytoplasm;  GO:0005886-C:plasma membrane;  GO:0098839-C:postsynaptic density membrane;  GO:0042383-C:sarcolemma;  GO:0097060-C:synaptic membrane,YEVDGRDyHFVTSRE,Y760,1,"Phosphotyrosine (1323, 1369, 1381, 1386, 1395, 1412, 1521, 1546, 1787, 1888)",Guanylate_kin-like_dom,IPR008144,,,,ENSE00003673684,low-confidence,0.4176718041400911,,RDHFVT,RDHFVT,0.0,0.41767180414009114,low-confidence
TLAPYS,Q8NFJ5,GPRC5A,Y317,ENRAYSQEEITQGFEETGDTLyAPYSTHFQLQNQPPQKEFSIP,0.6071641066205253,0.5759032294327117,0.7335792382317393,0.8051909039544384,0.7267333027633478,0.7144571039563811,UniProtKB,Q8NFJ5,ENRAYSQEEITQGFEETGDTLyAPYSTHFQLQNQPPQKEFSIP,Updated for maximal coverage,Q8NFJ5,GPRC5A,GPCR_3_C:23:263:IPR017978,GPCR_3_C,GO:0007175-P:negative regulation of epidermal growth factor-activated receptor activity;  GO:0007165-P:signal transduction;  GO:0045296-F:cadherin binding;  GO:0004930-F:G protein-coupled receptor activity;  GO:0030295-F:protein kinase activator activity;  GO:0030659-C:cytoplasmic vesicle membrane;  GO:0070062-C:extracellular exosome;  GO:0043231-C:intracellular membrane-bounded organelle;  GO:0005730-C:nucleolus;  GO:0005886-C:plasma membrane;  GO:0043235-C:receptor complex;  GO:0031982-C:vesicle,EETGDTLyAPYSTHF,Y317,1,"Phosphotyrosine (1323, 1367, 1369, 1381, 1386, 1395, 1402, 1412, 1521, 1536, 1546, 1723, 1777, 1787, 1886, 1888)",,,Cytoplasmic,,,ENSE00003644115,binder,0.7341345239754694,,TLAPYS,TLAPYS,1.0,0.7341345239754694,confident binder
VSICSR,P49841,GSK3B,Y216,VLKLCDFGSAKQLVRGEPNVSyICSRYYRAPELIFGATDYTSS,0.1079129606845325,0.1006409511112324,0.0318738493541563,0.1590448643981529,0.072892488384421,0.0305690631849463,UniProtKB,P49841,VLKLCDFGSAKQLVRGEPNVSyICSRYYRAPELIFGATDYTSS,Updated for maximal coverage,P49841,GSK3B,Prot_kinase_dom:56:340:IPR000719,Prot_kinase_dom,GO:0060070-P:canonical Wnt signaling pathway;  GO:0030154-P:cell differentiation;  GO:1904646-P:cellular response to amyloid-beta;  GO:0036016-P:cellular response to interleukin-3;  GO:0071300-P:cellular response to retinoic acid;  GO:0007623-P:circadian rhythm;  GO:0001837-P:epithelial to mesenchymal transition;  GO:0006983-P:ER overload response;  GO:0030010-P:establishment of cell polarity;  GO:0060079-P:excitatory postsynaptic potential;  GO:0097191-P:extrinsic apoptotic signaling pathway;  GO:0097192-P:extrinsic apoptotic signaling pathway in absence of ligand;  GO:0007212-P:G protein-coupled dopamine receptor signaling pathway;  GO:0005977-P:glycogen metabolic process;  GO:0003170-P:heart valve development;  GO:0021766-P:hippocampus development;  GO:0008286-P:insulin receptor signaling pathway;  GO:0035556-P:intracellular signal transduction;  GO:0030011-P:maintenance of cell polarity;  GO:0007005-P:mitochondrion organization;  GO:0043066-P:negative regulation of apoptotic process;  GO:0070885-P:negative regulation of calcineurin-NFAT signaling cascade;  GO:0090090-P:negative regulation of canonical Wnt signaling pathway;  GO:0030336-P:negative regulation of cell migration;  GO:1904339-P:negative regulation of dopaminergic neuron differentiation;  GO:0010719-P:negative regulation of epithelial to mesenchymal transition;  GO:1902042-P:negative regulation of extrinsic apoptotic signaling pathway via death domain receptors;  GO:0010629-P:negative regulation of gene expression;  GO:2000466-P:negative regulation of glycogen (starch) synthase activity;  GO:0045719-P:negative regulation of glycogen biosynthetic process;  GO:2000740-P:negative regulation of mesenchymal stem cell differentiation;  GO:0045668-P:negative regulation of osteoblast differentiation;  GO:1900181-P:negative regulation of protein localization to nucleus;  GO:0031333-P:negative regulation of protein-containing complex assembly;  GO:0032007-P:negative regulation of TOR signaling;  GO:1903940-P:negative regulation of TORC2 signaling;  GO:2000077-P:negative regulation of type B pancreatic cell development;  GO:0031175-P:neuron projection development;  GO:0106027-P:neuron projection organization;  GO:0018105-P:peptidyl-serine phosphorylation;  GO:0010508-P:positive regulation of autophagy;  GO:0045597-P:positive regulation of cell differentiation;  GO:0001954-P:positive regulation of cell-matrix adhesion;  GO:0045724-P:positive regulation of cilium assembly;  GO:0010628-P:positive regulation of gene expression;  GO:1901030-P:positive regulation of mitochondrial outer membrane permeabilization involved in apoptotic signaling pathway;  GO:0043525-P:positive regulation of neuron apoptotic process;  GO:0032436-P:positive regulation of proteasomal ubiquitin-dependent protein catabolic process;  GO:0032092-P:positive regulation of protein binding;  GO:0045732-P:positive regulation of protein catabolic process;  GO:0046827-P:positive regulation of protein export from nucleus;  GO:1904781-P:positive regulation of protein localization to centrosome;  GO:1903566-P:positive regulation of protein localization to cilium;  GO:0031398-P:positive regulation of protein ubiquitination;  GO:0031334-P:positive regulation of protein-containing complex assembly;  GO:0099171-P:presynaptic modulation of chemical synaptic transmission;  GO:0043161-P:proteasome-mediated ubiquitin-dependent protein catabolic process;  GO:0046777-P:protein autophosphorylation;  GO:0006468-P:protein phosphorylation;  GO:0030516-P:regulation of axon extension;  GO:0050770-P:regulation of axonogenesis;  GO:1900034-P:regulation of cellular response to heat;  GO:0042752-P:regulation of circadian rhythm;  GO:0048814-P:regulation of dendrite morphogenesis;  GO:1900271-P:regulation of long-term synaptic potentiation;  GO:0150101-P:regulation of microtubule anchoring at centrosome;  GO:0070507-P:regulation of microtubule cytoskeleton organization;  GO:0032886-P:regulation of microtubule-based process;  GO:0010975-P:regulation of neuron projection development;  GO:0046825-P:regulation of protein export from nucleus;  GO:0034976-P:response to endoplasmic reticulum stress;  GO:0071109-P:superior temporal gyrus development;  GO:0019082-P:viral protein processing;  GO:0016055-P:Wnt signaling pathway;  GO:0005524-F:ATP binding;  GO:0008013-F:beta-catenin binding;  GO:0034452-F:dynactin binding;  GO:0016301-F:kinase activity;  GO:0051059-F:NF-kappaB binding;  GO:0002039-F:p53 binding;  GO:0002020-F:protease binding;  GO:0034236-F:protein kinase A catalytic subunit binding;  GO:0004672-F:protein kinase activity;  GO:0019901-F:protein kinase binding;  GO:0106310-F:protein serine kinase activity;  GO:0004674-F:protein serine/threonine kinase activity;  GO:0061629-F:RNA polymerase II-specific DNA-binding transcription factor binding;  GO:0097110-F:scaffold protein binding;  GO:0048156-F:tau protein binding;  GO:0050321-F:tau-protein kinase activity;  GO:0031625-F:ubiquitin protein ligase binding;  GO:0030424-C:axon;  GO:0030877-C:beta-catenin destruction complex;  GO:0005813-C:centrosome;  GO:0005737-C:cytoplasm;  GO:0005829-C:cytosol;  GO:0030425-C:dendrite;  GO:0098978-C:glutamatergic synapse;  GO:0005739-C:mitochondrion;  GO:0005654-C:nucleoplasm;  GO:0005634-C:nucleus;  GO:0005886-C:plasma membrane;  GO:0098794-C:postsynapse;  GO:0098793-C:presynapse;  GO:1990909-C:Wnt signalosome,RGEPNVSyICSRYYR,Y216,1,"Phosphotyrosine (1323, 1343, 1381, 1386, 1387, 1395, 1412, 1564, 1777, 1885, 1886, 1887, 1888)",Prot_kinase_dom,IPR000719,,,HIGH,ENSE00002423863,binder,Training,,VSICSR,VSICSR,,,1
DDSDPF,Q15464,SHB,Y246,AASAAEESGAGKKDKVTIADDySDPFDAKNDLKSKAGKGESAG,0.8988993657845051,0.930832263849952,0.977108117767682,1.1541201552182336,1.097752018385389,1.0117182661069086,UniProtKB,Q15464,AASAAEESGAGKKDKVTIADDySDPFDAKNDLKSKAGKGESAG,Updated for maximal coverage,Q15464,SHB,SH2:408:504:IPR000980,SH2,GO:0001525-P:angiogenesis;  GO:0006915-P:apoptotic process;  GO:0042100-P:B cell proliferation;  GO:0071425-P:hematopoietic stem cell proliferation;  GO:1900194-P:negative regulation of oocyte maturation;  GO:0045931-P:positive regulation of mitotic cell cycle;  GO:0045624-P:positive regulation of T-helper cell differentiation;  GO:0007165-P:signal transduction;  GO:0050852-P:T cell receptor signaling pathway;  GO:0001784-F:phosphotyrosine residue binding;  GO:0030159-F:signaling receptor complex adaptor activity;  GO:0036464-C:cytoplasmic ribonucleoprotein granule;  GO:0005829-C:cytosol;  GO:0005654-C:nucleoplasm;  GO:0005886-C:plasma membrane,KVTIADDySDPFDAK,Y246,1,"Phosphotyrosine (1323, 1381, 1386, 1395, 1412, 1521, 1536, 1546, 1777, 1787, 1888)",,,"Mediates interaction with LAT, PTK2/FAK1, JAK1 and JAK3;Disordered",,,ENSE00003651206,binder,0.7011805339012164,,DDSDPF,DDSDPF,1.0,0.7011805339012164,confident binder
AGMEPY,Q15464,SHB,Y268,SDPFDAKNDLKSKAGKGESAGyMEPYEAQRIMTEFQRQESVRS,0.7991485499800737,1.0526976588282748,0.8542286504199283,1.0740260101212944,1.0652159159139944,0.891638988008551,UniProtKB,Q15464,SDPFDAKNDLKSKAGKGESAGyMEPYEAQRIMTEFQRQESVRS,Updated for maximal coverage,Q15464,SHB,SH2:408:504:IPR000980,SH2,GO:0001525-P:angiogenesis;  GO:0006915-P:apoptotic process;  GO:0042100-P:B cell proliferation;  GO:0071425-P:hematopoietic stem cell proliferation;  GO:1900194-P:negative regulation of oocyte maturation;  GO:0045931-P:positive regulation of mitotic cell cycle;  GO:0045624-P:positive regulation of T-helper cell differentiation;  GO:0007165-P:signal transduction;  GO:0050852-P:T cell receptor signaling pathway;  GO:0001784-F:phosphotyrosine residue binding;  GO:0030159-F:signaling receptor complex adaptor activity;  GO:0036464-C:cytoplasmic ribonucleoprotein granule;  GO:0005829-C:cytosol;  GO:0005654-C:nucleoplasm;  GO:0005886-C:plasma membrane,GKGESAGyMEPYEAQ,Y268,1,"Phosphotyrosine (1381, 1386, 1395, 1412, 1521, 1546, 1599, 1777, 1787, 1888)",,,"Mediates interaction with LAT, PTK2/FAK1, JAK1 and JAK3;Disordered",,,ENSE00003651206,binder,0.9109582144178188,,AGMEPY,AGMEPY,1.0,0.9109582144178187,confident binder
DEDQPW,Q15464,SHB,Y336,TVSPRLRESKLPQDDDRPADEyDQPWEWNRVTIPALAAQFNGN,1.4410751202217826,1.2922477050447867,1.184680344293421,1.31908530630867,1.0314263730208793,1.0115041757511436,UniProtKB,Q15464,TVSPRLRESKLPQDDDRPADEyDQPWEWNRVTIPALAAQFNGN,Updated for maximal coverage,Q15464,SHB,SH2:408:504:IPR000980,SH2,GO:0001525-P:angiogenesis;  GO:0006915-P:apoptotic process;  GO:0042100-P:B cell proliferation;  GO:0071425-P:hematopoietic stem cell proliferation;  GO:1900194-P:negative regulation of oocyte maturation;  GO:0045931-P:positive regulation of mitotic cell cycle;  GO:0045624-P:positive regulation of T-helper cell differentiation;  GO:0007165-P:signal transduction;  GO:0050852-P:T cell receptor signaling pathway;  GO:0001784-F:phosphotyrosine residue binding;  GO:0030159-F:signaling receptor complex adaptor activity;  GO:0036464-C:cytoplasmic ribonucleoprotein granule;  GO:0005829-C:cytosol;  GO:0005654-C:nucleoplasm;  GO:0005886-C:plasma membrane,DDRPADEyDQPWEWN,Y336,1,"Phosphotyrosine (1381, 1386, 1395, 1412, 1521, 1546, 1777, 1787, 1888)",,,"Mediates interaction with LAT, PTK2/FAK1, JAK1 and JAK3;Disordered",,,ENSE00003622398,binder,0.7278648580110907,,DEDQPW,DEDQPW,1.0,0.7278648580110907,confident binder
LDCGGS,Q15464,SHB,Y114,EDPYNGPGSSLRKLRAMCRLDyCGGSGEPGGVQRAFSASSASG,0.7001770369419915,0.6706488759976694,0.5884913169122437,1.1011328712361468,1.3817379966695016,1.3150348379719834,UniProtKB,Q15464,EDPYNGPGSSLRKLRAMCRLDyCGGSGEPGGVQRAFSASSASG,Updated for maximal coverage,Q15464,SHB,SH2:408:504:IPR000980,SH2,GO:0001525-P:angiogenesis;  GO:0006915-P:apoptotic process;  GO:0042100-P:B cell proliferation;  GO:0071425-P:hematopoietic stem cell proliferation;  GO:1900194-P:negative regulation of oocyte maturation;  GO:0045931-P:positive regulation of mitotic cell cycle;  GO:0045624-P:positive regulation of T-helper cell differentiation;  GO:0007165-P:signal transduction;  GO:0050852-P:T cell receptor signaling pathway;  GO:0001784-F:phosphotyrosine residue binding;  GO:0030159-F:signaling receptor complex adaptor activity;  GO:0036464-C:cytoplasmic ribonucleoprotein granule;  GO:0005829-C:cytosol;  GO:0005654-C:nucleoplasm;  GO:0005886-C:plasma membrane,RAMCRLDyCGGSGEP,Y114,1,"Phosphotyrosine (1381, 1386, 1395, 1412, 1521, 1546, 1777, 1787, 1888)",,,"Mediates interaction with LAT, PTK2/FAK1, JAK1 and JAK3",,,ENSE00001840732,nonbinder,0.0949707992202879,,LDCGGS,LDCGGS,0.0,0.09497079922028798,confident nonbinder
FPDV,gi|61743954,AHNAK,Y5089,MyFPDVEFDIK,3.3429033317539854,3.396247879385104,3.114472489814277,2.848914624485314,2.389584456774641,1.933954296134088,GI_number,Q09666,MyFPDVEFDIK,Updated for maximal coverage,Q09666,AHNAK,PDZ:9:90:IPR001478,PDZ,GO:1905686-P:positive regulation of plasma membrane repair;  GO:0043484-P:regulation of RNA splicing;  GO:1901385-P:regulation of voltage-gated calcium channel activity;  GO:0045296-F:cadherin binding;  GO:0042802-F:identical protein binding;  GO:0003723-F:RNA binding;  GO:0044548-F:S100 protein binding;  GO:0097493-F:structural molecule activity conferring elasticity;  GO:0015629-C:actin cytoskeleton;  GO:0044291-C:cell-cell contact zone;  GO:0043034-C:costamere;  GO:0005737-C:cytoplasm;  GO:0005829-C:cytosol;  GO:0070062-C:extracellular exosome;  GO:0005925-C:focal adhesion;  GO:0005765-C:lysosomal membrane;  GO:0016020-C:membrane;  GO:0005634-C:nucleus;  GO:0005886-C:plasma membrane;  GO:0098797-C:plasma membrane protein complex;  GO:0042383-C:sarcolemma;  GO:0030315-C:T-tubule;  GO:0031982-C:vesicle,KTMFGKMyFPDVEFD,Y5089,1,"Phosphotyrosine (1367, 1381, 1386, 1395, 1412, 1777, 1888)",,,,,,ENSE00001475929,nonbinder,0.2067936639436331,,KMFPDV,FPDV,,,
NGISAA,gi|5901912,CALM3,Y100,VFDKDGNGyISAAELR,0.8144574811566933,1.2308187097944183,1.2516040332478953,1.4894002282178864,1.3647844284456048,1.15879006254941,GI_number,P0DP25,VFDKDGNGyISAAELR,Updated for maximal coverage,P0DP25,CALM3,EF_hand_dom:8:79:IPR002048;EF_hand_dom:81:149:IPR002048,EF_hand_dom~EF_hand_dom,,FDKDGNGyISAAELR,Y100,1,"Phosphotyrosine (1886, 1888)",EF_hand_dom,IPR002048,Necessary and sufficient for interaction with PCP4,STRAND,,ENSE00003557822,binder,0.8161208479157696,,NGISAA,NGISAA,1.0,0.8161208479157696,confident binder
